employee_id,Grade,contract_type,date,project,hour_type,hours
EMP00030,Manager,Permanent,2024-01-01,Project Aurora,Non-Billable,96.7
EMP00140,Intern,Permanent,2024-01-01,Project Aurora,Billable,91.2
EMP00017,Analyst,Permanent,2024-01-01,Project Atlas,Non-Billable,167.0
EMP00098,Intern,Fixed-term,2024-01-01,Project Atlas,Billable,111.8
EMP00265,Intern,Permanent,2024-01-01,Project Zenith,Billable,47.6
EMP00105,Junior,Permanent,2024-01-01,Project Aurora,Billable,47.9
EMP00235,Analyst,Fixed-term,2024-01-01,Project Falcon,Billable,51.3
EMP00198,Senior Manager,Freelancer,2024-01-01,Project Atlas,Non-Billable,112.6
EMP00125,Senior Analyst,Fixed-term,2024-01-01,Project Titan,Non-Billable,122.3
EMP00312,Analyst,Fixed-term,2024-01-01,Project Atlas,Billable,106.4
EMP00169,Analyst,Fixed-term,2024-01-01,Project Falcon,Annual Leave,15.6
EMP00210,Director,Fixed-term,2024-01-01,Project Nova,Non-Billable,23.9
EMP00105,Junior,Permanent,2024-01-01,Project Aurora,Non-Billable,123.1
EMP00058,Manager,Freelancer,2024-01-01,Project Zenith,Billable,63.5
EMP00251,Director,Fixed-term,2024-01-01,Project Falcon,Billable,85.6
EMP00298,Junior,Freelancer,2024-01-01,Project Atlas,Billable,50.8
EMP00180,Analyst,Fixed-term,2024-01-01,Project Orion,Non-Billable,107.5
EMP00045,Analyst,Fixed-term,2024-01-01,Project Atlas,Non-Billable,93.2
EMP00337,Senior Manager,Permanent,2024-01-01,Project Falcon,Non-Billable,132.0
EMP00233,Junior,Permanent,2024-01-01,Project Orion,Non-Billable,116.7
EMP00102,Analyst,Contractor,2024-01-01,Project Vega,Non-Billable,99.5
EMP00094,Senior Analyst,Contractor,2024-01-01,Project Vega,Non-Billable,106.7
EMP00145,Junior,Permanent,2024-01-01,Project Atlas,Non-Billable,159.4
EMP00102,Analyst,Contractor,2024-01-01,Project Vega,Billable,34.7
EMP00184,Junior,Permanent,2024-01-01,Project Falcon,Annual Leave,39.9
EMP00055,Senior Manager,Fixed-term,2024-01-01,Project Atlas,Non-Billable,117.8
EMP00056,Analyst,Permanent,2024-01-01,Project Aurora,Billable,63.7
EMP00126,Senior Manager,Part-time,2024-01-01,Project Vega,Non-Billable,37.4
EMP00307,Analyst,Part-time,2024-01-01,Project Horizon,Billable,27.7
EMP00108,Junior,Permanent,2024-01-01,Project Titan,Billable,62.2
EMP00204,Junior,Permanent,2024-01-01,Project Zenith,Non-Billable,92.3
EMP00130,Junior,Permanent,2024-01-01,Project Nova,Billable,50.1
EMP00087,Analyst,Contractor,2024-01-01,Project Atlas,Billable,63.6
EMP00059,Manager,Fixed-term,2024-01-01,Project Titan,Billable,43.2
EMP00142,Analyst,Permanent,2024-01-01,Project Falcon,Billable,77.4
EMP00303,Senior Manager,Permanent,2024-01-01,Project Horizon,Non-Billable,113.2
EMP00134,Analyst,Permanent,2024-01-01,Project Orion,Non-Billable,128.0
EMP00264,Junior,Part-time,2024-01-01,Project Orion,Billable,41.8
EMP00131,Junior,Contractor,2024-01-01,Project Orion,Annual Leave,33.7
EMP00169,Analyst,Fixed-term,2024-01-01,Project Falcon,Non-Billable,65.0
EMP00195,Junior,Permanent,2024-01-01,Project Titan,Annual Leave,9.0
EMP00005,Intern,Permanent,2024-01-01,Project Zenith,Non-Billable,117.0
EMP00138,Senior Analyst,Part-time,2024-01-01,Project Vega,Non-Billable,45.3
EMP00320,Junior,Part-time,2024-01-01,Project Aurora,Non-Billable,58.8
EMP00029,Manager,Permanent,2024-01-01,Project Nimbus,Billable,47.0
EMP00080,Analyst,Part-time,2024-01-01,Project Nova,Billable,71.0
EMP00134,Analyst,Permanent,2024-01-01,Project Orion,Annual Leave,37.4
EMP00205,Manager,Permanent,2024-01-01,Project Atlas,Non-Billable,170.7
EMP00130,Junior,Permanent,2024-01-01,Project Nova,Non-Billable,130.6
EMP00022,Analyst,Permanent,2024-01-01,Project Orion,Non-Billable,108.8
EMP00146,Analyst,Permanent,2024-01-01,Project Aurora,Annual Leave,20.7
EMP00272,Senior Analyst,Contractor,2024-01-01,Project Zenith,Non-Billable,101.6
EMP00287,Senior Analyst,Contractor,2024-01-01,Project Aurora,Billable,51.5
EMP00210,Director,Fixed-term,2024-01-01,Project Nova,Billable,97.6
EMP00281,Analyst,Permanent,2024-01-01,Project Falcon,Billable,63.7
EMP00210,Director,Fixed-term,2024-01-01,Project Nova,Annual Leave,37.3
EMP00023,Junior,Permanent,2024-01-01,Project Aurora,Non-Billable,88.0
EMP00103,Director,Fixed-term,2024-01-01,Project Nova,Billable,115.9
EMP00096,Senior Analyst,Contractor,2024-01-01,Project Zenith,Billable,66.0
EMP00106,Intern,Contractor,2024-01-01,Project Nova,Non-Billable,100.2
EMP00106,Intern,Contractor,2024-01-01,Project Nova,Billable,46.6
EMP00173,Manager,Freelancer,2024-01-01,Project Aurora,Non-Billable,130.6
EMP00214,Senior Analyst,Freelancer,2024-01-01,Project Orion,Billable,47.6
EMP00330,Senior Analyst,Part-time,2024-01-01,Project Nimbus,Billable,24.2
EMP00332,Senior Analyst,Permanent,2024-01-01,Project Falcon,Non-Billable,83.6
EMP00150,Senior Manager,Fixed-term,2024-01-01,Project Atlas,Non-Billable,91.4
EMP00336,Manager,Freelancer,2024-01-01,Project Titan,Non-Billable,86.0
EMP00099,Analyst,Permanent,2024-01-01,Project Titan,Non-Billable,116.6
EMP00189,Senior Analyst,Part-time,2024-01-01,Project Nimbus,Billable,30.8
EMP00176,Senior Manager,Freelancer,2024-01-01,Project Nova,Billable,36.7
EMP00310,Senior Analyst,Fixed-term,2024-01-01,Project Atlas,Annual Leave,32.1
EMP00180,Analyst,Fixed-term,2024-01-01,Project Orion,Billable,65.2
EMP00186,Junior,Part-time,2024-01-01,Project Orion,Non-Billable,100.6
EMP00091,Senior Analyst,Permanent,2024-01-01,Project Nova,Billable,-56.6
EMP00289,Junior,Fixed-term,2024-01-01,Project Nova,Non-Billable,158.4
EMP00298,Junior,Freelancer,2024-01-01,Project Atlas,Non-Billable,79.8
EMP00061,Analyst,Permanent,2024-01-01,Project Horizon,Non-Billable,79.2
EMP00288,Junior,Permanent,2024-01-01,Project Zenith,Non-Billable,115.8
EMP00235,Analyst,Fixed-term,2024-01-01,Project Falcon,Non-Billable,112.5
EMP00104,Junior,Permanent,2024-01-01,Project Falcon,Billable,58.1
EMP00218,Analyst,Fixed-term,2024-01-01,Project Nimbus,Billable,48.1
EMP00215,Junior,Contractor,2024-01-01,Project Zenith,Billable,70.8
EMP00167,Junior,Permanent,2024-01-01,Project Nimbus,Non-Billable,172.4
EMP00162,Manager,Freelancer,2024-01-01,Project Orion,Non-Billable,136.4
EMP00022,Analyst,Permanent,2024-01-01,Project Orion,Billable,57.4
EMP00078,Analyst,Contractor,2024-01-01,Project Aurora,Non-Billable,102.3
EMP00301,Analyst,Freelancer,2024-01-01,Project Vega,Annual Leave,23.7
EMP00029,Manager,Permanent,2024-01-01,Project Nimbus,Non-Billable,111.3
EMP00174,Intern,Permanent,2024-01-01,Project Aurora,Billable,85.9
EMP00006,Analyst,Contractor,2024-01-01,Project Zenith,Non-Billable,78.8
EMP00201,Analyst,Permanent,2024-01-01,Project Falcon,Billable,60.8
EMP00084,Senior Manager,Contractor,2024-01-01,Project Falcon,Non-Billable,145.9
EMP00293,Manager,Fixed-term,2024-01-01,Project Aurora,Non-Billable,87.3
EMP00266,Manager,Fixed-term,2024-01-01,Project Orion,Billable,57.4
EMP00091,Senior Analyst,Permanent,2024-01-01,Project Nova,Non-Billable,116.5
EMP00285,Analyst,Fixed-term,2024-01-01,Project Aurora,Non-Billable,174.9
EMP00184,Junior,Permanent,2024-01-01,Project Falcon,Non-Billable,76.1
EMP00131,Junior,Contractor,2024-01-01,Project Orion,Non-Billable,68.9
EMP00190,Junior,Freelancer,2024-01-01,Project Horizon,Non-Billable,52.3
EMP00188,Analyst,Fixed-term,2024-01-01,Project Orion,Non-Billable,115.6
EMP00061,Analyst,Permanent,2024-01-01,Project Horizon,Billable,87.4
EMP00087,Analyst,Contractor,2024-01-01,Project Atlas,Non-Billable,75.8
EMP00132,Junior,Fixed-term,2024-01-01,Project Nimbus,Non-Billable,178.3
EMP00275,Junior,Part-time,2024-01-01,Project Atlas,Non-Billable,58.8
EMP00336,Manager,Freelancer,2024-01-01,Project Titan,Billable,46.1
EMP00140,Intern,Permanent,2024-01-01,Project Aurora,Non-Billable,90.3
EMP00225,Senior Analyst,Permanent,2024-01-01,Project Vega,Billable,67.2
EMP00317,Manager,Fixed-term,2024-01-01,Project Horizon,Billable,58.0
EMP00195,Junior,Permanent,2024-01-01,Project Titan,Non-Billable,124.6
EMP00263,Analyst,Part-time,2024-01-01,Project Zenith,Billable,40.7
EMP00021,Senior Analyst,Fixed-term,2024-01-01,Project Horizon,Billable,153.2
EMP00188,Analyst,Fixed-term,2024-01-01,Project Orion,Billable,55.1
EMP00273,Junior,Fixed-term,2024-01-01,Project Falcon,Annual Leave,30.4
EMP00214,Senior Analyst,Freelancer,2024-01-01,Project Orion,Non-Billable,84.7
EMP00263,Analyst,Part-time,2024-01-01,Project Zenith,Non-Billable,55.9
EMP00326,Manager,Permanent,2024-01-01,Project Falcon,Billable,69.1
EMP00025,Senior Analyst,Contractor,2024-01-01,Project Titan,Billable,84.0
EMP00148,Junior,Permanent,2024-01-01,Project Nova,Non-Billable,107.4
EMP00236,Analyst,Freelancer,2024-01-01,Project Zenith,Non-Billable,101.4
EMP00143,Analyst,Permanent,2024-01-01,Project Orion,Non-Billable,121.7
EMP00185,Junior,Part-time,2024-01-01,Project Horizon,Non-Billable,41.6
EMP00340,Analyst,Fixed-term,2024-01-01,Project Nova,Non-Billable,119.0
EMP00301,Analyst,Freelancer,2024-01-01,Project Vega,Billable,44.8
EMP00201,Analyst,Permanent,2024-01-01,Project Falcon,Non-Billable,110.9
EMP00194,Analyst,Freelancer,2024-01-01,Project Vega,Non-Billable,81.6
EMP00063,Junior,Permanent,2024-01-01,Project Falcon,Billable,71.3
EMP00213,Senior Analyst,Permanent,2024-01-01,Project Horizon,Non-Billable,97.4
EMP00281,Analyst,Permanent,2024-01-01,Project Falcon,Non-Billable,95.4
EMP00020,Senior Manager,Permanent,2024-01-01,Project Horizon,Billable,77.4
EMP00194,Analyst,Freelancer,2024-01-01,Project Vega,Annual Leave,20.6
EMP00064,Senior Analyst,Permanent,2024-01-01,Project Nimbus,Non-Billable,43.3
EMP00265,Intern,Permanent,2024-01-01,Project Zenith,Non-Billable,102.5
EMP00076,Intern,Permanent,2024-01-01,Project Titan,Billable,86.2
EMP00212,Junior,Fixed-term,2024-01-01,Project Vega,Annual Leave,38.9
EMP00287,Senior Analyst,Contractor,2024-01-01,Project Aurora,Non-Billable,85.2
EMP00223,Senior Manager,Permanent,2024-01-01,Project Titan,Non-Billable,51.0
EMP00257,Manager,Fixed-term,2024-01-01,Project Vega,Non-Billable,66.2
EMP00093,Analyst,Fixed-term,2024-01-01,Project Orion,Annual Leave,39.4
EMP00057,Intern,Part-time,2024-01-01,Project Nova,Non-Billable,97.7
EMP00155,Junior,Permanent,2024-01-01,Project Vega,Non-Billable,91.0
EMP00316,Analyst,Permanent,2024-01-01,Project Titan,Annual Leave,15.0
EMP00305,Junior,Permanent,2024-01-01,Project Nova,Non-Billable,165.8
EMP00272,Senior Analyst,Contractor,2024-01-01,Project Zenith,Billable,54.0
EMP00174,Intern,Permanent,2024-01-01,Project Aurora,Non-Billable,92.3
EMP00252,Intern,Part-time,2024-01-01,PROJECT TITAN,Non-Billable,100.7
EMP00189,Senior Analyst,Part-time,2024-01-01,Project Nimbus,Non-Billable,63.4
EMP00218,Analyst,Fixed-term,2024-01-01,Project Nimbus,Non-Billable,119.9
EMP00212,Junior,Fixed-term,2024-01-01,Project Vega,Non-Billable,77.2
EMP00080,Analyst,Part-time,2024-01-01,Project Nova,Non-Billable,26.0
EMP00284,Analyst,Permanent,2024-01-01,Project Falcon,Non-Billable,42.3
EMP00150,Senior Manager,Fixed-term,2024-01-01,Project Atlas,Billable,44.3
EMP00338,Intern,Contractor,2024-01-01,Project Nova,Billable,57.3
EMP00239,Analyst,Freelancer,2024-01-01,Project Vega,Annual Leave,12.1
EMP00078,Analyst,Contractor,2024-01-01,Project Aurora,Billable,54.7
EMP00099,Analyst,Permanent,2024-01-01,Project Titan,Billable,49.9
EMP00191,Intern,Freelancer,2024-01-01,Project Orion,Non-Billable,92.5
EMP00067,Manager,Part-time,2024-01-01,Project Vega,Non-Billable,93.2
EMP00012,Analyst,Fixed-term,2024-01-01,Project Nimbus,Non-Billable,104.7
EMP00338,Intern,Contractor,2024-01-01,Project Nova,Non-Billable,96.3
EMP00306,Junior,Permanent,2024-01-01,Project Vega,Non-Billable,166.3
EMP00254,Manager,Freelancer,2024-01-01,Project Orion,Non-Billable,-101.7
EMP00150,Senior Manager,Fixed-term,2024-01-01,Project Atlas,Annual Leave,31.7
EMP00196,Analyst,Part-time,2024-01-01,Project Orion,Billable,44.8
EMP00100,Junior,Freelancer,2024-01-01,,Non-Billable,127.5
EMP00215,Junior,Contractor,2024-01-01,Project Zenith,Non-Billable,94.5
EMP00213,Senior Analyst,Permanent,2024-01-01,Project Horizon,Billable,63.8
EMP00037,Analyst,Fixed-term,2024-01-01,Project Orion,Non-Billable,109.0
EMP00239,Analyst,Freelancer,2024-01-01,Project Vega,Billable,84.9
EMP00155,Junior,Permanent,2024-01-01,Project Vega,Billable,75.5
EMP00153,Analyst,Part-time,2024-01-01,Project Zenith,Non-Billable,64.1
EMP00321,Manager,Part-time,2024-01-01,Project Zenith,Non-Billable,61.1
EMP00303,Senior Manager,Permanent,2024-01-01,Project Horizon,Billable,48.2
EMP00037,Analyst,Fixed-term,2024-01-01,Project Orion,Billable,52.7
EMP00213,Senior Analyst,Permanent,2024-01-01,Project Horizon,Annual Leave,19.8
EMP00262,Analyst,Permanent,2024-01-01,Project Vega,Non-Billable,164.6
EMP00280,Manager,Permanent,2024-01-01,Project Orion,Non-Billable,159.9
EMP00126,Senior Manager,Part-time,2024-01-01,Project Vega,Billable,50.7
EMP00236,Analyst,Freelancer,2024-01-01,Project Zenith,Billable,40.1
EMP00041,Intern,Permanent,2024-01-01,Project Vega,Non-Billable,175.2
EMP00072,Senior Analyst,Permanent,2024-01-01,Project Titan,Non-Billable,152.7
EMP00117,Intern,Fixed-term,2024-01-01,Project Horizon,Non-Billable,96.6
EMP00307,Analyst,Part-time,2024-01-01,Project Horizon,Non-Billable,67.0
EMP00076,Intern,Permanent,2024-01-01,Project Titan,Non-Billable,92.4
EMP00171,Analyst,Permanent,2024-01-01,Project Zenith,Billable,55.1
EMP00250,Senior Manager,Fixed-term,2024-01-01,Project Zenith,Billable,36.8
EMP00146,Analyst,Permanent,2024-01-01,Project Aurora,Billable,94.9
EMP00326,Manager,Permanent,2024-01-01,Project Falcon,Non-Billable,118.6
EMP00257,Manager,Fixed-term,2024-01-01,Project Vega,Billable,74.6
EMP00200,Senior Manager,Fixed-term,2024-01-01,Project Vega,Billable,75.5
EMP00225,Senior Analyst,Permanent,2024-01-01,Project Vega,Non-Billable,86.5
EMP00200,Senior Manager,Fixed-term,2024-01-01,Project Vega,Non-Billable,95.2
EMP00045,Analyst,Fixed-term,2024-01-01,Project Atlas,Billable,84.4
EMP00291,Analyst,Fixed-term,2024-01-01,Project Horizon,Billable,50.9
EMP00266,Manager,Fixed-term,2024-01-01,Project Orion,Non-Billable,114.3
EMP00250,Senior Manager,Fixed-term,2024-01-01,Project Zenith,Non-Billable,97.1
EMP00331,Senior Analyst,Permanent,2024-01-01,Project Aurora,Non-Billable,111.5
EMP00033,Director,Fixed-term,2024-01-01,Project Horizon,Non-Billable,90.5
EMP00297,Junior,Permanent,2024-01-01,Project Vega,Non-Billable,80.4
EMP00082,Analyst,Permanent,2024-01-01,Project Nimbus,Non-Billable,169.6
EMP00093,Analyst,Fixed-term,2024-01-01,Project Orion,Billable,58.1
EMP00251,Director,Fixed-term,2024-01-01,Project Falcon,Non-Billable,83.1
EMP00246,Manager,Part-time,2024-01-01,Project Zenith,Non-Billable,31.1
EMP00139,Intern,Permanent,2024-01-01,Project Titan,Non-Billable,176.0
EMP00330,Senior Analyst,Part-time,2024-01-01,Project Nimbus,Non-Billable,65.2
EMP00202,Junior,Permanent,2024-01-01,Project Atlas,Billable,78.3
EMP00247,Junior,Fixed-term,2024-01-01,Project Titan,Non-Billable,113.1
EMP00268,Senior Analyst,Permanent,2024-01-01,Project Horizon,Billable,41.5
EMP00113,Analyst,Permanent,2024-01-01,Project Atlas,Non-Billable,167.1
EMP00077,Senior Analyst,Fixed-term,2024-01-01,Project Horizon,Annual Leave,9.1
EMP00011,Executive,Permanent,2024-01-01,Project Falcon,Non-Billable,84.6
EMP00211,Manager,Fixed-term,2024-01-01,Project Orion,Non-Billable,110.3
EMP00211,Manager,Fixed-term,2024-01-01,Project Orion,Billable,56.2
EMP00093,Analyst,Fixed-term,2024-01-01,Project Orion,Non-Billable,82.0
EMP00286,Analyst,Fixed-term,2024-01-01,Project Nimbus,Annual Leave,39.5
EMP00256,Manager,Part-time,2024-01-01,Project Atlas,Non-Billable,100.7
EMP00335,Senior Analyst,Permanent,2024-01-01,Project Falcon,Billable,78.1
EMP00049,Senior Manager,Fixed-term,2024-01-01,Project Vega,Annual Leave,18.2
EMP00006,Analyst,Contractor,2024-01-01,Project Zenith,Annual Leave,18.6
EMP00168,Junior,Permanent,2024-01-01,Project Atlas,Non-Billable,157.0
EMP00284,Analyst,Permanent,2024-01-01,Project Falcon,Billable,112.4
EMP00049,Senior Manager,Fixed-term,2024-01-01,Project Vega,Non-Billable,40.0
EMP00050,Manager,Freelancer,2024-01-01,Project Vega,Non-Billable,125.4
EMP00317,Manager,Fixed-term,2024-01-01,Project Horizon,Non-Billable,119.3
EMP00146,Analyst,Permanent,2024-01-01,Project Aurora,Non-Billable,52.6
EMP00096,Senior Analyst,Contractor,2024-01-01,Project Zenith,Non-Billable,71.9
EMP00294,Senior Manager,Permanent,2024-01-01,Project Nova,Billable,101.9
EMP00291,Analyst,Fixed-term,2024-01-01,Project Horizon,Non-Billable,111.6
EMP00194,Analyst,Freelancer,2024-01-01,Project Vega,Billable,39.8
EMP00254,Manager,Freelancer,2024-01-01,Project Orion,Billable,39.4
EMP00101,Manager,Permanent,2024-01-01,Project Zenith,Non-Billable,151.6
EMP00171,Analyst,Permanent,2024-01-01,Project Zenith,Annual Leave,27.8
EMP00058,Manager,Freelancer,2024-01-01,Project Zenith,Non-Billable,71.1
EMP00157,Junior,Permanent,2024-01-01,Project Atlas,Billable,62.9
EMP00142,Analyst,Permanent,2024-01-01,Project Falcon,Non-Billable,91.7
EMP00310,Senior Analyst,Fixed-term,2024-01-01,Project Atlas,Non-Billable,132.6
EMP00335,Senior Analyst,Permanent,2024-01-01,Project Falcon,Non-Billable,89.3
EMP00339,Manager,Contractor,2024-01-01,Project Nova,Non-Billable,125.4
EMP00034,Senior Manager,Permanent,2024-01-01,Project Atlas,Non-Billable,161.9
EMP00143,Analyst,Permanent,2024-01-01,Project Orion,Billable,48.7
EMP00031,Manager,Contractor,2024-01-01,Project Nimbus,Billable,65.4
EMP00273,Junior,Fixed-term,2024-01-01,Project Falcon,Non-Billable,35.4
EMP00195,Junior,Permanent,2024-01-01,Project Titan,Billable,47.5
EMP00332,Senior Analyst,Permanent,2024-01-01,Project Falcon,Billable,81.4
EMP00231,Intern,Fixed-term,2024-01-01,Project Atlas,Billable,60.0
EMP00247,Junior,Fixed-term,2024-01-01,Project Titan,Billable,68.2
EMP00191,Intern,Freelancer,2024-01-01,Project Orion,Billable,46.8
EMP00171,Analyst,Permanent,2024-01-01,Project Zenith,Non-Billable,88.3
EMP00098,Intern,Fixed-term,2024-01-01,Project Atlas,Non-Billable,50.8
EMP00125,Senior Analyst,Fixed-term,2024-01-01,Project Titan,Billable,46.0
EMP00097,Analyst,Freelancer,2024-01-01,Project Atlas,Billable,50.8
EMP00288,Junior,Permanent,2024-01-01,Project Zenith,Billable,45.7
EMP00028,Analyst,Permanent,2024-01-01,Project Vega,Non-Billable,171.4
EMP00242,Intern,Permanent,2024-01-01,Project Nova,Billable,51.1
EMP00275,Junior,Part-time,2024-01-01,Project Atlas,Billable,45.0
EMP00268,Senior Analyst,Permanent,2024-01-01,Project Horizon,Non-Billable,125.0
EMP00117,Intern,Fixed-term,2024-01-01,Project Horizon,Billable,65.8
EMP00297,Junior,Permanent,2024-01-01,Project Vega,Annual Leave,32.1
EMP00011,Executive,Permanent,2024-01-01,Project Falcon,Billable,73.2
EMP00013,Analyst,Part-time,2024-01-01,Project Atlas,Billable,54.4
EMP00257,Manager,Fixed-term,2024-01-01,Project Vega,Annual Leave,26.5
EMP00006,Analyst,Contractor,2024-01-01,Project Zenith,Billable,59.7
EMP00059,Manager,Fixed-term,2024-01-01,Project Titan,Non-Billable,130.7
EMP00244,Senior Analyst,Permanent,2024-01-01,Project Nimbus,Non-Billable,50.3
EMP00030,Manager,Permanent,2024-01-01,Project Aurora,Billable,58.0
EMP00331,Senior Analyst,Permanent,2024-01-01,Project Aurora,Billable,51.6
EMP00043,Intern,Contractor,2024-01-01,Project Falcon,Billable,70.4
EMP00128,Manager,Fixed-term,2024-01-01,Project Vega,Non-Billable,87.3
EMP00246,Manager,Part-time,2024-01-01,Project Zenith,Billable,64.2
EMP00070,Junior,Permanent,2024-01-01,Project Nimbus,Non-Billable,106.0
EMP00172,Senior Analyst,Part-time,2024-01-01,Project Zenith,Annual Leave,9.2
EMP00003,Intern,Freelancer,2024-01-01,Project Zenith,Billable,51.6
EMP00036,Senior Manager,Permanent,2024-01-01,Project Nimbus,Billable,82.3
EMP00074,Junior,Permanent,2024-01-01,Project Horizon,Billable,67.5
EMP00180,Analyst,Fixed-term,2024-01-01,Project Orion,Annual Leave,12.0
EMP00169,Analyst,Fixed-term,2024-01-01,Project Falcon,Billable,62.9
EMP00318,Junior,Contractor,2024-01-01,Project Nimbus,Non-Billable,147.9
EMP00204,Junior,Permanent,2024-01-01,Project Zenith,Billable,85.4
EMP00184,Junior,Permanent,2024-01-01,Project Falcon,Billable,52.9
EMP00164,Junior,Contractor,2024-01-01,Project Nova,Non-Billable,154.1
EMP00013,Analyst,Part-time,2024-01-01,Project Atlas,Non-Billable,47.6
EMP00012,Analyst,Fixed-term,2024-01-01,Project Nimbus,Annual Leave,24.3
EMP00180,Analyst,Fixed-term,2024-01-01,Project Orion,Non-Billable,107.5
EMP00185,Junior,Part-time,2024-01-01,Project Horizon,Billable,46.0
EMP00097,Analyst,Freelancer,2024-01-01,Project Atlas,Non-Billable,86.6
EMP00056,Analyst,Permanent,2024-01-01,Project Aurora,Non-Billable,103.9
EMP00339,Manager,Contractor,2024-01-01,Project Nova,Annual Leave,18.6
EMP00231,Intern,Fixed-term,2024-01-01,Project Atlas,Non-Billable,108.6
EMP00049,Senior Manager,Fixed-term,2024-01-01,Project Vega,Billable,107.1
EMP00324,Junior,Permanent,2024-01-01,Project Falcon,Billable,46.3
EMP00094,Senior Analyst,Contractor,2024-01-01,Project Vega,Billable,50.3
EMP00206,Senior Analyst,Part-time,2024-01-01,Project Nimbus,Billable,34.3
EMP00128,Manager,Fixed-term,2024-01-01,Project Vega,Billable,75.0
EMP00223,Senior Manager,Permanent,2024-01-01,Project Titan,Billable,119.5
EMP00086,Senior Analyst,Part-time,2024-01-01,Project Falcon,Non-Billable,65.4
EMP00110,Junior,Part-time,2024-01-01,Project Horizon,Non-Billable,54.9
EMP00264,Junior,Part-time,2024-01-01,Project Orion,Non-Billable,56.1
EMP00244,Senior Analyst,Permanent,2024-01-01,Project Nimbus,Billable,111.9
EMP00337,Senior Manager,Permanent,2024-01-01,Project Falcon,Annual Leave,35.0
EMP00239,Analyst,Freelancer,2024-01-01,Project Vega,Non-Billable,37.8
EMP00202,Junior,Permanent,2024-01-01,Project Atlas,Non-Billable,94.0
EMP00163,Senior Analyst,Part-time,2024-01-01,Project Aurora,Non-Billable,107.1
EMP00321,Manager,Part-time,2024-01-01,Project Zenith,Billable,40.9
EMP00224,Senior Manager,Fixed-term,2024-01-01,Project Falcon,Non-Billable,172.4
EMP00108,Junior,Permanent,2024-01-01,Project Titan,Billable,62.2
EMP00176,Senior Manager,Freelancer,2024-01-01,,Maternity Leave,29.9
EMP00316,Analyst,Permanent,2024-01-01,Project Titan,Non-Billable,161.1
EMP00273,Junior,Fixed-term,2024-01-01,Project Falcon,Billable,104.3
EMP00104,Junior,Permanent,2024-01-01,Project Falcon,Non-Billable,103.1
EMP00157,Junior,Permanent,2024-01-01,Project Atlas,Non-Billable,99.1
EMP00020,Senior Manager,Permanent,2024-01-01,Project Horizon,Non-Billable,90.1
EMP00153,Analyst,Part-time,2024-01-01,Project Zenith,Billable,29.3
EMP00250,Senior Manager,Fixed-term,2024-01-01,,Maternity Leave,34.1
EMP00031,Manager,Contractor,2024-01-01,Project Nimbus,Non-Billable,81.0
EMP00271,Senior Analyst,Permanent,2024-01-01,Project Aurora,Non-Billable,158.2
EMP00102,Analyst,Contractor,2024-01-01,Project Vega,Annual Leave,23.1
EMP00242,Intern,Permanent,2024-01-01,Project Nova,Non-Billable,106.1
EMP00206,Senior Analyst,Part-time,2024-01-01,Project Nimbus,Non-Billable,67.2
EMP00340,Analyst,Fixed-term,2024-01-01,Project Nova,Billable,50.7
EMP00063,Junior,Permanent,2024-01-01,Project Falcon,Non-Billable,96.3
EMP00131,Junior,Contractor,2024-01-01,Project Orion,Billable,62.1
EMP00212,Junior,Fixed-term,2024-01-01,Project Vega,Billable,56.4
EMP00064,Senior Analyst,Permanent,2024-01-01,Project Nimbus,Billable,131.7
EMP00320,Junior,Part-time,2024-01-01,Project Aurora,Billable,33.3
EMP00103,Director,Fixed-term,2024-01-01,Project Nova,Non-Billable,32.1
EMP00293,Manager,Fixed-term,2024-01-01,Project Aurora,Billable,58.8
EMP00036,Senior Manager,Permanent,2024-01-01,Project Nimbus,Non-Billable,81.6
EMP00070,Junior,Permanent,2024-01-01,Project Nimbus,Billable,66.5
EMP00012,Analyst,Fixed-term,2024-01-01,Project Nimbus,Billable,45.5
EMP00286,Analyst,Fixed-term,2024-01-01,Project Nimbus,Billable,62.4
EMP00065,Director,Fixed-term,2024-01-01,Project Aurora,Non-Billable,178.8
EMP00301,Analyst,Freelancer,2024-01-01,Project Vega,Non-Billable,68.2
EMP00086,Senior Analyst,Part-time,2024-01-01,Project Falcon,Billable,27.4
EMP00005,Intern,Permanent,2024-01-01,Project Zenith,Billable,46.3
EMP00172,Senior Analyst,Part-time,2024-01-01,Project Zenith,Non-Billable,97.7
EMP00176,Senior Manager,Freelancer,2024-01-01,Project Nova,Non-Billable,75.2
EMP00297,Junior,Permanent,2024-01-01,Project Vega,Billable,49.0
EMP00233,Junior,Permanent,2024-01-01,Project Orion,Billable,44.3
EMP00023,Junior,Permanent,2024-01-01,Project Aurora,Billable,79.4
EMP00196,Analyst,Part-time,2024-01-01,Project Orion,Non-Billable,47.9
EMP00103,Director,Fixed-term,2024-01-01,Project Nova,Annual Leave,23.3
EMP00025,Senior Analyst,Contractor,2024-01-01,Project Titan,Non-Billable,72.5
EMP00311,Analyst,Permanent,2024-01-01,Project Nimbus,Non-Billable,174.4
EMP00032,Manager,Contractor,2024-01-01,Project Atlas,Non-Billable,171.3
EMP00108,Junior,Permanent,2024-01-01,Project Titan,Non-Billable,111.6
EMP00110,Junior,Part-time,2024-01-01,Project Horizon,Billable,42.6
EMP00021,Senior Analyst,Fixed-term,2024-01-01,Project Horizon,Non-Billable,33.8
EMP00322,Senior Analyst,Part-time,2024-01-01,Project Vega,Non-Billable,64.5
EMP00074,Junior,Permanent,2024-01-01,Project Horizon,Non-Billable,89.6
EMP00286,Analyst,Fixed-term,2024-01-01,Project Nimbus,Non-Billable,67.8
EMP00138,Senior Analyst,Part-time,2024-01-01,Project Vega,Billable,49.6
EMP00294,Senior Manager,Permanent,2024-01-01,Project Nova,Non-Billable,78.4
EMP00148,Junior,Permanent,2024-01-01,Project Nova,Billable,78.9
EMP00055,Senior Manager,Fixed-term,2024-01-01,Project Atlas,Billable,68.8
EMP00322,Senior Analyst,Part-time,2024-01-01,Project Vega,Billable,29.4
EMP00043,Intern,Contractor,2024-01-01,Project Falcon,Non-Billable,89.0
EMP00324,Junior,Permanent,2024-01-01,Project Falcon,Non-Billable,114.1
EMP00312,Analyst,Fixed-term,2024-01-01,Project Atlas,Non-Billable,58.1
EMP00033,Director,Fixed-term,2024-01-01,Project Horizon,Billable,82.1
EMP00190,Junior,Freelancer,2024-01-01,Project Horizon,Billable,83.1
EMP00198,Senior Manager,Freelancer,2024-01-01,Project Atlas,Annual Leave,19.3
EMP00003,Intern,Freelancer,2024-01-01,Project Zenith,Non-Billable,68.0
EMP00077,Senior Analyst,Fixed-term,2024-01-01,Project Horizon,Non-Billable,169.5
EMP00037,Analyst,Fixed-term,2024-02-01,Project Orion,Non-Billable,109.4
EMP00148,Junior,Permanent,2024-02-01,Project Nova,Annual Leave,17.7
EMP00097,Analyst,Freelancer,2024-02-01,Project Atlas,Billable,41.4
EMP00098,Intern,Fixed-term,2024-02-01,Project Atlas,Non-Billable,56.1
EMP00162,Manager,Freelancer,2024-02-01,Project Orion,Non-Billable,140.3
EMP00287,Senior Analyst,Contractor,2024-02-01,Project Aurora,Billable,59.8
EMP00239,Analyst,Freelancer,2024-02-01,Project Vega,Non-Billable,35.9
EMP00293,Manager,Fixed-term,2024-02-01,Project Aurora,Billable,93.1
EMP00331,Senior Analyst,Permanent,2024-02-01,Project Aurora,Annual Leave,27.3
EMP00049,Senior Manager,Fixed-term,2024-02-01,Project Vega,Non-Billable,43.6
EMP00273,Junior,Fixed-term,2024-02-01,Project Falcon,Non-Billable,34.0
EMP00176,Senior Manager,Freelancer,2024-02-01,Project Nova,Non-Billable,99.5
EMP00090,Director,Permanent,2024-02-01,Project Nova,Annual Leave,25.9
EMP00254,Manager,Freelancer,2024-02-01,Project Orion,Billable,33.5
EMP00275,Junior,Part-time,2024-02-01,Project Atlas,Billable,36.6
EMP00233,Junior,Permanent,2024-02-01,Project Orion,Billable,48.2
EMP00032,Manager,Contractor,2024-02-01,Project Atlas,Non-Billable,168.9
EMP00146,Analyst,Permanent,2024-02-01,Project Aurora,Non-Billable,51.2
EMP00065,Director,Fixed-term,2024-02-01,Project Aurora,Non-Billable,174.9
EMP00189,Senior Analyst,Part-time,2024-02-01,Project Nimbus,Billable,32.9
EMP00339,Manager,Contractor,2024-02-01,Project Nova,Non-Billable,131.7
EMP00289,Junior,Fixed-term,2024-02-01,Project Nova,Non-Billable,166.3
EMP00332,Senior Analyst,Permanent,2024-02-01,Project Falcon,Non-Billable,89.2
EMP00103,Director,Fixed-term,2024-02-01,Project Nova,Non-Billable,57.1
EMP00029,Manager,Permanent,2024-02-01,Project Nimbus,Non-Billable,121.0
EMP00153,Analyst,Part-time,2024-02-01,Project Zenith,Billable,34.4
EMP00225,Senior Analyst,Permanent,2024-02-01,Project Vega,Non-Billable,88.2
EMP00074,Junior,Permanent,2024-02-01,Project Horizon,Non-Billable,86.7
EMP00246,Manager,Part-time,2024-02-01,Project Zenith,Annual Leave,33.6
EMP00335,Senior Analyst,Permanent,2024-02-01,Project Falcon,Non-Billable,71.1
EMP00057,Intern,Part-time,2024-02-01,Project Nova,Non-Billable,90.9
EMP00005,Intern,Permanent,2024-02-01,Project Zenith,Non-Billable,122.7
EMP00200,Senior Manager,Fixed-term,2024-02-01,Project Vega,Annual Leave,28.7
EMP00139,Intern,Permanent,2024-02-01,Project Titan,Non-Billable,185.7
EMP00320,Junior,Part-time,2024-02-01,Project Aurora,Billable,39.0
EMP00113,Analyst,Permanent,2024-02-01,Project Atlas,Non-Billable,173.8
EMP00143,Analyst,Permanent,2024-02-01,Project Orion,Annual Leave,27.9
EMP00146,Analyst,Permanent,2024-02-01,Project Aurora,Billable,118.2
EMP00136,Senior Analyst,Fixed-term,2024-02-01,Project Orion,Non-Billable,178.1
EMP00250,Senior Manager,Fixed-term,2024-02-01,Project Zenith,Non-Billable,116.5
EMP00198,Senior Manager,Freelancer,2024-02-01,Project Atlas,Annual Leave,33.6
EMP00266,Manager,Fixed-term,2024-02-01,Project Orion,Non-Billable,112.8
EMP00340,Analyst,Fixed-term,2024-02-01,Project Nova,Non-Billable,110.5
EMP00132,Junior,Fixed-term,2024-02-01,Project Nimbus,Non-Billable,152.5
EMP00205,Manager,Permanent,2024-02-01,Project Atlas,Non-Billable,183.8
EMP00074,Junior,Permanent,2024-02-01,Project Horizon,Annual Leave,21.5
EMP00140,Intern,Permanent,2024-02-01,Project Aurora,Billable,95.4
EMP00017,Analyst,Permanent,2024-02-01,Project Atlas,Non-Billable,164.9
EMP00281,Analyst,Permanent,2024-02-01,Project Falcon,Billable,49.1
EMP00013,Analyst,Part-time,2024-02-01,Project Atlas,Billable,42.7
EMP00284,Analyst,Permanent,2024-02-01,Project Falcon,Billable,104.2
EMP00169,Analyst,Fixed-term,2024-02-01,Project Falcon,Non-Billable,89.3
EMP00285,Analyst,Fixed-term,2024-02-01,Project Aurora,Non-Billable,164.2
EMP00110,Junior,Part-time,2024-02-01,Project Horizon,Non-Billable,56.0
EMP00124,Analyst,Permanent,2024-02-01,Project Atlas,Non-Billable,84.4
EMP00150,Senior Manager,Fixed-term,2024-02-01,Project Atlas,Non-Billable,104.0
EMP00231,Intern,Fixed-term,2024-02-01,Project Atlas,Non-Billable,135.4
EMP00339,Manager,Contractor,2024-02-01,Project Nova,Annual Leave,22.3
EMP00028,Analyst,Permanent,2024-02-01,Project Vega,Non-Billable,183.7
EMP00338,Intern,Contractor,2024-02-01,Project Nova,Non-Billable,78.2
EMP00091,Senior Analyst,Permanent,2024-02-01,Project Nova,Billable,43.5
EMP00021,Senior Analyst,Fixed-term,2024-02-01,Project Horizon,Billable,101.8
EMP00196,Analyst,Part-time,2024-02-01,Project Orion,Billable,34.3
EMP00211,Manager,Fixed-term,2024-02-01,Project Orion,Billable,81.6
EMP00074,Junior,Permanent,2024-02-01,Project Horizon,Billable,58.6
EMP00125,Senior Analyst,Fixed-term,2024-02-01,Project Titan,Non-Billable,129.3
EMP00185,Junior,Part-time,2024-02-01,Project Horizon,Non-Billable,42.9
EMP00291,Analyst,Fixed-term,2024-02-01,Project Horizon,Non-Billable,105.5
EMP00184,Junior,Permanent,2024-02-01,Project Falcon,Billable,49.9
EMP00174,Intern,Permanent,2024-02-01,Project Aurora,Non-Billable,76.0
EMP00263,Analyst,Part-time,2024-02-01,Project Zenith,Billable,34.5
EMP00078,Analyst,Contractor,2024-02-01,Project Aurora,Billable,72.3
EMP00288,Junior,Permanent,2024-02-01,Project Zenith,Non-Billable,124.9
EMP00246,Manager,Part-time,2024-02-01,Project Zenith,Billable,43.1
EMP00311,Analyst,Permanent,2024-02-01,Project Nimbus,Non-Billable,160.3
EMP00180,Analyst,Fixed-term,2024-02-01,Project Orion,Annual Leave,22.5
EMP00005,Intern,Permanent,2024-02-01,Project Zenith,Billable,56.1
EMP00108,Junior,Permanent,2024-02-01,Project Titan,Non-Billable,93.4
EMP00301,Analyst,Freelancer,2024-02-01,Project Vega ,Non-Billable,89.0
EMP00058,Manager,Freelancer,2024-02-01,Project Zenith,Non-Billable,78.9
EMP00030,Manager,Permanent,2024-02-01,Project Aurora,Billable,66.4
EMP00326,Manager,Permanent,2024-02-01,Project Falcon,Billable,55.8
EMP00331,Senior Analyst,Permanent,2024-02-01,Project Aurora,Non-Billable,100.7
EMP00272,Senior Analyst,Contractor,2024-02-01,Project Zenith,Non-Billable,73.4
EMP00322,Senior Analyst,Part-time,2024-02-01,Project Vega,Non-Billable,55.3
EMP00097,Analyst,Freelancer,2024-02-01,Project Atlas,Non-Billable,88.0
EMP00036,Senior Manager,Permanent,2024-02-01,Project Nimbus,Billable,77.5
EMP00059,Manager,Fixed-term,2024-02-01,Project Titan,Billable,44.6
EMP00312,Analyst,Fixed-term,2024-02-01,Project Atlas,Billable,117.0
EMP00235,Analyst,Fixed-term,2024-02-01,Project Falcon,Non-Billable,101.9
EMP00099,Analyst,Permanent,2024-02-01,Project Titan,Non-Billable,116.9
EMP00021,Senior Analyst,Fixed-term,2024-02-01,Project Horizon,Annual Leave,17.7
EMP00186,Junior,Part-time,2024-02-01,Project Orion,Non-Billable,98.1
EMP00036,Senior Manager,Permanent,2024-02-01,Project Nimbus,Non-Billable,97.7
EMP00164,Junior,Contractor,2024-02-01,Project Nova,Non-Billable,147.0
EMP00082,Analyst,Permanent,2024-02-01,Project Nimbus,Non-Billable,166.9
EMP00104,Junior,Permanent,2024-02-01,Project Falcon,Billable,57.1
EMP00125,Senior Analyst,Fixed-term,2024-02-01,Project Titan,Billable,55.3
EMP00063,Junior,Permanent,2024-02-01,Project Falcon,Non-Billable,88.1
EMP00297,Junior,Permanent,2024-02-01,Project Vega,Billable,56.7
EMP00070,Junior,Permanent,2024-02-01,Project Nimbus,Non-Billable,115.6
EMP00090,Director,Permanent,2024-02-01,Project Nova,Billable,53.6
EMP00084,Senior Manager,Contractor,2024-02-01,Project Falcon,Non-Billable,144.0
EMP00206,Senior Analyst,Part-time,2024-02-01,Project Nimbus,Billable,21.6
EMP00336,Manager,Freelancer,2024-02-01,Project Titan,Non-Billable,85.5
EMP00200,Senior Manager,Fixed-term,2024-02-01,Project Vega ,Billable,58.7
EMP00200,Senior Manager,Fixed-term,2024-02-01,Project Vega,Non-Billable,87.3
EMP00235,Analyst,Fixed-term,2024-02-01,Project Falcon,Billable,40.2
EMP00006,Analyst,Contractor,2024-02-01,Project Zenith,Billable,61.5
EMP00204,Junior,Permanent,2024-02-01,Project Zenith,Billable,73.0
EMP00163,Senior Analyst,Part-time,2024-02-01,Project Aurora,Non-Billable,98.4
EMP00143,Analyst,Permanent,2024-02-01,Project Orion,Non-Billable,102.5
EMP00236,Analyst,Freelancer,2024-02-01,Project Zenith,Annual Leave,35.2
EMP00033,Director,Fixed-term,2024-02-01,Project Horizon,Non-Billable,96.6
EMP00138,Senior Analyst,Part-time,2024-02-01,Project Vega,Billable,26.6
EMP00043,Intern,Contractor,2024-02-01,Project Falcon,Non-Billable,82.7
EMP00212,Junior,Fixed-term,2024-02-01,Project Vega,Non-Billable,102.0
EMP00335,Senior Analyst,Permanent,2024-02-01,Project Falcon,Billable,65.8
EMP00064,Senior Analyst,Permanent,2024-02-01,Project Nimbus,Billable,153.1
EMP00224,Senior Manager,Fixed-term,2024-02-01,Project Falcon,Non-Billable,177.4
EMP00063,Junior,Permanent,2024-02-01,Project Falcon,Billable,70.4
EMP00266,Manager,Fixed-term,2024-02-01,Project Orion,Billable,65.4
EMP00150,Senior Manager,Fixed-term,2024-02-01,Project Atlas,Billable,53.9
EMP00140,Intern,Permanent,2024-02-01,PROJECT AURORA,Non-Billable,76.6
EMP00273,Junior,Fixed-term,2024-02-01,Project Falcon,Billable,139.9
EMP00058,Manager,Freelancer,2024-02-01,Project Zenith,Billable,52.0
EMP00298,Junior,Freelancer,2024-02-01,Project Atlas,Billable,49.8
EMP00250,Senior Manager,Fixed-term,2024-02-01,Project Zenith,Billable,47.8
EMP00271,Senior Analyst,Permanent,2024-02-01,Project Aurora,Non-Billable,160.7
EMP00252,Intern,Part-time,2024-02-01,Project Titan,Non-Billable,96.1
EMP00244,Senior Analyst,Permanent,2024-02-01,Project Nimbus,Non-Billable,63.8
EMP00301,Analyst,Freelancer,2024-02-01,Project Vega,Billable,48.8
EMP00094,Senior Analyst,Contractor,2024-02-01,Project Vega,Billable,59.1
EMP00280,Manager,Permanent,2024-02-01,Project Orion,Non-Billable,137.5
EMP00247,Junior,Fixed-term,2024-02-01,Project Titan,Non-Billable,110.3
EMP00264,Junior,Part-time,2024-02-01,Project Orion,Non-Billable,62.6
EMP00223,Senior Manager,Permanent,2024-02-01,Project Titan,Billable,106.3
EMP00191,Intern,Freelancer,2024-02-01,Project Orion,Billable,52.0
EMP00072,Senior Analyst,Permanent,2024-02-01,Project Titan,Non-Billable,174.1
EMP00078,Analyst,Contractor,2024-02-01,Project Aurora,Non-Billable,88.9
EMP00330,Senior Analyst,Part-time,2024-02-01,Project Nimbus,Non-Billable,69.3
EMP00244,Senior Analyst,Permanent,2024-02-01,Project Nimbus,Billable,94.3
EMP00020,Senior Manager,Permanent,2024-02-01, Project Horizon,Billable,68.8
EMP00080,Analyst,Part-time,2024-02-01,Project Nova,Billable,43.9
EMP00213,Senior Analyst,Permanent,2024-02-01,Project Horizon,Non-Billable,106.7
EMP00096,Senior Analyst,Contractor,2024-02-01,Project Zenith,Non-Billable,89.4
EMP00168,Junior,Permanent,2024-02-01,Project Atlas,Non-Billable,175.1
EMP00077,Senior Analyst,Fixed-term,2024-02-01,Project Horizon,Non-Billable,160.5
EMP00012,Analyst,Fixed-term,2024-02-01,Project Nimbus,Billable,47.8
EMP00103,Director,Fixed-term,2024-02-01,Project Nova,Billable,112.0
EMP00102,Analyst,Contractor,2024-02-01,Project Vega,Billable,37.6
EMP00210,Director,Fixed-term,2024-02-01,Project Nova,Billable,144.8
EMP00106,Intern,Contractor,2024-02-01,Project Nova,Billable,46.9
EMP00124,Analyst,Permanent,2024-02-01,Project Atlas,Billable,82.9
EMP00138,Senior Analyst,Part-time,2024-02-01,Project Vega,Non-Billable,35.4
EMP00102,Analyst,Contractor,2024-02-01,Project Vega,Annual Leave,32.3
EMP00061,Analyst,Permanent,2024-02-01,Project Horizon,Billable,85.1
EMP00280,Manager,Permanent,2024-02-01,Project Orion,Annual Leave,29.0
EMP00126,Senior Manager,Part-time,2024-02-01,Project Vega,Non-Billable,55.3
EMP00031,Manager,Contractor,2024-02-01,Project Nimbus,Billable,60.2
EMP00087,Analyst,Contractor,2024-02-01,Project Atlas,Non-Billable,60.8
EMP00180,Analyst,Fixed-term,2024-02-01,Project Orion,Billable,57.0
EMP00096,Senior Analyst,Contractor,2024-02-01,Project Zenith,Billable,62.3
EMP00076,Intern,Permanent,2024-02-01,Project Titan,Non-Billable,106.2
EMP00223,Senior Manager,Permanent,2024-02-01,Project Titan,Non-Billable,57.4
EMP00180,Analyst,Fixed-term,2024-02-01,Project Orion,Non-Billable,89.0
EMP00257,Manager,Fixed-term,2024-02-01,Project Vega,Billable,83.3
EMP00195,Junior,Permanent,2024-02-01,Project Titan,Billable,56.9
EMP00214,Senior Analyst,Freelancer,2024-02-01,Project Orion,Annual Leave,21.9
EMP00049,Senior Manager,Fixed-term,2024-02-01,Project Vega,Billable,116.6
EMP00317,Manager,Fixed-term,2024-02-01,Project Horizon,Billable,43.4
EMP00287,Senior Analyst,Contractor,2024-02-01,Project Aurora,Non-Billable,82.2
EMP00130,Junior,Permanent,2024-02-01,Project Nova,Billable,42.6
EMP00013,Analyst,Part-time,2024-02-01,Project Atlas,Non-Billable,56.0
EMP00202,Junior,Permanent,2024-02-01,Project Atlas,Billable,70.8
EMP00236,Analyst,Freelancer,2024-02-01,,Billable,31.2
EMP00050,Manager,Freelancer,2024-02-01,Project Vega,Non-Billable,132.3
EMP00332,Senior Analyst,Permanent,2024-02-01,Project Falcon,Billable,78.2
EMP00294,Senior Manager,Permanent,2024-02-01,Project Nova,Non-Billable,57.6
EMP00326,Manager,Permanent,2024-02-01,Project Falcon,Non-Billable,118.1
EMP00174,Intern,Permanent,2024-02-01,Project Aurora,Billable,60.4
EMP00098,Intern,Fixed-term,2024-02-01,Project Atlas,Billable,112.9
EMP00025,Senior Analyst,Contractor,2024-02-01,Project Titan,Billable,85.2
EMP00086,Senior Analyst,Part-time,2024-02-01,Project Falcon,Billable,31.3
EMP00091,Senior Analyst,Permanent,2024-02-01,Project Nova,Non-Billable,121.2
EMP00195,Junior,Permanent,2024-02-01,Project Titan,Non-Billable,113.3
EMP00297,Junior,Permanent,2024-02-01,Project Vega,Non-Billable,111.4
EMP00239,Analyst,Freelancer,2024-02-01,Project Vega,Billable,101.1
EMP00235,Analyst,Fixed-term,2024-02-01,Project Falcon,Annual Leave,32.1
EMP00076,Intern,Permanent,2024-02-01,Project Titan,Billable,60.9
EMP00324,Junior,Permanent,2024-02-01,Project Falcon,Billable,42.7
EMP00061,Analyst,Permanent,2024-02-01,Project Horizon,Non-Billable,74.4
EMP00099,Analyst,Permanent,2024-02-01,Project Titan,Billable,44.6
EMP00330,Senior Analyst,Part-time,2024-02-01,Project Nimbus,Billable,31.1
EMP00138,Senior Analyst,Part-time,2024-02-01,Project Vega,Annual Leave,35.3
EMP00281,Analyst,Permanent,2024-02-01,Project Falcon,Non-Billable,127.8
EMP00128,Manager,Fixed-term,2024-02-01,Project Vega,Non-Billable,104.1
EMP00335,Senior Analyst,Permanent,2024-02-01,Project Falcon,Annual Leave,30.4
EMP00303,Senior Manager,Permanent,2024-02-01,Project Horizon,Non-Billable,121.6
EMP00225,Senior Analyst,Permanent,2024-02-01,Project Vega,Billable,87.8
EMP00006,Analyst,Contractor,2024-02-01,Project Zenith,Non-Billable,103.9
EMP00242,Intern,Permanent,2024-02-01,Project Nova,Billable,63.1
EMP00213,Senior Analyst,Permanent,2024-02-01,Project Horizon,Annual Leave,9.3
EMP00242,Intern,Permanent,2024-02-01,Project Nova,Non-Billable,113.8
EMP00173,Manager,Freelancer,2024-02-01,Project Aurora,Non-Billable,135.7
EMP00110,Junior,Part-time,2024-02-01,Project Horizon,Billable,35.5
EMP00201,Analyst,Permanent,2024-02-01,Project Falcon,Billable,28.6
EMP00254,Manager,Freelancer,2024-02-01,Project Orion,Non-Billable,90.4
EMP00025,Senior Analyst,Contractor,2024-02-01,Project Titan,Non-Billable,76.6
EMP00306,Junior,Permanent,2024-02-01,Project Vega,Non-Billable,175.2
EMP00194,Analyst,Freelancer,2024-02-01,Project Vega,Billable,50.4
EMP00256,Manager,Part-time,2024-02-01,Project Atlas,Annual Leave,34.0
EMP00272,Senior Analyst,Contractor,2024-02-01,Project Zenith,Billable,42.9
EMP00093,Analyst,Fixed-term,2024-02-01,Project Orion,Billable,68.8
EMP00251,Director,Fixed-term,2024-02-01,Project Falcon,Billable,79.5
EMP00201,Analyst,Permanent,2024-02-01,Project Falcon,Non-Billable,94.8
EMP00003,Intern,Freelancer,2024-02-01,Project Zenith,Billable,54.7
EMP00214,Senior Analyst,Freelancer,2024-02-01,Project Orion,Billable,31.7
EMP00233,Junior,Permanent,2024-02-01,Project Orion,Non-Billable,108.0
EMP00294,Senior Manager,Permanent,2024-02-01,Project Nova,Billable,124.3
EMP00031,Manager,Contractor,2024-02-01,Project Nimbus,Non-Billable,79.7
EMP00067,Manager,Part-time,2024-02-01,Project Vega,Non-Billable,95.6
EMP00056,Analyst,Permanent,2024-02-01,Project Aurora,Billable,51.8
EMP00155,Junior,Permanent,2024-02-01,Project Vega,Non-Billable,105.6
EMP00155,Junior,Permanent,2024-02-01,Project Vega,Billable,63.4
EMP00023,Junior,Permanent,2024-02-01,Project Aurora,Non-Billable,82.3
EMP00321,Manager,Part-time,2024-02-01,Project Zenith,Billable,38.4
EMP00190,Junior,Freelancer,2024-02-01,Project Horizon,Billable,83.2
EMP00174,Intern,Permanent,2024-02-01,Project Aurora,Annual Leave,28.9
EMP00022,Analyst,Permanent,2024-02-01,Project Orion,Billable,46.1
EMP00236,Analyst,Freelancer,2024-02-01,Project Zenith,Non-Billable,69.5
EMP00251,Director,Fixed-term,2024-02-01,Project Falcon,Non-Billable,84.7
EMP00231,Intern,Fixed-term,2024-02-01,Project Atlas,Billable,54.1
EMP00324,Junior,Permanent,2024-02-01,Project Falcon,Non-Billable,108.2
EMP00104,Junior,Permanent,2024-02-01,Project Falcon,Non-Billable,119.3
EMP00202,Junior,Permanent,2024-02-01,Project Atlas,Non-Billable,94.8
EMP00157,Junior,Permanent,2024-02-01,Project Atlas,Billable,72.7
EMP00130,Junior,Permanent,2024-02-01,Project Nova,Non-Billable,121.0
EMP00049,Senior Manager,Fixed-term,2024-02-01,Project Vega,Annual Leave,9.4
EMP00288,Junior,Permanent,2024-02-01,Project Zenith,Billable,43.7
EMP00061,Analyst,Permanent,2024-02-01,Project Horizon,Annual Leave,8.4
EMP00056,Analyst,Permanent,2024-02-01,Project Aurora,Non-Billable,83.0
EMP00214,Senior Analyst,Freelancer,2024-02-01,Project Orion,Non-Billable,71.1
EMP00131,Junior,Contractor,2024-02-01,Project Orion,Non-Billable,91.7
EMP00128,Manager,Fixed-term,2024-02-01,Project Vega,Billable,64.0
EMP00117,Intern,Fixed-term,2024-02-01,Project Horizon,Billable,58.1
EMP00263,Analyst,Part-time,2024-02-01,Project Zenith,Non-Billable,58.7
EMP00059,Manager,Fixed-term,2024-02-01,Project Titan,Non-Billable,112.1
EMP00336,Manager,Freelancer,2024-02-01,Project Titan,Billable,36.2
EMP00102,Analyst,Contractor,2024-02-01,Project Vega,Non-Billable,77.7
EMP00153,Analyst,Part-time,2024-02-01,Project Zenith,Non-Billable,66.7
EMP00188,Analyst,Fixed-term,2024-02-01,Project Orion,Non-Billable,114.5
EMP00307,Analyst,Part-time,2024-02-01,Project Horizon,Non-Billable,56.8
EMP00215,Junior,Contractor,2024-02-01,Project Zenith,Non-Billable,78.3
EMP00189,Senior Analyst,Part-time,2024-02-01,Project Nimbus,Non-Billable,61.1
EMP00022,Analyst,Permanent,2024-02-01,Project Orion,Non-Billable,117.6
EMP00212,Junior,Fixed-term,2024-02-01,Project Vega,Billable,67.1
EMP00070,Junior,Permanent,2024-02-01,Project Nimbus,Billable,57.9
EMP00247,Junior,Fixed-term,2024-02-01,Project Titan,Billable,55.7
EMP00337,Senior Manager,Permanent,2024-02-01,Project Falcon,Non-Billable,170.4
EMP00303,Senior Manager,Permanent,2024-02-01,Project Horizon,Billable,62.6
EMP00003,Intern,Freelancer,2024-02-01,Project Zenith,Non-Billable,85.5
EMP00298,Junior,Freelancer,2024-02-01,Project Atlas,Non-Billable,84.2
EMP00338,Intern,Contractor,2024-02-01,Project Nova,Billable,58.7
EMP00105,Junior,Permanent,2024-02-01,Project Aurora,Annual Leave,21.6
EMP00305,Junior,Permanent,2024-02-01,Project Nova,Non-Billable,167.2
EMP00033,Director,Fixed-term,2024-02-01,Project Horizon,Billable,72.8
EMP00023,Junior,Permanent,2024-02-01,Project Aurora,Billable,90.2
EMP00213,Senior Analyst,Permanent,2024-02-01,Project Horizon,Billable,54.3
EMP00134,Analyst,Permanent,2024-02-01,Project Orion,Non-Billable,167.1
EMP00108,Junior,Permanent,2024-02-01,Project Titan,Billable,55.0
EMP00041,Intern,Permanent,2024-02-01,Project Vega,Non-Billable,167.7
EMP00191,Intern,Freelancer,2024-02-01,Project Orion,Non-Billable,77.0
EMP00265,Intern,Permanent,2024-02-01,Project Zenith,Billable,45.0
EMP00246,Manager,Part-time,2024-02-01,Project Zenith,Non-Billable,12.5
EMP00106,Intern,Contractor,2024-02-01,Project Nova,Non-Billable,98.6
EMP00291,Analyst,Fixed-term,2024-02-01,Project Horizon,Billable,50.9
EMP00094,Senior Analyst,Contractor,2024-02-01,Project Vega,Non-Billable,93.3
EMP00206,Senior Analyst,Part-time,2024-02-01,Project Nimbus,Annual Leave,24.2
EMP00268,Senior Analyst,Permanent,2024-02-01,Project Horizon,Non-Billable,112.0
EMP00184,Junior,Permanent,2024-02-01,Project Falcon,Non-Billable,114.7
EMP00087,Analyst,Contractor,2024-02-01,Project Atlas,Annual Leave,35.5
EMP00157,Junior,Permanent,2024-02-01,Project Atlas,Non-Billable,97.5
EMP00256,Manager,Part-time,2024-02-01,Project Atlas,Non-Billable,61.5
EMP00059,Manager,Fixed-term,2024-02-01,Project Titan,Non-Billable,112.1
EMP00167,Junior,Permanent,2024-02-01,Project Nimbus,Non-Billable,164.3
EMP00331,Senior Analyst,Permanent,2024-02-01,Project Aurora,Billable,55.3
EMP00169,Analyst,Fixed-term,2024-02-01,Project Falcon,Billable,72.9
EMP00307,Analyst,Part-time,2024-02-01,Project Horizon,Billable,24.9
EMP00031,Manager,Contractor,2024-02-01,Project Nimbus,Annual Leave,15.3
EMP00194,Analyst,Freelancer,2024-02-01,Project Vega,Non-Billable,86.5
EMP00293,Manager,Fixed-term,2024-02-01,Project Aurora,Non-Billable,74.6
EMP00257,Manager,Fixed-term,2024-02-01,Project Vega,Non-Billable,85.6
EMP00090,Director,Permanent,2024-02-01,Project Nova,Non-Billable,79.9
EMP00284,Analyst,Permanent,2024-02-01,Project Falcon,Non-Billable,60.3
EMP00064,Senior Analyst,Permanent,2024-02-01,Project Nimbus,Non-Billable,29.1
EMP00272,Senior Analyst,Contractor,2024-02-01,Project Zenith,Annual Leave,22.9
EMP00045,Analyst,Fixed-term,2024-02-01,Project Atlas,Billable,75.8
EMP00080,Analyst,Part-time,2024-02-01,Project Nova,Non-Billable,43.6
EMP00286,Analyst,Fixed-term,2024-02-01,Project Nimbus,Non-Billable,83.5
EMP00043,Intern,Contractor,2024-02-01,Project Falcon,Billable,68.6
EMP00201,Analyst,Permanent,2024-02-01,Project Falcon,Annual Leave,26.5
EMP00086,Senior Analyst,Part-time,2024-02-01,Project Falcon,Non-Billable,64.2
EMP00117,Intern,Fixed-term,2024-02-01,Project Horizon,Non-Billable,106.0
EMP00172,Senior Analyst,Part-time,2024-02-01,Project Zenith,Non-Billable,98.4
EMP00196,Analyst,Part-time,2024-02-01,Project Orion,Non-Billable,57.2
EMP00206,Senior Analyst,Part-time,2024-02-01,Project Nimbus,Non-Billable,55.9
EMP00286,Analyst,Fixed-term,2024-02-01,Project Nimbus,Annual Leave,23.2
EMP00317,Manager,Fixed-term,2024-02-01,Project Horizon,Non-Billable,117.0
EMP00310,Senior Analyst,Fixed-term,2024-02-01,Project Atlas,Non-Billable,164.1
EMP00316,Analyst,Permanent,2024-02-01,Project Titan,Annual Leave,14.5
EMP00055,Senior Manager,Fixed-term,2024-02-01,Project Atlas,Billable,68.7
EMP00087,Analyst,Contractor,2024-02-01,Project Atlas,Billable,60.9
EMP00045,Analyst,Fixed-term,2024-02-01,Project Atlas,Non-Billable,80.8
EMP00264,Junior,Part-time,2024-02-01,Project Orion,Billable,35.8
EMP00142,Analyst,Permanent,2024-02-01,Project Falcon,Billable,98.7
EMP00262,Analyst,Permanent,2024-02-01,Project Vega,Non-Billable,166.2
EMP00105,Junior,Permanent,2024-02-01,Project Aurora,Billable,39.7
EMP00176,Senior Manager,Freelancer,2024-02-01,Project Nova,Billable,37.8
EMP00222,Senior Analyst,Permanent,2024-02-01,Project Vega,Non-Billable,152.5
EMP00316,Analyst,Permanent,2024-02-01,Project Titan,Non-Billable,165.6
EMP00021,Senior Analyst,Fixed-term,2024-02-01,Project Horizon,Non-Billable,47.1
EMP00286,Analyst,Fixed-term,2024-02-01,Project Nimbus,Billable,59.4
EMP00131,Junior,Contractor,2024-02-01,Project Orion,Billable,68.6
EMP00145,Junior,Permanent,2024-02-01,Project Atlas,Non-Billable,160.7
EMP00188,Analyst,Fixed-term,2024-02-01,Project Orion,Billable,53.4
EMP00204,Junior,Permanent,2024-02-01,Project Zenith,Non-Billable,68.9
EMP00143,Analyst,Permanent,2024-02-01,Project Orion,Billable,43.1
EMP00055,Senior Manager,Fixed-term,2024-02-01,Project Atlas,Non-Billable,103.0
EMP00318,Junior,Contractor,2024-02-01,Project Nimbus,Non-Billable,157.6
EMP00171,Analyst,Permanent,2024-02-01,Project Zenith,Non-Billable,124.3
EMP00011,Executive,Permanent,2024-02-01,Project Falcon,Non-Billable,88.8
EMP00185,Junior,Part-time,2024-02-01,Project Horizon,Billable,46.7
EMP00011,Executive,Permanent,2024-02-01,Project Falcon,Billable,81.6
EMP00211,Manager,Fixed-term,2024-02-01,Project Orion,Non-Billable,102.0
EMP00218,Analyst,Fixed-term,2024-02-01,Project Nimbus,Non-Billable,112.1
EMP00142,Analyst,Permanent,2024-02-01,Project Falcon,Non-Billable,75.8
EMP00204,Junior,Permanent,2024-02-01,Project Zenith,Annual Leave,26.5
EMP00268,Senior Analyst,Permanent,2024-02-01,Project Horizon,Billable,51.0
EMP00215,Junior,Contractor,2024-02-01,Project Zenith,Billable,70.7
EMP00037,Analyst,Fixed-term,2024-02-01,Project Orion,Billable,43.7
EMP00029,Manager,Permanent,2024-02-01,Project Nimbus,Billable,51.3
EMP00034,Senior Manager,Permanent,2024-02-01,Project Atlas,Non-Billable,176.6
EMP00171,Analyst,Permanent,2024-02-01,Project Zenith,Billable,49.0
EMP00148,Junior,Permanent,2024-02-01,Project Nova,Non-Billable,93.4
EMP00198,Senior Manager,Freelancer,2024-02-01,Project Atlas,Non-Billable,89.1
EMP00096,Senior Analyst,Contractor,2024-02-01,Project Zenith,Billable,62.3
EMP00210,Director,Fixed-term,2024-02-01,Project Nova,Non-Billable,38.0
EMP00322,Senior Analyst,Part-time,2024-02-01,Project Vega,Billable,43.7
EMP00020,Senior Manager,Permanent,2024-02-01,Project Horizon,Non-Billable,104.2
EMP00105,Junior,Permanent,2024-02-01,Project Aurora,Non-Billable,105.1
EMP00030,Manager,Permanent,2024-02-01,Project Aurora,Non-Billable,91.7
EMP00045,Analyst,Fixed-term,2024-02-01,Project Atlas,Annual Leave,8.3
EMP00190,Junior,Freelancer,2024-02-01,Project Horizon,Non-Billable,54.9
EMP00218,Analyst,Fixed-term,2024-02-01,Project Nimbus,Billable,62.8
EMP00100,Junior,Freelancer,2024-02-01,Project Titan,Non-Billable,137.6
EMP00275,Junior,Part-time,2024-02-01,Project Atlas,Non-Billable,62.6
EMP00012,Analyst,Fixed-term,2024-02-01,Project Nimbus,Non-Billable,119.3
EMP00101,Manager,Permanent,2024-02-01,Project Zenith,Non-Billable,167.4
EMP00265,Intern,Permanent,2024-02-01,Project Zenith,Non-Billable,124.8
EMP00126,Senior Manager,Part-time,2024-02-01,Project Vega,Billable,39.6
EMP00321,Manager,Part-time,2024-02-01,Project Zenith,Non-Billable,61.8
EMP00148,Junior,Permanent,2024-02-01,Project Nova,Billable,66.9
EMP00093,Analyst,Fixed-term,2024-02-01,Project Orion,Non-Billable,90.0
EMP00320,Junior,Part-time,2024-02-01,Project Aurora,Non-Billable,48.9
EMP00312,Analyst,Fixed-term,2024-02-01,Project Atlas,Non-Billable,46.8
EMP00340,Analyst,Fixed-term,2024-02-01,Project Nova,Billable,51.6
EMP00056,Analyst,Permanent,2024-02-01,Project Aurora,Annual Leave,31.0
EMP00332,Senior Analyst,Permanent,2024-03-01,Project Falcon,Billable,67.5
EMP00006,Analyst,Contractor,2024-03-01,Project Zenith,Billable,57.4
EMP00106,Intern,Contractor,2024-03-01,Project Nova,Non-Billable,91.3
EMP00063,Junior,Permanent,2024-03-01,Project Falcon,Billable,75.5
EMP00284,Analyst,Permanent,2024-03-01,Project Falcon,Billable,133.3
EMP00117,Intern,Fixed-term,2024-03-01,Project Horizon,Billable,77.0
EMP00291,Analyst,Fixed-term,2024-03-01,Project Horizon,Non-Billable,95.8
EMP00134,Analyst,Permanent,2024-03-01,Project Orion,Non-Billable,168.1
EMP00059,Manager,Fixed-term,2024-03-01,Project Titan,Billable,34.9
EMP00074,Junior,Permanent,2024-03-01,Project Horizon,Non-Billable,95.5
EMP00146,Analyst,Permanent,2024-03-01,Project Aurora,Non-Billable,25.7
EMP00096,Senior Analyst,Contractor,2024-03-01,Project Zenith,Non-Billable,87.4
EMP00218,Analyst,Fixed-term,2024-03-01,Project Nimbus,Billable,68.0
EMP00049,Senior Manager,Fixed-term,2024-03-01,Project Vega,Non-Billable,73.7
EMP00288,Junior,Permanent,2024-03-01,Project Zenith,Non-Billable,93.1
EMP00043,Intern,Contractor,2024-03-01,Project Falcon,Non-Billable,81.6
EMP00233,Junior,Permanent,2024-03-01,Project Orion,Billable,53.7
EMP00136,Senior Analyst,Fixed-term,2024-03-01,Project Orion,Non-Billable,169.4
EMP00055,Senior Manager,Fixed-term,2024-03-01,Project Atlas,Non-Billable,129.6
EMP00031,Manager,Contractor,2024-03-01,Project Nimbus,Non-Billable,90.2
EMP00020,Senior Manager,Permanent,2024-03-01,Project Horizon,Billable,74.2
EMP00036,Senior Manager,Permanent,2024-03-01,Project Nimbus,Billable,80.5
EMP00196,Analyst,Part-time,2024-03-01,Project Orion,Billable,52.6
EMP00275,Junior,Part-time,2024-03-01,Project Atlas,Non-Billable,54.8
EMP00157,Junior,Permanent,2024-03-01,Project Atlas,Billable,73.2
EMP00261,Analyst,Part-time,2024-03-01,Project Titan,Billable,29.9
EMP00238,Intern,Permanent,2024-03-01,Project Nova,Billable,82.6
EMP00078,Analyst,Contractor,2024-03-01,Project Aurora,Annual Leave,9.8
EMP00211,Manager,Fixed-term,2024-03-01,Project Orion,Annual Leave,13.4
EMP00091,Senior Analyst,Permanent,2024-03-01,Project Nova,Non-Billable,110.1
EMP00189,Senior Analyst,Part-time,2024-03-01,Project Nimbus,Billable,34.9
EMP00271,Senior Analyst,Permanent,2024-03-01,Project Aurora,Non-Billable,167.4
EMP00159,Junior,Permanent,2024-03-01,Project Vega,Billable,44.1
EMP00003,Intern,Freelancer,2024-03-01,Project Zenith,Non-Billable,71.5
EMP00176,Senior Manager,Freelancer,2024-03-01,Project Nova,Billable,38.5
EMP00045,Analyst,Fixed-term,2024-03-01,Project Atlas,Billable,86.7
EMP00022,Analyst,Permanent,2024-03-01,Project Orion,Non-Billable,114.2
EMP00132,Junior,Fixed-term,2024-03-01,Project Nimbus,Annual Leave,11.7
EMP00214,Senior Analyst,Freelancer,2024-03-01,Project Orion,Billable,40.8
EMP00173,Manager,Freelancer,2024-03-01,Project Aurora,Non-Billable,115.4
EMP00265,Intern,Permanent,2024-03-01,Project Zenith,Non-Billable,128.2
EMP00027,Senior Analyst,Permanent,2024-03-01,Project Titan,Non-Billable,119.3
EMP00130,Junior,Permanent,2024-03-01,Project Nova,Billable,46.5
EMP00310,Senior Analyst,Fixed-term,2024-03-01,Project Atlas,Annual Leave,15.5
EMP00038,Analyst,Permanent,2024-03-01,Project Vega,Non-Billable,111.8
EMP00337,Senior Manager,Permanent,2024-03-01,Project Falcon,Non-Billable,179.3
EMP00171,Analyst,Permanent,2024-03-01,Project Zenith,Annual Leave,36.6
EMP00335,Senior Analyst,Permanent,2024-03-01,Project Falcon,Non-Billable,101.6
EMP00298,Junior,Freelancer,2024-03-01,,Paternity Leave,15.5
EMP00101,Manager,Permanent,2024-03-01,Project Zenith,Annual Leave,22.2
EMP00242,Intern,Permanent,2024-03-01,Project Nova,Annual Leave,18.7
EMP00050,Manager,Freelancer,2024-03-01,Project Vega,Non-Billable,139.8
EMP00072,Senior Analyst,Permanent,2024-03-01,Project Titan,Non-Billable,169.4
EMP00091,Senior Analyst,Permanent,2024-03-01,Project Nova,Annual Leave,14.8
EMP00099,Analyst,Permanent,2024-03-01,Project Titan,Non-Billable,114.3
EMP00056,Analyst,Permanent,2024-03-01,Project Aurora,Non-Billable,83.6
EMP00336,Manager,Freelancer,2024-03-01,Project Titan,Non-Billable,109.1
EMP00086,Senior Analyst,Part-time,2024-03-01,Project Falcon,Billable,31.5
EMP00294,Senior Manager,Permanent,2024-03-01,Project Nova,Non-Billable,37.0
EMP00139,Intern,Permanent,2024-03-01,Project Titan,Annual Leave,38.7
EMP00104,Junior,Permanent,2024-03-01,Project  Falcon,Non-Billable,99.2
EMP00146,Analyst,Permanent,2024-03-01,Project Aurora,Billable,130.0
EMP00023,Junior,Permanent,2024-03-01,Project Aurora,Non-Billable,76.2
EMP00155,Junior,Permanent,2024-03-01,Project Vega,Billable,50.7
EMP00164,Junior,Contractor,2024-03-01,Project Nova,Annual Leave,15.6
EMP00033,Director,Fixed-term,2024-03-01,Project Horizon,Non-Billable,91.6
EMP00322,Senior Analyst,Part-time,2024-03-01,Project Vega,Billable,23.7
EMP00246,Manager,Part-time,2024-03-01,Project Zenith,Billable,71.1
EMP00172,Senior Analyst,Part-time,2024-03-01,Project Zenith,Non-Billable,101.1
EMP00117,Intern,Fixed-term,2024-03-01,Project Horizon,Annual Leave,12.8
EMP00030,Manager,Permanent,2024-03-01,Project Aurora,Non-Billable,106.8
EMP00108,Junior,Permanent,2024-03-01,Project Titan,Billable,63.1
EMP00222,Senior Analyst,Permanent,2024-03-01,Project Vega,Non-Billable,167.5
EMP00284,Analyst,Permanent,2024-03-01,Project Falcon,Annual Leave,12.4
EMP00169,Analyst,Fixed-term,2024-03-01,Project Falcon,Billable,78.4
EMP00184,Junior,Permanent,2024-03-01,Project Falcon,Non-Billable,111.9
EMP00291,Analyst,Fixed-term,2024-03-01,Project Horizon,Billable,66.7
EMP00338,Intern,Contractor,2024-03-01,Project Nova,Billable,46.6
EMP00012,Analyst,Fixed-term,2024-03-01,Project Nimbus,Billable,44.5
EMP00191,Intern,Freelancer,2024-03-01,Project Orion,Billable,40.8
EMP00084,Senior Manager,Contractor,2024-03-01,Project Falcon,Non-Billable,150.7
EMP00150,Senior Manager,Fixed-term,2024-03-01,Project Atlas,Non-Billable,108.9
EMP00225,Senior Analyst,Permanent,2024-03-01,Project Vega,Non-Billable,101.5
EMP00142,Analyst,Permanent,2024-03-01,Project Falcon,Billable,88.6
EMP00080,Analyst,Part-time,2024-03-01,Project Nova,Annual Leave,22.2
EMP00005,Intern,Permanent,2024-03-01,Project Zenith,Billable,40.2
EMP00200,Senior Manager,Fixed-term,2024-03-01,Project Vega,Non-Billable,110.2
EMP00087,Analyst,Contractor,2024-03-01,Project Atlas,Non-Billable,71.9
EMP00061,Analyst,Permanent,2024-03-01,Project Horizon,Non-Billable,87.5
EMP00213,Senior Analyst,Permanent,2024-03-01,Project Horizon,Billable,59.7
EMP00264,Junior,Part-time,2024-03-01,Project Orion,Billable,39.9
EMP00029,Manager,Permanent,2024-03-01,Project Nimbus,Billable,54.9
EMP00167,Junior,Permanent,2024-03-01,Project Nimbus,Non-Billable,178.4
EMP00148,Junior,Permanent,2024-03-01,Project Nova,Non-Billable,96.4
EMP00250,Senior Manager,Fixed-term,2024-03-01,Project Zenith,Billable,61.1
EMP00206,Senior Analyst,Part-time,2024-03-01,Project Nimbus,Annual Leave,38.6
EMP00020,Senior Manager,Permanent,2024-03-01,Project Horizon,Non-Billable,72.1
EMP00298,Junior,Freelancer,2024-03-01,Project Atlas,Billable,47.7
EMP00251,Director,Fixed-term,2024-03-01,Project Falcon,Non-Billable,64.4
EMP00131,Junior,Contractor,2024-03-01,Project Orion,Billable,66.7
EMP00326,Manager,Permanent,2024-03-01,Project Falcon,Non-Billable,98.1
EMP00097,Analyst,Freelancer,2024-03-01,Project Atlas,Billable,61.3
EMP00029,Manager,Permanent,2024-03-01,Project Nimbus,Non-Billable,119.9
EMP00105,Junior,Permanent,2024-03-01,Project Aurora,Non-Billable,109.4
EMP00287,Senior Analyst,Contractor,2024-03-01,Project Aurora,Billable,54.7
EMP00011,Executive,Permanent,2024-03-01,Project Falcon,Billable,64.7
EMP00093,Analyst,Fixed-term,2024-03-01,Project Orion,Billable,60.3
EMP00236,Analyst,Freelancer,2024-03-01,Project Zenith,Billable,36.6
EMP00080,Analyst,Part-time,2024-03-01,Project Nova,Non-Billable,16.5
EMP00322,Senior Analyst,Part-time,2024-03-01,Project Vega,Non-Billable,40.5
EMP00324,Junior,Permanent,2024-03-01,Project Falcon,Non-Billable,120.9
EMP00288,Junior,Permanent,2024-03-01,Project Zenith,Billable,36.0
EMP00033,Director,Fixed-term,2024-03-01,Project Horizon,Billable,56.5
EMP00163,Senior Analyst,Part-time,2024-03-01,Project Aurora,Non-Billable,103.4
EMP00331,Senior Analyst,Permanent,2024-03-01,Project Aurora,Non-Billable,119.1
EMP00254,Manager,Freelancer,2024-03-01,Project Orion,Billable,36.7
EMP00093,Analyst,Fixed-term,2024-03-01,Project Orion,Non-Billable,91.2
EMP00102,Analyst,Contractor,2024-03-01,Project Vega,Billable,36.2
EMP00273,Junior,Fixed-term,2024-03-01,Project Falcon,Non-Billable,41.6
EMP00303,Senior Manager,Permanent,2024-03-01,Project Horizon,Non-Billable,109.2
EMP00301,Analyst,Freelancer,2024-03-01,Project Vega,Non-Billable,67.1
EMP00041,Intern,Permanent,2024-03-01,Project Vega,Non-Billable,172.8
EMP00185,Junior,Part-time,2024-03-01,Project Horizon,Non-Billable,51.3
EMP00204,Junior,Permanent,2024-03-01,Project Zenith,Billable,76.2
EMP00331,Senior Analyst,Permanent,2024-03-01,Project Aurora,Billable,46.8
EMP00109,Manager,Permanent,2024-03-01,Project Nimbus,Billable,73.0
EMP00055,Senior Manager,Fixed-term,2024-03-01,Project Atlas,Billable,51.6
EMP00311,Analyst,Permanent,2024-03-01,Project Nimbus,Annual Leave,29.4
EMP00189,Senior Analyst,Part-time,2024-03-01,Project Nimbus,Non-Billable,56.3
EMP00080,Analyst,Part-time,2024-03-01,Project Nova,Billable,59.4
EMP00021,Senior Analyst,Fixed-term,2024-03-01,Project Horizon,Annual Leave,17.6
EMP00201,Analyst,Permanent,2024-03-01,Project Falcon,Non-Billable,115.2
EMP00164,Junior,Contractor,2024-03-01,Project Nova,Non-Billable,126.5
EMP00006,Analyst,Contractor,2024-03-01,Project Zenith,Non-Billable,88.0
EMP00211,Manager,Fixed-term,2024-03-01,Project Orion,Billable,58.8
EMP00184,Junior,Permanent,2024-03-01,Project Falcon,Billable,47.3
EMP00150,Senior Manager,Fixed-term,2024-03-01,Project Atlas,Billable,54.2
EMP00076,Intern,Permanent,2024-03-01,Project Titan,Non-Billable,98.4
EMP00247,Junior,Fixed-term,2024-03-01,Project Titan,Annual Leave,13.0
EMP00223,Senior Manager,Permanent,2024-03-01,Project Titan,Non-Billable,46.0
EMP00091,Senior Analyst,Permanent,2024-03-01,Project Nova,Billable,44.3
EMP00049,Senior Manager,Fixed-term,2024-03-01,Project Vega,Billable,98.3
EMP00064,Senior Analyst,Permanent,2024-03-01,Project Nimbus,Billable,122.5
EMP00332,Senior Analyst,Permanent,2024-03-01,Project Falcon,Non-Billable,104.0
EMP00126,Senior Manager,Part-time,2024-03-01,Project Vega,Billable,56.2
EMP00025,Senior Analyst,Contractor,2024-03-01,Project Titan,Billable,77.3
EMP00093,Analyst,Fixed-term,2024-03-01,PROJECT ORION,Annual Leave,18.7
EMP00128,Manager,Fixed-term,2024-03-01,Project Vega,Non-Billable,115.9
EMP00094,Senior Analyst,Contractor,2024-03-01,Project Vega,Billable,33.1
EMP00087,Analyst,Contractor,2024-03-01,Project Atlas,Billable,73.1
EMP00056,Analyst,Permanent,2024-03-01,Project Aurora,Annual Leave,16.3
EMP00031,Manager,Contractor,2024-03-01,Project Nimbus,Billable,63.1
EMP00231,Intern,Fixed-term,2024-03-01,Project Atlas,Non-Billable,109.6
EMP00297,Junior,Permanent,2024-03-01,Project Vega,Billable,67.7
EMP00286,Analyst,Fixed-term,2024-03-01,Project Nimbus,Non-Billable,97.0
EMP00125,Senior Analyst,Fixed-term,2024-03-01,Project Titan,Non-Billable,121.8
EMP00214,Senior Analyst,Freelancer,2024-03-01,Project Orion,Non-Billable,94.4
EMP00138,Senior Analyst,Part-time,2024-03-01,Project Vega,Billable,49.8
EMP00268,Senior Analyst,Permanent,2024-03-01,Project Horizon,Billable,57.9
EMP00171,Analyst,Permanent,2024-03-01,Project Zenith,Non-Billable,102.7
EMP00043,Intern,Contractor,2024-03-01,Project Falcon,Billable,64.9
EMP00086,Senior Analyst,Part-time,2024-03-01,Project Falcon,Non-Billable,65.9
EMP00321,Manager,Part-time,2024-03-01,Project Zenith,Non-Billable,51.5
EMP00303,Senior Manager,Permanent,2024-03-01,Project Horizon,Billable,52.0
EMP00212,Junior,Fixed-term,2024-03-01,Project Vega,Non-Billable,80.1
EMP00310,Senior Analyst,Fixed-term,2024-03-01,Project Atlas,Non-Billable,161.7
EMP00148,Junior,Permanent,2024-03-01,Project Nova,Billable,68.4
EMP00202,Junior,Permanent,2024-03-01,Project Atlas,Billable,70.4
EMP00105,Junior,Permanent,2024-03-01,Project Aurora,Billable,49.6
EMP00268,Senior Analyst,Permanent,2024-03-01,Project Horizon,Non-Billable,111.3
EMP00246,Manager,Part-time,2024-03-01,Project Zenith,Non-Billable,25.6
EMP00090,Director,Permanent,2024-03-01,Project Nova,Billable,71.2
EMP00231,Intern,Fixed-term,2024-03-01,,Billable,50.6
EMP00251,Director,Fixed-term,2024-03-01,Project Falcon,Billable,92.5
EMP00285,Analyst,Fixed-term,2024-03-01,Project Aurora,Non-Billable,171.4
EMP00028,Analyst,Permanent,2024-03-01,Project Vega,Non-Billable,162.2
EMP00205,Manager,Permanent,2024-03-01,Project Atlas,Non-Billable,170.8
EMP00098,Intern,Fixed-term,2024-03-01,Project Atlas,Non-Billable,53.8
EMP00110,Junior,Part-time,2024-03-01,Project Horizon,Billable,35.2
EMP00098,Intern,Fixed-term,2024-03-01,Project Atlas,Billable,124.5
EMP00281,Analyst,Permanent,2024-03-01,Project Falcon,Non-Billable,117.3
EMP00063,Junior,Permanent,2024-03-01,Project Falcon,Non-Billable,100.6
EMP00294,Senior Manager,Permanent,2024-03-01,Project Nova,Billable,138.1
EMP00033,Director,Fixed-term,2024-03-01,Project Horizon,Billable,56.5
EMP00130,Junior,Permanent,2024-03-01,Project Nova,Non-Billable,117.0
EMP00244,Senior Analyst,Permanent,2024-03-01,Project Nimbus,Non-Billable,37.8
EMP00244,Senior Analyst,Permanent,2024-03-01,Project Nimbus,Billable,119.7
EMP00159,Junior,Permanent,2024-03-01,Project Vega,Non-Billable,123.5
EMP00013,Analyst,Part-time,2024-03-01,Project Atlas,Non-Billable,36.4
EMP00077,Senior Analyst,Fixed-term,2024-03-01,Project Horizon,Non-Billable,158.6
EMP00266,Manager,Fixed-term,2024-03-01,Project Orion,Billable,65.8
EMP00171,Analyst,Permanent,2024-03-01,Project  Zenith,Billable,39.9
EMP00318,Junior,Contractor,2024-03-01,Project Nimbus,Non-Billable,140.3
EMP00037,Analyst,Fixed-term,2024-03-01,Project Orion,Non-Billable,109.3
EMP00204,Junior,Permanent,2024-03-01,Project Zenith,Non-Billable,88.0
EMP00235,Analyst,Fixed-term,2024-03-01,Project Falcon,Billable,40.6
EMP00247,Junior,Fixed-term,2024-03-01,Project Titan,Non-Billable,109.4
EMP00195,Junior,Permanent,2024-03-01,Project Titan,Non-Billable,121.4
EMP00011,Executive,Permanent,2024-03-01,Project Falcon,Non-Billable,90.4
EMP00174,Intern,Permanent,2024-03-01,Project Aurora,Non-Billable,66.7
EMP00121,Senior Analyst,Contractor,2024-03-01,Project Nimbus,Non-Billable,156.4
EMP00058,Manager,Freelancer,2024-03-01,Project Zenith,Non-Billable,59.0
EMP00297,Junior,Permanent,2024-03-01,Project Vega,Non-Billable,101.6
EMP00242,Intern,Permanent,2024-03-01,Project Nova,Billable,49.2
EMP00280,Manager,Permanent,2024-03-01,Project Orion,Non-Billable,132.1
EMP00306,Junior,Permanent,2024-03-01,Project Vega,Non-Billable,173.7
EMP00238,Intern,Permanent,2024-03-01,Project Nova,Non-Billable,81.5
EMP00264,Junior,Part-time,2024-03-01,Project Orion,Non-Billable,52.6
EMP00322,Senior Analyst,Part-time,2024-03-01,Project Vega,Annual Leave,29.9
EMP00223,Senior Manager,Permanent,2024-03-01,Project Titan,Billable,126.6
EMP00157,Junior,Permanent,2024-03-01,Project Atlas,Non-Billable,93.4
EMP00005,Intern,Permanent,2024-03-01,Project Zenith,Non-Billable,-121.6
EMP00037,Analyst,Fixed-term,2024-03-01,Project Orion,Billable,53.1
EMP00301,Analyst,Freelancer,2024-03-01,Project Vega,Billable,62.9
EMP00030,Manager,Permanent,2024-03-01,PROJECT AURORA,Billable,61.1
EMP00194,Analyst,Freelancer,2024-03-01,Project Vega,Billable,46.0
EMP00320,Junior,Part-time,2024-03-01,Project Aurora,Non-Billable,53.5
EMP00078,Analyst,Contractor,2024-03-01,Project Aurora,Non-Billable,79.5
EMP00180,Analyst,Fixed-term,2024-03-01,Project Orion,Non-Billable,101.0
EMP00143,Analyst,Permanent,2024-03-01,Project Orion,Non-Billable,112.3
EMP00113,Analyst,Permanent,2024-03-01,Project Atlas,Non-Billable,130.1
EMP00128,Manager,Fixed-term,2024-03-01,Project Vega,Billable,69.6
EMP00022,Analyst,Permanent,2024-03-01,Project Orion,Billable,54.0
EMP00320,Junior,Part-time,2024-03-01,Project Aurora,Billable,36.6
EMP00215,Junior,Contractor,2024-03-01,Project Zenith,Non-Billable,85.9
EMP00211,Manager,Fixed-term,2024-03-01,Project Orion,Non-Billable,90.0
EMP00020,Senior Manager,Permanent,2024-03-01,Project Horizon,Annual Leave,18.7
EMP00139,Intern,Permanent,2024-03-01,Project Titan,Non-Billable,127.9
EMP00339,Manager,Contractor,2024-03-01,Project Nova,Non-Billable,118.2
EMP00036,Senior Manager,Permanent,2024-03-01,Project Nimbus,Non-Billable,93.1
EMP00257,Manager,Fixed-term,2024-03-01,Project Vega,Billable,93.2
EMP00307,Analyst,Part-time,2024-03-01,Project Horizon,Billable,31.0
EMP00210,Director,Fixed-term,2024-03-01,Project Nova,Non-Billable,40.5
EMP00293,Manager,Fixed-term,2024-03-01,Project Aurora,Non-Billable,85.8
EMP00103,Director,Fixed-term,2024-03-01,Project Nova,Billable,128.3
EMP00302,Junior,Fixed-term,2024-03-01,Project Zenith,Non-Billable,161.2
EMP00021,Senior Analyst,Fixed-term,2024-03-01,Project Horizon,Non-Billable,44.5
EMP00012,Analyst,Fixed-term,2024-03-01,Project Nimbus,Non-Billable,121.4
EMP00126,Senior Manager,Part-time,2024-03-01,Project Vega,Non-Billable,46.5
EMP00162,Manager,Freelancer,2024-03-01,Project Orion,Annual Leave,13.9
EMP00261,Analyst,Part-time,2024-03-01,Project Titan,Non-Billable,69.7
EMP00124,Analyst,Permanent,2024-03-01,Project Atlas,Non-Billable,69.9
EMP00266,Manager,Fixed-term,2024-03-01,Project Orion,Non-Billable,116.4
EMP00272,Senior Analyst,Contractor,2024-03-01,Project Zenith,Billable,62.9
EMP00179,Analyst,Part-time,2024-03-01,Project Nimbus,Billable,45.4
EMP00104,Junior,Permanent,2024-03-01,Project Falcon,Billable,55.7
EMP00032,Manager,Contractor,2024-03-01,Project Atlas,Non-Billable,149.1
EMP00070,Junior,Permanent,2024-03-01,Project Nimbus,Billable,60.3
EMP00338,Intern,Contractor,2024-03-01,Project Nova,Non-Billable,86.1
EMP00094,Senior Analyst,Contractor,2024-03-01,Project Vega,Annual Leave,39.1
EMP00194,Analyst,Freelancer,2024-03-01,Project Vega,Non-Billable,85.5
EMP00317,Manager,Fixed-term,2024-03-01,Project Horizon,Non-Billable,104.3
EMP00099,Analyst,Permanent,2024-03-01,Project Titan,Billable,44.3
EMP00305,Junior,Permanent,2024-03-01,Project Nova,Non-Billable,162.1
EMP00153,Analyst,Part-time,2024-03-01,Project Zenith,Non-Billable,70.4
EMP00324,Junior,Permanent,2024-03-01,Project Falcon,Billable,41.7
EMP00124,Analyst,Permanent,2024-03-01,Project Atlas,Billable,98.3
EMP00317,Manager,Fixed-term,2024-03-01,Project Horizon,Annual Leave,34.5
EMP00140,Intern,Permanent,2024-03-01,Project Aurora,Non-Billable,69.3
EMP00336,Manager,Freelancer,2024-03-01,Project Titan,Billable,36.7
EMP00212,Junior,Fixed-term,2024-03-01,Project Vega,Annual Leave,29.3
EMP00077,Senior Analyst,Fixed-term,2024-03-01,Project Horizon,Annual Leave,8.9
EMP00307,Analyst,Part-time,2024-03-01,Project Horizon,Non-Billable,68.0
EMP00190,Junior,Freelancer,2024-03-01,Project Horizon,Billable,64.4
EMP00287,Senior Analyst,Contractor,2024-03-01,Project Aurora,Non-Billable,93.2
EMP00312,Analyst,Fixed-term,2024-03-01,Project Atlas,Non-Billable,41.8
EMP00143,Analyst,Permanent,2024-03-01,Project Orion,Billable,47.8
EMP00195,Junior,Permanent,2024-03-01,Project Titan,Billable,53.9
EMP00235,Analyst,Fixed-term,2024-03-01,Project Falcon,Non-Billable,127.2
EMP00138,Senior Analyst,Part-time,2024-03-01,Project Vega,Non-Billable,41.6
EMP00262,Analyst,Permanent,2024-03-01,Project Vega,Non-Billable,168.9
EMP00281,Analyst,Permanent,2024-03-01,Project Falcon,Billable,53.0
EMP00210,Director,Fixed-term,2024-03-01,Project Nova,Billable,127.8
EMP00330,Senior Analyst,Part-time,2024-03-01,Project Nimbus,Non-Billable,66.6
EMP00190,Junior,Freelancer,2024-03-01,Project Horizon,Non-Billable,66.9
EMP00038,Analyst,Permanent,2024-03-01,Project Vega,Billable,48.6
EMP00239,Analyst,Freelancer,2024-03-01,Project Vega,Non-Billable,38.6
EMP00090,Director,Permanent,2024-03-01,Project Nova,Non-Billable,116.4
EMP00131,Junior,Contractor,2024-03-01,Project Orion,Non-Billable,77.2
EMP00198,Senior Manager,Freelancer,2024-03-01,Project Atlas,Non-Billable,126.7
EMP00317,Manager,Fixed-term,2024-03-01,Project Horizon,Billable,36.6
EMP00132,Junior,Fixed-term,2024-03-01,Project Nimbus,Non-Billable,151.9
EMP00078,Analyst,Contractor,2024-03-01,Project Aurora,Billable,57.3
EMP00003,Intern,Freelancer,2024-03-01,Project Zenith,Billable,61.6
EMP00097,Analyst,Freelancer,2024-03-01,Project Atlas,Non-Billable,80.6
EMP00059,Manager,Fixed-term,2024-03-01,Project Titan,Non-Billable,90.5
EMP00023,Junior,Permanent,2024-03-01,Project Aurora,Billable,89.3
EMP00335,Senior Analyst,Permanent,2024-03-01,Project Falcon,Billable,55.2
EMP00074,Junior,Permanent,2024-03-01,Project Horizon,Billable,74.6
EMP00117,Intern,Fixed-term,2024-03-01,Project Horizon,Non-Billable,85.8
EMP00110,Junior,Part-time,2024-03-01,Project Horizon,Non-Billable,55.7
EMP00056,Analyst,Permanent,2024-03-01,Project Aurora,Billable,59.0
EMP00224,Senior Manager,Fixed-term,2024-03-01,Project Falcon,Non-Billable,168.0
EMP00169,Analyst,Fixed-term,2024-03-01,Project Falcon,Non-Billable,80.8
EMP00273,Junior,Fixed-term,2024-03-01,Project Falcon,Billable,114.9
EMP00340,Analyst,Fixed-term,2024-03-01,Project Nova,Non-Billable,121.0
EMP00094,Senior Analyst,Contractor,2024-03-01,Project Vega,Non-Billable,79.0
EMP00312,Analyst,Fixed-term,2024-03-01,Project Atlas,Billable,126.0
EMP00239,Analyst,Freelancer,2024-03-01,Project Vega,Billable,88.0
EMP00254,Manager,Freelancer,2024-03-01,Project Orion,Non-Billable,94.0
EMP00321,Manager,Part-time,2024-03-01,Project Zenith,Billable,40.6
EMP00145,Junior,Permanent,2024-03-01,Project Atlas,Non-Billable,175.2
EMP00275,Junior,Part-time,2024-03-01,Project Atlas,Billable,41.3
EMP00236,Analyst,Freelancer,2024-03-01,Project Zenith,Non-Billable,97.5
EMP00316,Analyst,Permanent,2024-03-01,Project Titan,Non-Billable,187.0
EMP00067,Manager,Part-time,2024-03-01,Project Vega,Non-Billable,103.3
EMP00257,Manager,Fixed-term,2024-03-01,Project Vega,Non-Billable,82.0
EMP00206,Senior Analyst,Part-time,2024-03-01,Project Nimbus,Billable,19.9
EMP00179,Analyst,Part-time,2024-03-01,Project Nimbus,Non-Billable,50.0
EMP00339,Manager,Contractor,2024-03-01,Project Nova,Annual Leave,24.5
EMP00284,Analyst,Permanent,2024-03-01,Project Falcon,Non-Billable,22.3
EMP00162,Manager,Freelancer,2024-03-01,Project Orion,Non-Billable,124.7
EMP00186,Junior,Part-time,2024-03-01,Project Orion,Annual Leave,21.6
EMP00102,Analyst,Contractor,2024-03-01,Project Vega,Non-Billable,114.9
EMP00140,Intern,Permanent,2024-03-01,Project Aurora,Billable,97.2
EMP00108,Junior,Permanent,2024-03-01,Project Titan,Non-Billable,100.3
EMP00326,Manager,Permanent,2024-03-01,Project Falcon,Billable,63.7
EMP00247,Junior,Fixed-term,2024-03-01,Project Titan,Billable,46.6
EMP00293,Manager,Fixed-term,2024-03-01,Project Aurora,Billable,67.9
EMP00168,Junior,Permanent,2024-03-01,Project Atlas,Non-Billable,170.1
EMP00057,Intern,Part-time,2024-03-01,Project Nova,Non-Billable,98.2
EMP00017,Analyst,Permanent,2024-03-01,Project Atlas,Non-Billable,164.3
EMP00045,Analyst,Fixed-term,2024-03-01,Project Atlas,Non-Billable,85.5
EMP00340,Analyst,Fixed-term,2024-03-01,,Billable,45.1
EMP00061,Analyst,Permanent,2024-03-01,Project Horizon,Billable,71.1
EMP00263,Analyst,Part-time,2024-03-01,Project Zenith,Billable,34.7
EMP00074,Junior,Permanent,2024-03-01,Project Horizon,Annual Leave,10.8
EMP00103,Director,Fixed-term,2024-03-01,Project Nova,Non-Billable,27.5
EMP00256,Manager,Part-time,2024-03-01,Project Atlas,Non-Billable,101.5
EMP00176,Senior Manager,Freelancer,2024-03-01,Project Nova,Non-Billable,84.2
EMP00142,Analyst,Permanent,2024-03-01,Project Falcon,Non-Billable,77.1
EMP00106,Intern,Contractor,2024-03-01,Project Nova,Billable,60.8
EMP00200,Senior Manager,Fixed-term,2024-03-01,Project Vega,Billable,64.1
EMP00113,Analyst,Permanent,2024-03-01,Project Atlas,Annual Leave,31.4
EMP00065,Director,Fixed-term,2024-03-01,Project Aurora,Non-Billable,155.8
EMP00101,Manager,Permanent,2024-03-01,Project Zenith,Non-Billable,166.0
EMP00058,Manager,Freelancer,2024-03-01,Project Zenith,Billable,62.3
EMP00225,Senior Analyst,Permanent,2024-03-01,Project Vega,Billable,69.3
EMP00076,Intern,Permanent,2024-03-01,Project Titan,Billable,72.3
EMP00021,Senior Analyst,Fixed-term,2024-03-01,Project Horizon,Billable,101.4
EMP00212,Junior,Fixed-term,2024-03-01,Project Vega,Billable,59.2
EMP00070,Junior,Permanent,2024-03-01,Project Nimbus,Non-Billable,105.7
EMP00250,Senior Manager,Fixed-term,2024-03-01,Project Zenith,Non-Billable,110.3
EMP00100,Junior,Freelancer,2024-03-01,Project Titan,Non-Billable,124.9
EMP00059,Manager,Fixed-term,2024-03-01,Project Titan,Annual Leave,26.4
EMP00298,Junior,Freelancer,2024-03-01,Project Atlas,Non-Billable,60.9
EMP00272,Senior Analyst,Contractor,2024-03-01,Project Zenith,Non-Billable,95.5
EMP00186,Junior,Part-time,2024-03-01,project orion,Non-Billable,70.7
EMP00286,Analyst,Fixed-term,2024-03-01,Project Nimbus,Billable,64.8
EMP00318,Junior,Contractor,2024-03-01,Project Nimbus,Annual Leave,9.3
EMP00265,Intern,Permanent,2024-03-01,Project Zenith,Billable,43.2
EMP00188,Analyst,Fixed-term,2024-03-01,Project Orion,Billable,57.3
EMP00174,Intern,Permanent,2024-03-01,Project Aurora,Billable,75.6
EMP00233,Junior,Permanent,2024-03-01,Project Orion,Non-Billable,110.4
EMP00096,Senior Analyst,Contractor,2024-03-01,Project Zenith,Billable,63.9
EMP00188,Analyst,Fixed-term,2024-03-01,Project Orion,Non-Billable,121.8
EMP00218,Analyst,Fixed-term,2024-03-01,Project Nimbus,Non-Billable,102.9
EMP00025,Senior Analyst,Contractor,2024-03-01,Project Titan,Non-Billable,75.7
EMP00196,Analyst,Part-time,2024-03-01,Project Orion,Non-Billable,51.4
EMP00330,Senior Analyst,Part-time,2024-03-01,Project Nimbus,Billable,31.0
EMP00252,Intern,Part-time,2024-03-01,Project Titan,Non-Billable,95.9
EMP00288,Junior,Permanent,2024-03-01,Project Zenith,Annual Leave,39.1
EMP00185,Junior,Part-time,2024-03-01,Project Horizon,Billable,40.4
EMP00034,Senior Manager,Permanent,2024-03-01,Project Atlas,Non-Billable,170.0
EMP00213,Senior Analyst,Permanent,2024-03-01,Project Horizon,Non-Billable,109.9
EMP00263,Analyst,Part-time,2024-03-01,Project Zenith,Non-Billable,59.0
EMP00125,Senior Analyst,Fixed-term,2024-03-01,Project Titan,Billable,48.7
EMP00108,Junior,Permanent,2024-03-01,Project Titan,Annual Leave,11.5
EMP00082,Analyst,Permanent,2024-03-01,Project Nimbus,Non-Billable,175.9
EMP00215,Junior,Contractor,2024-03-01,Project Zenith,Billable,66.9
EMP00280,Manager,Permanent,2024-03-01,Project Orion,Annual Leave,33.3
EMP00064,Senior Analyst,Permanent,2024-03-01,Project Nimbus,Non-Billable,41.2
EMP00153,Analyst,Part-time,2024-03-01,Project Zenith,Billable,26.5
EMP00201,Analyst,Permanent,2024-03-01,Project Falcon,Billable,45.4
EMP00311,Analyst,Permanent,2024-03-01,Project Nimbus,Non-Billable,145.8
EMP00013,Analyst,Part-time,2024-03-01,Project Atlas,Billable,53.9
EMP00191,Intern,Freelancer,2024-03-01,Project Orion,Non-Billable,70.9
EMP00242,Intern,Permanent,2024-03-01,Project Nova,Non-Billable,78.7
EMP00109,Manager,Permanent,2024-03-01,Project Nimbus,Non-Billable,99.4
EMP00202,Junior,Permanent,2024-03-01,Project Atlas,Non-Billable,103.8
EMP00155,Junior,Permanent,2024-03-01,Project Vega,Non-Billable,115.8
EMP00180,Analyst,Fixed-term,2024-03-01,Project Orion,Billable,71.9
EMP00289,Junior,Fixed-term,2024-03-01,Project Nova,Annual Leave,25.3
EMP00289,Junior,Fixed-term,2024-03-01,Project Nova,Non-Billable,147.8
EMP00206,Senior Analyst,Part-time,2024-03-01,Project Nimbus,Non-Billable,32.4
EMP00027,Senior Analyst,Permanent,2024-03-01,Project Titan,Billable,51.6
EMP00318,Junior,Contractor,2024-04-01,Project Nimbus,Non-Billable,104.4
EMP00326,Manager,Permanent,2024-04-01,Project Falcon,Non-Billable,105.8
EMP00011,Executive,Permanent,2024-04-01,Project Falcon,Non-Billable,96.2
EMP00061,Analyst,Permanent,2024-04-01,Project Horizon,Billable,88.3
EMP00142,Analyst,Permanent,2024-04-01,Project Falcon,Non-Billable,49.7
EMP00215,Junior,Contractor,2024-04-01,Project Zenith,Billable,74.8
EMP00236,Analyst,Freelancer,2024-04-01,Project Zenith,Billable,37.6
EMP00130,Junior,Permanent,2024-04-01,Project Nova,Non-Billable,119.3
EMP00145,Junior,Permanent,2024-04-01,Project Atlas,Non-Billable,170.0
EMP00110,Junior,Part-time,2024-04-01,Project Horizon,Billable,36.4
EMP00023,Junior,Permanent,2024-04-01,Project Aurora,Non-Billable,92.2
EMP00297,Junior,Permanent,2024-04-01,Project Vega,Non-Billable,97.1
EMP00246,Manager,Part-time,2024-04-01,Project Zenith,Non-Billable,22.8
EMP00033,Director,Fixed-term,2024-04-01,Project Horizon,Non-Billable,105.5
EMP00124,Analyst,Permanent,2024-04-01,Project Atlas,Billable,96.6
EMP00188,Analyst,Fixed-term,2024-04-01,Project Orion,Non-Billable,90.9
EMP00299,Senior Analyst,Fixed-term,2024-04-01,Project Nova,Billable,43.8
EMP00055,Senior Manager,Fixed-term,2024-04-01,Project Atlas,Non-Billable,100.5
EMP00074,Junior,Permanent,2024-04-01,Project Horizon,Non-Billable,96.5
EMP00029,Manager,Permanent,2024-04-01,PROJECT NIMBUS,Non-Billable,124.1
EMP00250,Senior Manager,Fixed-term,2024-04-01,Project Zenith,Non-Billable,96.5
EMP00184,Junior,Permanent,2024-04-01,Project Falcon,Billable,52.4
EMP00242,Intern,Permanent,2024-04-01,Project Nova,Non-Billable,100.3
EMP00100,Junior,Freelancer,2024-04-01,Project Titan,Non-Billable,127.4
EMP00017,Analyst,Permanent,2024-04-01,Project Atlas,Non-Billable,177.3
EMP00299,Senior Analyst,Fixed-term,2024-04-01,Project Nova,Non-Billable,108.9
EMP00011,Executive,Permanent,2024-04-01,Project Falcon,Billable,75.9
EMP00109,Manager,Permanent,2024-04-01,Project Nimbus,Billable,52.5
EMP00094,Senior Analyst,Contractor,2024-04-01,Project Vega,Billable,52.7
EMP00113,Analyst,Permanent,2024-04-01,Project Atlas,Non-Billable,156.4
EMP00031,Manager,Contractor,2024-04-01,Project Nimbus,Billable,68.2
EMP00128,Manager,Fixed-term,2024-04-01,Project Vega,Billable,55.2
EMP00124,Analyst,Permanent,2024-04-01,Project Atlas,Non-Billable,81.9
EMP00206,Senior Analyst,Part-time,2024-04-01,Project Nimbus,Billable,23.9
EMP00020,Senior Manager,Permanent,2024-04-01,Project Horizon,Billable,76.3
EMP00058,Manager,Freelancer,2024-04-01,Project Zenith,Non-Billable,59.2
EMP00138,Senior Analyst,Part-time,2024-04-01,Project Vega,Non-Billable,33.1
EMP00099,Analyst,Permanent,2024-04-01,Project Titan,Billable,52.2
EMP00150,Senior Manager,Fixed-term,2024-04-01,Project Atlas,Billable,63.3
EMP00235,Analyst,Fixed-term,2024-04-01,Project Falcon,Billable,42.5
EMP00091,Senior Analyst,Permanent,2024-04-01,Project Nova,Non-Billable,126.2
EMP00058,Manager,Freelancer,2024-04-01,Project Zenith,Billable,63.9
EMP00037,Analyst,Fixed-term,2024-04-01,Project Orion,Non-Billable,126.3
EMP00126,Senior Manager,Part-time,2024-04-01,Project Vega,Billable,42.4
EMP00272,Senior Analyst,Contractor,2024-04-01,Project Zenith,Non-Billable,87.6
EMP00065,Director,Fixed-term,2024-04-01,Project Aurora,Non-Billable,175.9
EMP00034,Senior Manager,Permanent,2024-04-01,Project Atlas,Non-Billable,158.5
EMP00163,Senior Analyst,Part-time,2024-04-01,Project Aurora,Non-Billable,73.5
EMP00231,Intern,Fixed-term,2024-04-01,Project Atlas,Billable,43.3
EMP00246,Manager,Part-time,2024-04-01,Project Zenith,Billable,72.7
EMP00174,Intern,Permanent,2024-04-01,Project Aurora,Non-Billable,71.8
EMP00211,Manager,Fixed-term,2024-04-01,Project Orion,Billable,63.8
EMP00094,Senior Analyst,Contractor,2024-04-01,Project Vega,Annual Leave,21.6
EMP00294,Senior Manager,Permanent,2024-04-01,Project Nova,Billable,127.4
EMP00223,Senior Manager,Permanent,2024-04-01,Project Titan,Non-Billable,69.4
EMP00140,Intern,Permanent,2024-04-01,Project Aurora,Billable,92.1
EMP00150,Senior Manager,Fixed-term,2024-04-01,Project Atlas,Non-Billable,104.3
EMP00021,Senior Analyst,Fixed-term,2024-04-01,Project Horizon,Billable,113.1
EMP00045,Analyst,Fixed-term,2024-04-01,Project Atlas,Annual Leave,11.1
EMP00030,Manager,Permanent,2024-04-01,Project Aurora,Non-Billable,94.9
EMP00036,Senior Manager,Permanent,2024-04-01,Project Nimbus,Billable,63.7
EMP00146,Analyst,Permanent,2024-04-01,Project Aurora,Non-Billable,28.3
EMP00102,Analyst,Contractor,2024-04-01,Project Vega,Non-Billable,94.3
EMP00005,Intern,Permanent,2024-04-01,Project Zenith,Billable,46.9
EMP00281,Analyst,Permanent,2024-04-01,Project Falcon,Billable,45.1
EMP00212,Junior,Fixed-term,2024-04-01,Project Vega,Billable,57.0
EMP00091,Senior Analyst,Permanent,2024-04-01,Project Nova,Billable,50.2
EMP00148,Junior,Permanent,2024-04-01,Project Nova,Non-Billable,82.1
EMP00264,Junior,Part-time,2024-04-01,Project Orion,Billable,37.9
EMP00126,Senior Manager,Part-time,2024-04-01,Project Vega,Non-Billable,52.2
EMP00263,Analyst,Part-time,2024-04-01,Project Zenith,Billable,19.0
EMP00087,Analyst,Contractor,2024-04-01,Project Atlas,Non-Billable,72.0
EMP00201,Analyst,Permanent,2024-04-01,Project Falcon,Billable,53.9
EMP00265,Intern,Permanent,2024-04-01,Project Zenith,Billable,45.7
EMP00153,Analyst,Part-time,2024-04-01,Project Zenith,Billable,26.8
EMP00275,Junior,Part-time,2024-04-01,Project Atlas,Billable,35.4
EMP00232,Analyst,Permanent,2024-04-01,Project Falcon,Non-Billable,170.5
EMP00167,Junior,Permanent,2024-04-01,Project Nimbus,Non-Billable,167.2
EMP00080,Analyst,Part-time,2024-04-01,Project Nova,Billable,78.2
EMP00082,Analyst,Permanent,2024-04-01,Project Nimbus,Non-Billable,162.7
EMP00087,Analyst,Contractor,2024-04-01,Project Atlas,Billable,84.5
EMP00332,Senior Analyst,Permanent,2024-04-01,Project Falcon,Billable,82.4
EMP00213,Senior Analyst,Permanent,2024-04-01,Project Horizon,Billable,55.3
EMP00198,Senior Manager,Freelancer,2024-04-01,Project Atlas,Non-Billable,109.8
EMP00109,Manager,Permanent,2024-04-01,Project Nimbus,Non-Billable,89.0
EMP00340,Analyst,Fixed-term,2024-04-01,Project Nova,Billable,41.5
EMP00108,Junior,Permanent,2024-04-01,Project Titan,Non-Billable,92.0
EMP00261,Analyst,Part-time,2024-04-01,Project Titan,Billable,28.1
EMP00025,Senior Analyst,Contractor,2024-04-01,Project Titan,Non-Billable,78.8
EMP00263,Analyst,Part-time,2024-04-01,Project Zenith,Annual Leave,31.1
EMP00067,Manager,Part-time,2024-04-01,Project Vega,Annual Leave,33.5
EMP00284,Analyst,Permanent,2024-04-01,Project Falcon,Non-Billable,46.2
EMP00235,Analyst,Fixed-term,2024-04-01,Project Falcon,Non-Billable,126.6
EMP00302,Junior,Fixed-term,2024-04-01,Project Zenith,Non-Billable,171.7
EMP00189,Senior Analyst,Part-time,2024-04-01,Project Nimbus,Annual Leave,16.4
EMP00049,Senior Manager,Fixed-term,2024-04-01,Project Vega,Billable,120.1
EMP00331,Senior Analyst,Permanent,2024-04-01,Project Aurora,Billable,49.4
EMP00321,Manager,Part-time,2024-04-01,Project Zenith,Non-Billable,55.8
EMP00233,Junior,Permanent,2024-04-01,Project Orion,Non-Billable,123.0
EMP00057,Intern,Part-time,2024-04-01,Project Nova,Annual Leave,19.1
EMP00222,Senior Analyst,Permanent,2024-04-01,Project Vega,Annual Leave,32.3
EMP00275,Junior,Part-time,2024-04-01,Project Atlas,Non-Billable,48.2
EMP00312,Analyst,Fixed-term,2024-04-01,Project Atlas,Billable,128.4
EMP00286,Analyst,Fixed-term,2024-04-01,Project Nimbus,Billable,81.6
EMP00214,Senior Analyst,Freelancer,2024-04-01,Project Orion,Billable,35.3
EMP00059,Manager,Fixed-term,2024-04-01,Project Titan,Non-Billable,133.2
EMP00314,Senior Analyst,Permanent,2024-04-01,Project Atlas,Billable,48.4
EMP00072,Senior Analyst,Permanent,2024-04-01,Project Titan,Non-Billable,163.6
EMP00191,Intern,Freelancer,2024-04-01,Project Orion,Billable,48.8
EMP00287,Senior Analyst,Contractor,2024-04-01,Project Aurora,Billable,58.5
EMP00063,Junior,Permanent,2024-04-01,Project Falcon,Non-Billable,98.3
EMP00218,Analyst,Fixed-term,2024-04-01,Project Nimbus,Non-Billable,84.3
EMP00157,Junior,Permanent,2024-04-01,Project Atlas,Non-Billable,83.1
EMP00314,Senior Analyst,Permanent,2024-04-01,Project Atlas,Non-Billable,100.2
EMP00012,Analyst,Fixed-term,2024-04-01,Project Nimbus,Non-Billable,120.5
EMP00146,Analyst,Permanent,2024-04-01,Project Aurora,Billable,141.6
EMP00043,Intern,Contractor,2024-04-01,Project Falcon,Non-Billable,81.7
EMP00159,Junior,Permanent,2024-04-01,Project Vega,Billable,45.4
EMP00265,Intern,Permanent,2024-04-01,Project Zenith,Non-Billable,122.4
EMP00168,Junior,Permanent,2024-04-01,Project Atlas,Non-Billable,171.8
EMP00190,Junior,Freelancer,2024-04-01,Project Horizon,Billable,66.2
EMP00261,Analyst,Part-time,2024-04-01,Project Titan,Non-Billable,64.9
EMP00322,Senior Analyst,Part-time,2024-04-01,Project Vega,Non-Billable,55.2
EMP00137,Analyst,Permanent,2024-04-01,Project Atlas,Non-Billable,126.8
EMP00326,Manager,Permanent,2024-04-01,Project Falcon,Billable,62.5
EMP00311,Analyst,Permanent,2024-04-01,Project Nimbus,Non-Billable,174.2
EMP00210,Director,Fixed-term,2024-04-01,Project Nova,Non-Billable,31.4
EMP00077,Senior Analyst,Fixed-term,2024-04-01,Project Horizon,Non-Billable,130.9
EMP00238,Intern,Permanent,2024-04-01,Project Nova,Billable,97.9
EMP00045,Analyst,Fixed-term,2024-04-01,Project Atlas,Billable,79.1
EMP00090,Director,Permanent,2024-04-01,Project Nova,Billable,51.5
EMP00289,Junior,Fixed-term,2024-04-01,Project Nova,Non-Billable,179.0
EMP00273,Junior,Fixed-term,2024-04-01,Project Falcon,Billable,106.1
EMP00096,Senior Analyst,Contractor,2024-04-01,Project Zenith,Non-Billable,92.6
EMP00284,Analyst,Permanent,2024-04-01,Project Falcon,Billable,123.0
EMP00264,Junior,Part-time,2024-04-01,Project Orion,Non-Billable,57.8
EMP00049,Senior Manager,Fixed-term,2024-04-01,Project Vega,Non-Billable,60.2
EMP00200,Senior Manager,Fixed-term,2024-04-01,Project Vega,Non-Billable,100.4
EMP00305,Junior,Permanent,2024-04-01,Project Nova,Non-Billable,169.6
EMP00298,Junior,Freelancer,2024-04-01,Project Atlas,Non-Billable,74.5
EMP00151,Analyst,Fixed-term,2024-04-01,Project Vega,Non-Billable,96.6
EMP00317,Manager,Fixed-term,2024-04-01,Project Horizon,Non-Billable,112.2
EMP00097,Analyst,Freelancer,2024-04-01,Project Atlas,Non-Billable,84.6
EMP00078,Analyst,Contractor,2024-04-01,Project Aurora,Annual Leave,39.1
EMP00086,Senior Analyst,Part-time,2024-04-01,Project Falcon,Annual Leave,18.7
EMP00134,Analyst,Permanent,2024-04-01,Project Orion,Non-Billable,166.9
EMP00036,Senior Manager,Permanent,2024-04-01,Project Nimbus,Annual Leave,34.8
EMP00215,Junior,Contractor,2024-04-01,Project Zenith,Non-Billable,82.6
EMP00116,Manager,Fixed-term,2024-04-01,Project Zenith,Non-Billable,92.3
EMP00064,Senior Analyst,Permanent,2024-04-01,Project Nimbus,Billable,117.0
EMP00162,Manager,Freelancer,2024-04-01,Project Orion,Non-Billable,134.5
EMP00173,Manager,Freelancer,2024-04-01,Project Aurora,Non-Billable,120.7
EMP00337,Senior Manager,Permanent,2024-04-01,Project Falcon,Non-Billable,156.0
EMP00302,Junior,Fixed-term,2024-04-01,Project Zenith,Non-Billable,171.7
EMP00263,Analyst,Part-time,2024-04-01,Project Zenith,Non-Billable,36.5
EMP00136,Senior Analyst,Fixed-term,2024-04-01,Project Orion,Annual Leave,11.9
EMP00169,Analyst,Fixed-term,2024-04-01,Project Falcon,Billable,77.7
EMP00325,Director,Fixed-term,2024-04-01,Project Falcon,Non-Billable,177.1
EMP00331,Senior Analyst,Permanent,2024-04-01,Project Aurora,Non-Billable,114.8
EMP00130,Junior,Permanent,2024-04-01,Project Nova,Billable,45.4
EMP00032,Manager,Contractor,2024-04-01,Project Atlas,Non-Billable,140.6
EMP00286,Analyst,Fixed-term,2024-04-01,Project Nimbus,Non-Billable,83.2
EMP00105,Junior,Permanent,2024-04-01,Project Aurora,Billable,51.4
EMP00285,Analyst,Fixed-term,2024-04-01,Project Aurora,Non-Billable,164.0
EMP00006,Analyst,Contractor,2024-04-01,Project Zenith,Billable,60.8
EMP00070,Junior,Permanent,2024-04-01,Project Nimbus,Billable,57.0
EMP00164,Junior,Contractor,2024-04-01,Project Nova,Non-Billable,147.7
EMP00005,Intern,Permanent,2024-04-01,project zenith,Non-Billable,123.0
EMP00027,Senior Analyst,Permanent,2024-04-01,Project Titan,Billable,58.6
EMP00222,Senior Analyst,Permanent,2024-04-01,Project Vega,Non-Billable,136.2
EMP00300,Analyst,Fixed-term,2024-04-01,Project Nimbus,Billable,72.0
EMP00335,Senior Analyst,Permanent,2024-04-01,Project Falcon,Billable,73.9
EMP00291,Analyst,Fixed-term,2024-04-01,Project Horizon,Billable,47.2
EMP00013,Analyst,Part-time,2024-04-01,Project Atlas,Billable,41.9
EMP00142,Analyst,Permanent,2024-04-01,Project Falcon,Billable,64.7
EMP00306,Junior,Permanent,2024-04-01,Project Vega,Non-Billable,163.8
EMP00307,Analyst,Part-time,2024-04-01,Project Horizon,Non-Billable,76.0
EMP00050,Manager,Freelancer,2024-04-01,Project Vega,Non-Billable,136.0
EMP00169,Analyst,Fixed-term,2024-04-01,Project Falcon,Non-Billable,81.2
EMP00210,Director,Fixed-term,2024-04-01,Project Nova,Annual Leave,39.8
EMP00214,Senior Analyst,Freelancer,2024-04-01,Project Orion,Non-Billable,98.5
EMP00030,Manager,Permanent,2024-04-01,Project Aurora,Annual Leave,9.0
EMP00268,Senior Analyst,Permanent,2024-04-01,Project Horizon,Non-Billable,94.2
EMP00185,Junior,Part-time,2024-04-01,Project Horizon,Non-Billable,48.9
EMP00194,Analyst,Freelancer,2024-04-01,Project Vega,Annual Leave,21.3
EMP00307,Analyst,Part-time,2024-04-01,Project Horizon,Billable,27.3
EMP00174,Intern,Permanent,2024-04-01,Project Aurora,Billable,93.0
EMP00097,Analyst,Freelancer,2024-04-01,Project Atlas,Billable,42.8
EMP00205,Manager,Permanent,2024-04-01,Project Atlas,Non-Billable,168.0
EMP00316,Analyst,Permanent,2024-04-01,Project Titan,Non-Billable,178.4
EMP00102,Analyst,Contractor,2024-04-01,Project Vega,Billable,52.9
EMP00256,Manager,Part-time,2024-04-01,Project Atlas,Non-Billable,106.3
EMP00061,Analyst,Permanent,2024-04-01,Project Horizon,Non-Billable,73.4
EMP00104,Junior,Permanent,2024-04-01,Project Falcon,Billable,59.6
EMP00179,Analyst,Part-time,2024-04-01,Project Nimbus,Non-Billable,47.4
EMP00099,Analyst,Permanent,2024-04-01,Project Titan,Non-Billable,110.5
EMP00294,Senior Manager,Permanent,2024-04-01,Project Nova,Non-Billable,45.9
EMP00287,Senior Analyst,Contractor,2024-04-01,Project Aurora,Annual Leave,13.6
EMP00288,Junior,Permanent,2024-04-01,Project Zenith,Non-Billable,124.8
EMP00033,Director,Fixed-term,2024-04-01,Project Horizon,Billable,69.3
EMP00266,Manager,Fixed-term,2024-04-01,Project Orion,Billable,58.4
EMP00293,Manager,Fixed-term,2024-04-01,Project Aurora,Non-Billable,87.8
EMP00031,Manager,Contractor,2024-04-01,Project Nimbus,Non-Billable,70.5
EMP00213,Senior Analyst,Permanent,2024-04-01,Project Horizon,Non-Billable,107.3
EMP00067,Manager,Part-time,2024-04-01,Project Vega,Non-Billable,63.3
EMP00086,Senior Analyst,Part-time,2024-04-01,Project Falcon,Non-Billable,56.1
EMP00003,Intern,Freelancer,2024-04-01,Project Zenith,Billable,53.0
EMP00090,Director,Permanent,2024-04-01,Project Nova,Non-Billable,114.2
EMP00006,Analyst,Contractor,2024-04-01,Project Zenith,Non-Billable,107.7
EMP00155,Junior,Permanent,2024-04-01,Project Vega,Billable,71.7
EMP00171,Analyst,Permanent,2024-04-01,Project Zenith,Billable,61.1
EMP00247,Junior,Fixed-term,2024-04-01,Project Titan,Billable,54.4
EMP00336,Manager,Freelancer,2024-04-01,Project Titan,Non-Billable,99.3
EMP00078,Analyst,Contractor,2024-04-01,Project Aurora,Non-Billable,65.0
EMP00225,Senior Analyst,Permanent,2024-04-01,Project Vega,Non-Billable,91.5
EMP00254,Manager,Freelancer,2024-04-01,Project Orion,Non-Billable,88.8
EMP00238,Intern,Permanent,2024-04-01,Project Nova,Non-Billable,50.0
EMP00056,Analyst,Permanent,2024-04-01,Project Aurora,Billable,66.3
EMP00180,Analyst,Fixed-term,2024-04-01,Project Orion,Non-Billable,110.1
EMP00084,Senior Manager,Contractor,2024-04-01,Project Falcon,Annual Leave,19.2
EMP00094,Senior Analyst,Contractor,2024-04-01,Project Vega,Non-Billable,82.5
EMP00317,Manager,Fixed-term,2024-04-01,Project Horizon,Billable,60.8
EMP00098,Intern,Fixed-term,2024-04-01,Project Atlas,Non-Billable,40.9
EMP00013,Analyst,Part-time,2024-04-01,Project Atlas,Non-Billable,54.7
EMP00340,Analyst,Fixed-term,2024-04-01,Project Nova,Non-Billable,109.9
EMP00189,Senior Analyst,Part-time,2024-04-01,Project Nimbus,Billable,28.1
EMP00210,Director,Fixed-term,2024-04-01,Project Nova,Billable,85.8
EMP00242,Intern,Permanent,2024-04-01,Project Nova,Billable,51.4
EMP00239,Analyst,Freelancer,2024-04-01,Project Vega,Non-Billable,36.5
EMP00038,Analyst,Permanent,2024-04-01,Project Vega,Billable,43.2
EMP00324,Junior,Permanent,2024-04-01,Project Falcon,Billable,40.6
EMP00143,Analyst,Permanent,2024-04-01,Project Orion,Non-Billable,93.8
EMP00271,Senior Analyst,Permanent,2024-04-01,Project Aurora,Non-Billable,170.1
EMP00045,Analyst,Fixed-term,2024-04-01,Project Atlas,Non-Billable,68.3
EMP00201,Analyst,Permanent,2024-04-01,Project Falcon,Non-Billable,117.2
EMP00063,Junior,Permanent,2024-04-01,Project Falcon,Billable,73.3
EMP00338,Intern,Contractor,2024-04-01,Project Nova,Billable,70.0
EMP00021,Senior Analyst,Fixed-term,2024-04-01,Project Horizon,Non-Billable,54.7
EMP00059,Manager,Fixed-term,2024-04-01,Project Titan,Billable,51.0
EMP00312,Analyst,Fixed-term,2024-04-01,Project Atlas,Non-Billable,45.3
EMP00291,Analyst,Fixed-term,2024-04-01,Project Horizon,Annual Leave,29.2
EMP00204,Junior,Permanent,2024-04-01,Project Zenith,Non-Billable,80.7
EMP00180,Analyst,Fixed-term,2024-04-01,Project Orion,Billable,54.8
EMP00340,Analyst,Fixed-term,2024-04-01,Project Nova,Annual Leave,25.4
EMP00254,Manager,Freelancer,2024-04-01,Project Orion,Billable,45.1
EMP00056,Analyst,Permanent,2024-04-01,Project Aurora,Non-Billable,103.7
EMP00077,Senior Analyst,Fixed-term,2024-04-01,Project Horizon,Annual Leave,16.3
EMP00149,Senior Analyst,Permanent,2024-04-01,Project Falcon,Non-Billable,171.0
EMP00247,Junior,Fixed-term,2024-04-01,Project Titan,Non-Billable,102.1
EMP00200,Senior Manager,Fixed-term,2024-04-01,Project Vega,Billable,64.2
EMP00035,Manager,Permanent,2024-04-01,Project Aurora,Non-Billable,96.4
EMP00196,Analyst,Part-time,2024-04-01,Project Orion,Non-Billable,56.3
EMP00176,Senior Manager,Freelancer,2024-04-01,Project Nova,Billable,36.9
EMP00204,Junior,Permanent,2024-04-01,Project Zenith,Billable,87.6
EMP00108,Junior,Permanent,2024-04-01,Project Titan,Billable,60.8
EMP00273,Junior,Fixed-term,2024-04-01,Project Falcon,Non-Billable,39.7
EMP00206,Senior Analyst,Part-time,2024-04-01,Project Nimbus,Non-Billable,65.2
EMP00121,Senior Analyst,Contractor,2024-04-01,Project Nimbus,Non-Billable,144.5
EMP00055,Senior Manager,Fixed-term,2024-04-01,Project Atlas,Billable,64.2
EMP00116,Manager,Fixed-term,2024-04-01,Project Zenith,Billable,86.0
EMP00036,Senior Manager,Permanent,2024-04-01,Project Nimbus,Non-Billable,75.8
EMP00025,Senior Analyst,Contractor,2024-04-01,Project Titan,Billable,63.4
EMP00125,Senior Analyst,Fixed-term,2024-04-01,Project Titan,Non-Billable,119.3
EMP00151,Analyst,Fixed-term,2024-04-01,Project Vega,Billable,70.1
EMP00103,Director,Fixed-term,2024-04-01,Project Nova,Non-Billable,29.5
EMP00140,Intern,Permanent,2024-04-01,Project Aurora,Non-Billable,64.2
EMP00038,Analyst,Permanent,2024-04-01,Project Vega,Non-Billable,130.9
EMP00257,Manager,Fixed-term,2024-04-01,PROJECT VEGA,Non-Billable,82.3
EMP00117,Intern,Fixed-term,2024-04-01,Project Horizon,Billable,59.3
EMP00191,Intern,Freelancer,2024-04-01,Project Orion,Non-Billable,76.9
EMP00076,Intern,Permanent,2024-04-01,Project Titan,Billable,75.7
EMP00109,Manager,Permanent,2024-04-01,Project Nimbus,Annual Leave,34.4
EMP00330,Senior Analyst,Part-time,2024-04-01,Project Nimbus,Billable,23.9
EMP00041,Intern,Permanent,2024-04-01,Project Vega,Non-Billable,174.8
EMP00153,Analyst,Part-time,2024-04-01,Project Zenith,Non-Billable,65.1
EMP00194,Analyst,Freelancer,2024-04-01,Project Vega,Non-Billable,69.0
EMP00104,Junior,Permanent,2024-04-01,Project Falcon,Non-Billable,90.6
EMP00280,Manager,Permanent,2024-04-01,Project Orion,Non-Billable,129.6
EMP00250,Senior Manager,Fixed-term,2024-04-01,Project Zenith,Billable,46.3
EMP00093,Analyst,Fixed-term,2024-04-01,Project Orion,Non-Billable,98.8
EMP00268,Senior Analyst,Permanent,2024-04-01,Project Horizon,Annual Leave,31.9
EMP00252,Intern,Part-time,2024-04-01,Project Titan,Non-Billable,93.8
EMP00291,Analyst,Fixed-term,2024-04-01,Project Horizon,Non-Billable,101.6
EMP00172,Senior Analyst,Part-time,2024-04-01,Project Zenith,Non-Billable,58.9
EMP00287,Senior Analyst,Contractor,2024-04-01,Project Aurora,Non-Billable,76.1
EMP00030,Manager,Permanent,2024-04-01,Project Aurora,Billable,51.8
EMP00273,Junior,Fixed-term,2024-04-01,Project Falcon,Annual Leave,20.8
EMP00335,Senior Analyst,Permanent,2024-04-01,Project Falcon,Non-Billable,101.9
EMP00330,Senior Analyst,Part-time,2024-04-01,Project Nimbus,Non-Billable,53.1
EMP00105,Junior,Permanent,2024-04-01,Project Aurora,Non-Billable,122.3
EMP00190,Junior,Freelancer,2024-04-01,Project Horizon,Non-Billable,66.6
EMP00262,Analyst,Permanent,2024-04-01,Project Vega,Non-Billable,154.7
EMP00320,Junior,Part-time,2024-04-01,Project Aurora,Billable,44.3
EMP00138,Senior Analyst,Part-time,2024-04-01,Project Vega,Annual Leave,38.1
EMP00076,Intern,Permanent,2024-04-01,Project Titan,Non-Billable,97.2
EMP00159,Junior,Permanent,2024-04-01,Project Vega,Non-Billable,113.1
EMP00078,Analyst,Contractor,2024-04-01,Project Aurora,Billable,39.2
EMP00336,Manager,Freelancer,2024-04-01,Project Titan,Billable,35.8
EMP00223,Senior Manager,Permanent,2024-04-01,Project Titan,Billable,94.9
EMP00022,Analyst,Permanent,2024-04-01,Project Orion,Billable,60.3
EMP00257,Manager,Fixed-term,2024-04-01,Project Vega,Billable,95.8
EMP00143,Analyst,Permanent,2024-04-01,Project Orion,Annual Leave,35.5
EMP00084,Senior Manager,Contractor,2024-04-01,Project Falcon,Non-Billable,135.4
EMP00029,Manager,Permanent,2024-04-01,Project Nimbus,Billable,58.6
EMP00155,Junior,Permanent,2024-04-01,Project Vega,Non-Billable,99.6
EMP00239,Analyst,Freelancer,2024-04-01,Project Vega,Billable,104.0
EMP00074,Junior,Permanent,2024-04-01,Project Horizon,Billable,84.8
EMP00098,Intern,Fixed-term,2024-04-01,Project Atlas,Billable,123.4
EMP00297,Junior,Permanent,2024-04-01,Project Vega,Billable,66.6
EMP00110,Junior,Part-time,2024-04-01,Project Horizon,Non-Billable,63.9
EMP00212,Junior,Fixed-term,2024-04-01,Project Vega,Non-Billable,115.4
EMP00318,Junior,Contractor,2024-04-01,Project Nimbus,Annual Leave,39.2
EMP00043,Intern,Contractor,2024-04-01,Project Falcon,Billable,59.6
EMP00172,Senior Analyst,Part-time,2024-04-01,Project Zenith,Annual Leave,35.3
EMP00339,Manager,Contractor,2024-04-01,Project  Nova,Non-Billable,158.5
EMP00251,Director,Fixed-term,2024-04-01,Project Falcon,Billable,87.5
EMP00301,Analyst,Freelancer,2024-04-01,Project Vega,Billable,62.2
EMP00096,Senior Analyst,Contractor,2024-04-01,Project Zenith,Billable,75.0
EMP00338,Intern,Contractor,2024-04-01,Project Nova,Non-Billable,94.3
EMP00310,Senior Analyst,Fixed-term,2024-04-01,Project Atlas,Non-Billable,168.0
EMP00080,Analyst,Part-time,2024-04-01,Project Nova,Non-Billable,17.6
EMP00003,Intern,Freelancer,2024-04-01,Project Zenith,Non-Billable,78.5
EMP00298,Junior,Freelancer,2024-04-01,Project Atlas,Billable,60.3
EMP00137,Analyst,Permanent,2024-04-01,Project Atlas,Billable,52.4
EMP00023,Junior,Permanent,2024-04-01,Project Aurora,Billable,82.9
EMP00196,Analyst,Part-time,2024-04-01,Project Orion,Billable,42.6
EMP00020,Senior Manager,Permanent,2024-04-01,Project Horizon,Non-Billable,90.8
EMP00293,Manager,Fixed-term,2024-04-01,Project Aurora,Billable,78.2
EMP00187,Analyst,Permanent,2024-04-01,Project Orion,Billable,87.7
EMP00301,Analyst,Freelancer,2024-04-01,Project Vega,Non-Billable,60.3
EMP00163,Senior Analyst,Part-time,2024-04-01,Project Aurora,Annual Leave,24.8
EMP00103,Director,Fixed-term,2024-04-01,Project Nova,Billable,143.1
EMP00202,Junior,Permanent,2024-04-01,Project Atlas,Billable,75.5
EMP00138,Senior Analyst,Part-time,2024-04-01,Project Vega,Billable,33.7
EMP00211,Manager,Fixed-term,2024-04-01,Project Orion,Non-Billable,98.7
EMP00035,Manager,Permanent,2024-04-01,Project Aurora,Billable,67.4
EMP00218,Analyst,Fixed-term,2024-04-01,Project Nimbus,Billable,55.2
EMP00136,Senior Analyst,Fixed-term,2024-04-01,Project Orion,Non-Billable,141.0
EMP00057,Intern,Part-time,2024-04-01,Project Nova,Non-Billable,73.6
EMP00231,Intern,Fixed-term,2024-04-01,Project Atlas,Non-Billable,111.1
EMP00157,Junior,Permanent,2024-04-01,Project Atlas,Billable,83.6
EMP00202,Junior,Permanent,2024-04-01,Project Atlas,Non-Billable,107.1
EMP00251,Director,Fixed-term,2024-04-01,Project Falcon,Annual Leave,13.6
EMP00224,Senior Manager,Fixed-term,2024-04-01,Project Falcon,Annual Leave,25.5
EMP00332,Senior Analyst,Permanent,2024-04-01,Project Falcon,Non-Billable,101.5
EMP00132,Junior,Fixed-term,2024-04-01,Project Nimbus,Non-Billable,175.9
EMP00330,Senior Analyst,Part-time,2024-04-01,Project Nimbus,Annual Leave,15.1
EMP00184,Junior,Permanent,2024-04-01,Project Falcon,Non-Billable,99.8
EMP00303,Senior Manager,Permanent,2024-04-01,Project Horizon,Non-Billable,117.6
EMP00179,Analyst,Part-time,2024-04-01,Project Nimbus,Billable,54.7
EMP00251,Director,Fixed-term,2024-04-01,Project Falcon,Non-Billable,65.0
EMP00280,Manager,Permanent,2024-04-01,Project Orion,Annual Leave,28.2
EMP00093,Analyst,Fixed-term,2024-04-01,Project Orion,Billable,57.7
EMP00022,Analyst,Permanent,2024-04-01,Project Orion,Non-Billable,108.4
EMP00142,Analyst,Permanent,2024-04-01,Project Falcon,Annual Leave,38.7
EMP00028,Analyst,Permanent,2024-04-01,Project Vega,Non-Billable,166.2
EMP00128,Manager,Fixed-term,2024-04-01,Project Vega,Non-Billable,119.9
EMP00125,Senior Analyst,Fixed-term,2024-04-01,Project Titan,Billable,51.3
EMP00148,Junior,Permanent,2024-04-01,Project Nova,Billable,73.7
EMP00117,Intern,Fixed-term,2024-04-01,Project Horizon,Non-Billable,112.1
EMP00037,Analyst,Fixed-term,2024-04-01,Project Orion,Billable,41.9
EMP00225,Senior Analyst,Permanent,2024-04-01,Project Vega,Billable,65.9
EMP00086,Senior Analyst,Part-time,2024-04-01,Project Falcon,Billable,17.5
EMP00185,Junior,Part-time,2024-04-01,Project Horizon,Billable,49.2
EMP00250,Senior Manager,Fixed-term,2024-04-01,Project Zenith,Annual Leave,34.7
EMP00299,Senior Analyst,Fixed-term,2024-04-01,Project Nova,Annual Leave,19.9
EMP00031,Manager,Contractor,2024-04-01,Project Nimbus,Annual Leave,14.4
EMP00195,Junior,Permanent,2024-04-01,Project Titan,Non-Billable,108.8
EMP00101,Manager,Permanent,2024-04-01,Project Zenith,Non-Billable,161.1
EMP00322,Senior Analyst,Part-time,2024-04-01,Project Vega,Billable,38.0
EMP00106,Intern,Contractor,2024-04-01,Project Nova,Non-Billable,104.4
EMP00324,Junior,Permanent,2024-04-01,Project Falcon,Non-Billable,133.5
EMP00139,Intern,Permanent,2024-04-01,Project Titan,Non-Billable,155.5
EMP00143,Analyst,Permanent,2024-04-01,Project Orion,Billable,37.5
EMP00224,Senior Manager,Fixed-term,2024-04-01,Project Falcon,Non-Billable,137.0
EMP00189,Senior Analyst,Part-time,2024-04-01,Project Nimbus,Non-Billable,53.9
EMP00104,Junior,Permanent,2024-04-01,Project Falcon,Annual Leave,29.8
EMP00211,Manager,Fixed-term,2024-04-01,Project Orion,Annual Leave,27.5
EMP00070,Junior,Permanent,2024-04-01,Project Nimbus,Non-Billable,108.7
EMP00303,Senior Manager,Permanent,2024-04-01,Project Horizon,Billable,57.2
EMP00064,Senior Analyst,Permanent,2024-04-01,Project Nimbus,Non-Billable,60.6
EMP00194,Analyst,Freelancer,2024-04-01,Project Vega,Billable,46.4
EMP00314,Senior Analyst,Permanent,2024-04-01,Project Atlas,Annual Leave,34.7
EMP00233,Junior,Permanent,2024-04-01,Project Orion,Billable,52.6
EMP00106,Intern,Contractor,2024-04-01,Project Nova,Billable,40.2
EMP00300,Analyst,Fixed-term,2024-04-01,Project Nimbus,Non-Billable,89.7
EMP00176,Senior Manager,Freelancer,2024-04-01,Project Nova,Non-Billable,83.9
EMP00012,Analyst,Fixed-term,2024-04-01,Project Nimbus,Billable,56.4
EMP00288,Junior,Permanent,2024-04-01,Project Zenith,Billable,50.7
EMP00218,Analyst,Fixed-term,2024-04-01,,Maternity Leave,25.1
EMP00244,Senior Analyst,Permanent,2024-04-01,Project Nimbus,Billable,113.2
EMP00231,Intern,Fixed-term,2024-04-01,Project Atlas,Annual Leave,15.0
EMP00281,Analyst,Permanent,2024-04-01,Project Falcon,Non-Billable,111.5
EMP00131,Junior,Contractor,2024-04-01,Project Orion,Billable,71.0
EMP00321,Manager,Part-time,2024-04-01,Project Zenith,Billable,37.1
EMP00027,Senior Analyst,Permanent,2024-04-01, Project Titan,Non-Billable,100.6
EMP00236,Analyst,Freelancer,2024-04-01,Project Zenith,Non-Billable,83.8
EMP00187,Analyst,Permanent,2024-04-01,Project Orion,Non-Billable,83.5
EMP00272,Senior Analyst,Contractor,2024-04-01,Project Zenith,Billable,55.2
EMP00320,Junior,Part-time,2024-04-01,Project Aurora,Non-Billable,53.3
EMP00131,Junior,Contractor,2024-04-01,Project Orion,Non-Billable,78.3
EMP00266,Manager,Fixed-term,2024-04-01,Project Orion,Non-Billable,99.2
EMP00268,Senior Analyst,Permanent,2024-04-01,Project Horizon,Billable,36.7
EMP00244,Senior Analyst,Permanent,2024-04-01,Project Nimbus,Non-Billable,59.0
EMP00195,Junior,Permanent,2024-04-01,Project Titan,Billable,52.6
EMP00186,Junior,Part-time,2024-04-01,Project Orion,Non-Billable,107.2
EMP00171,Analyst,Permanent,2024-04-01,Project Zenith,Non-Billable,96.5
EMP00188,Analyst,Fixed-term,2024-04-01,Project Orion,Billable,48.2
EMP00198,Senior Manager,Freelancer,2024-04-01,Project Atlas,Annual Leave,34.5
EMP00180,Analyst,Fixed-term,2024-05-01,Project Orion,Non-Billable,71.8
EMP00143,Analyst,Permanent,2024-05-01,Project Orion,Billable,43.3
EMP00196,Analyst,Part-time,2024-05-01,Project Orion,Billable,40.9
EMP00003,Intern,Freelancer,2024-05-01,Project Zenith,Non-Billable,74.1
EMP00055,Senior Manager,Fixed-term,2024-05-01,Project Atlas,Billable,61.2
EMP00210,Director,Fixed-term,2024-05-01,Project Nova,Billable,119.7
EMP00214,Senior Analyst,Freelancer,2024-05-01,Project Orion,Non-Billable,96.5
EMP00257,Manager,Fixed-term,2024-05-01,Project Vega,Non-Billable,72.2
EMP00163,Senior Analyst,Part-time,2024-05-01,Project Aurora,Non-Billable,67.3
EMP00325,Director,Fixed-term,2024-05-01,Project Falcon,Non-Billable,167.2
EMP00059,Manager,Fixed-term,2024-05-01,Project Titan,Billable,52.8
EMP00324,Junior,Permanent,2024-05-01,Project Falcon,Non-Billable,122.9
EMP00321,Manager,Part-time,2024-05-01,Project Zenith,Billable,34.6
EMP00256,Manager,Part-time,2024-05-01,Project Atlas,Non-Billable,95.6
EMP00023,Junior,Permanent,2024-05-01,Project Aurora,Non-Billable,78.5
EMP00271,Senior Analyst,Permanent,2024-05-01,Project Aurora,Non-Billable,181.3
EMP00200,Senior Manager,Fixed-term,2024-05-01,Project Vega,Billable,75.2
EMP00140,Intern,Permanent,2024-05-01,Project Aurora,Billable,100.5
EMP00027,Senior Analyst,Permanent,2024-05-01,Project Titan,Non-Billable,95.0
EMP00294,Senior Manager,Permanent,2024-05-01,Project Nova,Billable,119.0
EMP00063,Junior,Permanent,2024-05-01,Project Falcon,Billable,62.6
EMP00266,Manager,Fixed-term,2024-05-01,Project Orion,Non-Billable,110.8
EMP00242,Intern,Permanent,2024-05-01,Project Nova,Non-Billable,126.7
EMP00031,Manager,Contractor,2024-05-01,Project Nimbus,Non-Billable,98.4
EMP00126,Senior Manager,Part-time,2024-05-01,Project Vega,Non-Billable,53.9
EMP00104,Junior,Permanent,2024-05-01,Project Falcon,Non-Billable,112.7
EMP00194,Analyst,Freelancer,2024-05-01,Project Vega,Non-Billable,81.6
EMP00033,Director,Fixed-term,2024-05-01,Project Horizon,Billable,62.6
EMP00099,Analyst,Permanent,2024-05-01,Project Titan,Non-Billable,104.5
EMP00003,Intern,Freelancer,2024-05-01,Project Zenith,Billable,54.2
EMP00021,Senior Analyst,Fixed-term,2024-05-01,Project Horizon,Billable,102.6
EMP00190,Junior,Freelancer,2024-05-01,Project Horizon,Annual Leave,17.9
EMP00138,Senior Analyst,Part-time,2024-05-01,Project Vega,Non-Billable,63.5
EMP00330,Senior Analyst,Part-time,2024-05-01,Project Nimbus,Non-Billable,67.4
EMP00272,Senior Analyst,Contractor,2024-05-01,Project Zenith,Billable,52.0
EMP00265,Intern,Permanent,2024-05-01,Project Zenith,Non-Billable,101.1
EMP00151,Analyst,Fixed-term,2024-05-01,Project Vega,Billable,80.3
EMP00005,Intern,Permanent,2024-05-01,Project Zenith,Non-Billable,124.6
EMP00012,Analyst,Fixed-term,2024-05-01,Project Nimbus,Non-Billable,126.0
EMP00338,Intern,Contractor,2024-05-01,Project Nova,Billable,66.9
EMP00173,Manager,Freelancer,2024-05-01,Project Aurora,Non-Billable,106.8
EMP00312,Analyst,Fixed-term,2024-05-01,Project Atlas,Billable,103.4
EMP00299,Senior Analyst,Fixed-term,2024-05-01,Project Nova,Billable,52.1
EMP00226,Senior Analyst,Part-time,2024-05-01,Project Vega,Non-Billable,77.7
EMP00098,Intern,Fixed-term,2024-05-01,Project Atlas,Billable,151.6
EMP00162,Manager,Freelancer,2024-05-01,Project Orion,Non-Billable,128.8
EMP00045,Analyst,Fixed-term,2024-05-01,Project Atlas,Billable,64.5
EMP00224,Senior Manager,Fixed-term,2024-05-01,Project Falcon,Non-Billable,168.3
EMP00128,Manager,Fixed-term,2024-05-01,Project Vega,Non-Billable,103.5
EMP00140,Intern,Permanent,2024-05-01,Project Aurora,Non-Billable,76.4
EMP00102,Analyst,Contractor,2024-05-01,Project Vega,Non-Billable,92.5
EMP00155,Junior,Permanent,2024-05-01,Project Vega,Non-Billable,91.8
EMP00211,Manager,Fixed-term,2024-05-01,Project Orion,Billable,88.6
EMP00084,Senior Manager,Contractor,2024-05-01,Project Falcon,Non-Billable,148.4
EMP00099,Analyst,Permanent,2024-05-01,Project Titan,Billable,52.5
EMP00252,Intern,Part-time,2024-05-01,Project Titan,Non-Billable,88.1
EMP00174,Intern,Permanent,2024-05-01,Project Aurora,Non-Billable,80.0
EMP00117,Intern,Fixed-term,2024-05-01,Project Horizon,Annual Leave,10.3
EMP00176,Senior Manager,Freelancer,2024-05-01,Project Nova,Non-Billable,94.5
EMP00091,Senior Analyst,Permanent,2024-05-01,Project Nova,Non-Billable,114.1
EMP00187,Analyst,Permanent,2024-05-01,Project Orion,Billable,83.3
EMP00247,Junior,Fixed-term,2024-05-01,Project Titan,Non-Billable,104.9
EMP00102,Analyst,Contractor,2024-05-01,Project Vega,Billable,42.5
EMP00110,Junior,Part-time,2024-05-01,Project Horizon,Non-Billable,29.3
EMP00201,Analyst,Permanent,2024-05-01,Project Falcon,Non-Billable,100.3
EMP00125,Senior Analyst,Fixed-term,2024-05-01,Project Titan,Non-Billable,122.0
EMP00291,Analyst,Fixed-term,2024-05-01,Project Horizon,Billable,63.7
EMP00326,Manager,Permanent,2024-05-01,Project Falcon,Billable,70.9
EMP00206,Senior Analyst,Part-time,2024-05-01,Project Nimbus,Non-Billable,57.5
EMP00331,Senior Analyst,Permanent,2024-05-01,Project Aurora,Non-Billable,124.8
EMP00101,Manager,Permanent,2024-05-01,Project Zenith,Non-Billable,165.4
EMP00231,Intern,Fixed-term,2024-05-01,Project Atlas,Non-Billable,130.8
EMP00148,Junior,Permanent,2024-05-01,Project Nova,Non-Billable,95.3
EMP00250,Senior Manager,Fixed-term,2024-05-01,Project Zenith,Billable,70.1
EMP00300,Analyst,Fixed-term,2024-05-01,Project Nimbus,Non-Billable,85.1
EMP00022,Analyst,Permanent,2024-05-01,Project Orion,Billable,50.3
EMP00275,Junior,Part-time,2024-05-01,Project Atlas,Annual Leave,30.4
EMP00326,Manager,Permanent,2024-05-01,Project Falcon,Non-Billable,92.7
EMP00225,Senior Analyst,Permanent,2024-05-01,Project Vega,Non-Billable,110.8
EMP00336,Manager,Freelancer,2024-05-01,Project Titan,Non-Billable,78.4
EMP00188,Analyst,Fixed-term,2024-05-01,Project Orion,Billable,47.8
EMP00110,Junior,Part-time,2024-05-01,Project Horizon,Billable,29.4
EMP00072,Senior Analyst,Permanent,2024-05-01,Project Titan,Non-Billable,171.5
EMP00023,Junior,Permanent,2024-05-01,Project Aurora,Billable,86.7
EMP00288,Junior,Permanent,2024-05-01,Project Zenith,Non-Billable,105.8
EMP00204,Junior,Permanent,2024-05-01,Project Zenith,Non-Billable,76.0
EMP00106,Intern,Contractor,2024-05-01,Project Nova,Non-Billable,93.3
EMP00116,Manager,Fixed-term,2024-05-01,Project Zenith,Billable,75.1
EMP00125,Senior Analyst,Fixed-term,2024-05-01,Project Titan,Billable,49.0
EMP00316,Analyst,Permanent,2024-05-01,Project Titan,Non-Billable,155.9
EMP00090,Director,Permanent,2024-05-01,Project Nova,Billable,66.6
EMP00244,Senior Analyst,Permanent,2024-05-01,Project Nimbus,Non-Billable,37.1
EMP00291,Analyst,Fixed-term,2024-05-01,Project Horizon,Non-Billable,105.4
EMP00027,Senior Analyst,Permanent,2024-05-01,Project Titan,Billable,47.8
EMP00117,Intern,Fixed-term,2024-05-01,Project Horizon,Billable,71.2
EMP00262,Analyst,Permanent,2024-05-01,Project Vega,Non-Billable,175.2
EMP00117,Intern,Fixed-term,2024-05-01,Project Horizon,Non-Billable,94.7
EMP00108,Junior,Permanent,2024-05-01,Project Titan,Non-Billable,90.2
EMP00299,Senior Analyst,Fixed-term,2024-05-01,Project Nova,Non-Billable,113.9
EMP00245,Senior Analyst,Fixed-term,2024-05-01,Project Falcon,Billable,140.9
EMP00250,Senior Manager,Fixed-term,2024-05-01,Project Zenith,Non-Billable,96.9
EMP00180,Analyst,Fixed-term,2024-05-01,Project Orion,Billable,56.2
EMP00254,Manager,Freelancer,2024-05-01,Project Orion,Billable,33.7
EMP00059,Manager,Fixed-term,2024-05-01,Project Titan,Non-Billable,121.1
EMP00289,Junior,Fixed-term,2024-05-01,Project Nova,Annual Leave,23.1
EMP00058,Manager,Freelancer,2024-05-01,Project Zenith,Non-Billable,57.3
EMP00298,Junior,Freelancer,2024-05-01,Project Atlas,Non-Billable,66.1
EMP00020,Senior Manager,Permanent,2024-05-01,Project Horizon,Non-Billable,85.0
EMP00236,Analyst,Freelancer,2024-05-01,Project Zenith,Non-Billable,80.3
EMP00238,Intern,Permanent,2024-05-01,Project Nova,Non-Billable,64.9
EMP00097,Analyst,Freelancer,2024-05-01,Project Atlas,Billable,49.2
EMP00211,Manager,Fixed-term,2024-05-01,Project Orion,Non-Billable,86.3
EMP00082,Analyst,Permanent,2024-05-01,Project Nimbus,Annual Leave,13.7
EMP00180,Analyst,Fixed-term,2024-05-01,Project Orion,Annual Leave,35.2
EMP00029,Manager,Permanent,2024-05-01,Project Nimbus,Non-Billable,107.9
EMP00159,Junior,Permanent,2024-05-01,Project Vega,Non-Billable,107.8
EMP00124,Analyst,Permanent,2024-05-01,Project Atlas,Non-Billable,81.1
EMP00082,Analyst,Permanent,2024-05-01,Project Nimbus,Non-Billable,151.0
EMP00132,Junior,Fixed-term,2024-05-01,Project Nimbus,Non-Billable,150.0
EMP00013,Analyst,Part-time,2024-05-01,Project Atlas,Non-Billable,57.5
EMP00303,Senior Manager,Permanent,2024-05-01,Project Horizon,Billable,54.5
EMP00077,Senior Analyst,Fixed-term,2024-05-01,Project Horizon,Non-Billable,157.9
EMP00171,Analyst,Permanent,2024-05-01,Project Zenith,Non-Billable,94.7
EMP00281,Analyst,Permanent,2024-05-01,Project Falcon,Non-Billable,106.4
EMP00320,Junior,Part-time,2024-05-01,Project Aurora,Non-Billable,51.9
EMP00022,Analyst,Permanent,2024-05-01,Project Orion,Non-Billable,116.8
EMP00188,Analyst,Fixed-term,2024-05-01,Project Orion,Non-Billable,115.2
EMP00213,Senior Analyst,Permanent,2024-05-01,Project Horizon,Non-Billable,91.3
EMP00257,Manager,Fixed-term,2024-05-01,Project Vega,Annual Leave,37.9
EMP00202,Junior,Permanent,2024-05-01,Project Atlas,Non-Billable,111.6
EMP00098,Intern,Fixed-term,2024-05-01,Project Atlas,Non-Billable,13.5
EMP00218,Analyst,Fixed-term,2024-05-01,Project Nimbus,Billable,58.6
EMP00185,Junior,Part-time,2024-05-01,Project Horizon,Billable,47.6
EMP00148,Junior,Permanent,2024-05-01,Project Nova,Billable,64.8
EMP00200,Senior Manager,Fixed-term,2024-05-01,Project Vega,Non-Billable,96.0
EMP00087,Analyst,Contractor,2024-05-01,Project Atlas,Billable,67.1
EMP00130,Junior,Permanent,2024-05-01,Project Nova,Billable,51.6
EMP00093,Analyst,Fixed-term,2024-05-01,Project Orion,Non-Billable,87.7
EMP00151,Analyst,Fixed-term,2024-05-01,Project Vega,Non-Billable,98.1
EMP00186,Junior,Part-time,2024-05-01,Project Orion,Annual Leave,20.7
EMP00190,Junior,Freelancer,2024-05-01,Project Horizon,Non-Billable,63.8
EMP00113,Analyst,Permanent,2024-05-01,Project Atlas,Non-Billable,166.3
EMP00336,Manager,Freelancer,2024-05-01,Project Titan,Billable,34.0
EMP00011,Executive,Permanent,2024-05-01,Project Falcon,Non-Billable,99.5
EMP00078,Analyst,Contractor,2024-05-01,Project Aurora,Non-Billable,102.9
EMP00231,Intern,Fixed-term,2024-05-01,Project Atlas,Billable,55.6
EMP00034,Senior Manager,Permanent,2024-05-01,Project Atlas,Annual Leave,28.7
EMP00146,Analyst,Permanent,2024-05-01,Project Aurora,Billable,87.5
EMP00335,Senior Analyst,Permanent,2024-05-01,Project Falcon,Non-Billable,89.3
EMP00215,Junior,Contractor,2024-05-01,Project Zenith,Billable,64.9
EMP00086,Senior Analyst,Part-time,2024-05-01,Project Falcon,Billable,27.8
EMP00305,Junior,Permanent,2024-05-01,Project Nova,Non-Billable,163.1
EMP00005,Intern,Permanent,2024-05-01,Project Zenith,Billable,54.7
EMP00235,Analyst,Fixed-term,2024-05-01,Project Falcon,Non-Billable,134.3
EMP00006,Analyst,Contractor,2024-05-01,Project Zenith,Non-Billable,89.9
EMP00312,Analyst,Fixed-term,2024-05-01,Project Atlas,Non-Billable,27.9
EMP00205,Manager,Permanent,2024-05-01,Project Atlas,Non-Billable,148.1
EMP00134,Analyst,Permanent,2024-05-01,Project Orion,Non-Billable,162.4
EMP00033,Director,Fixed-term,2024-05-01,Project Horizon,Non-Billable,111.9
EMP00236,Analyst,Freelancer,2024-05-01,Project Zenith,Annual Leave,26.1
EMP00239,Analyst,Freelancer,2024-05-01,Project Vega,Non-Billable,35.6
EMP00116,Manager,Fixed-term,2024-05-01,Project Zenith,Non-Billable,72.1
EMP00146,Analyst,Permanent,2024-05-01,Project Aurora,Non-Billable,84.8
EMP00037,Analyst,Fixed-term,2024-05-01,Project Orion,Billable,48.8
EMP00245,Senior Analyst,Fixed-term,2024-05-01,Project Falcon,Non-Billable,42.2
EMP00239,Analyst,Freelancer,2024-05-01,Project Vega,Billable,99.8
EMP00312,Analyst,Fixed-term,2024-05-01,Project Atlas,Annual Leave,34.1
EMP00106,Intern,Contractor,2024-05-01,Project Nova,Billable,55.5
EMP00116,Manager,Fixed-term,2024-05-01,Project Zenith,Annual Leave,9.4
EMP00032,Manager,Contractor,2024-05-01,Project Atlas,Non-Billable,147.1
EMP00314,Senior Analyst,Permanent,2024-05-01,Project Atlas,Billable,47.8
EMP00198,Senior Manager,Freelancer,2024-05-01,Project Atlas,Non-Billable,136.4
EMP00184,Junior,Permanent,2024-05-01,Project Falcon,Non-Billable,111.8
EMP00035,Manager,Permanent,2024-05-01,Project Aurora,Non-Billable,98.3
EMP00218,Analyst,Fixed-term,2024-05-01,Project Nimbus,Non-Billable,100.2
EMP00185,Junior,Part-time,2024-05-01,Project Horizon,Non-Billable,49.5
EMP00232,Analyst,Permanent,2024-05-01,Project Falcon,Non-Billable,178.2
EMP00273,Junior,Fixed-term,2024-05-01,Project Falcon,Non-Billable,40.9
EMP00215,Junior,Contractor,2024-05-01,Project Zenith,Non-Billable,88.9
EMP00137,Analyst,Permanent,2024-05-01,Project Atlas,Billable,44.3
EMP00105,Junior,Permanent,2024-05-01,Project Aurora,Billable,43.9
EMP00335,Senior Analyst,Permanent,2024-05-01,Project Falcon,Billable,76.2
EMP00212,Junior,Fixed-term,2024-05-01,Project Vega,Billable,70.0
EMP00275,Junior,Part-time,2024-05-01,Project Atlas,Non-Billable,33.7
EMP00320,Junior,Part-time,2024-05-01,Project Aurora,Billable,43.5
EMP00030,Manager,Permanent,2024-05-01,Project Aurora,Non-Billable,96.8
EMP00268,Senior Analyst,Permanent,2024-05-01,Project Horizon,Non-Billable,101.9
EMP00094,Senior Analyst,Contractor,2024-05-01,Project Vega,Annual Leave,38.7
EMP00025,Senior Analyst,Contractor,2024-05-01,Project Titan,Non-Billable,67.9
EMP00087,Analyst,Contractor,2024-05-01,Project Atlas,Non-Billable,60.8
EMP00036,Senior Manager,Permanent,2024-05-01,Project Nimbus,Annual Leave,10.9
EMP00246,Manager,Part-time,2024-05-01,Project Zenith,Non-Billable,37.7
EMP00058,Manager,Freelancer,2024-05-01,Project Zenith,Billable,41.7
EMP00164,Junior,Contractor,2024-05-01,Project Nova,Non-Billable,136.1
EMP00246,Manager,Part-time,2024-05-01,Project Zenith,Billable,60.0
EMP00070,Junior,Permanent,2024-05-01,Project Nimbus,Billable,60.8
EMP00017,Analyst,Permanent,2024-05-01,Project Atlas,Non-Billable,154.0
EMP00136,Senior Analyst,Fixed-term,2024-05-01,Project Orion,Non-Billable,163.4
EMP00096,Senior Analyst,Contractor,2024-05-01,Project Zenith,Non-Billable,77.7
EMP00090,Director,Permanent,2024-05-01,Project Nova,Non-Billable,80.2
EMP00076,Intern,Permanent,2024-05-01,Project Titan,Non-Billable,83.5
EMP00064,Senior Analyst,Permanent,2024-05-01,Project Nimbus,Billable,129.7
EMP00050,Manager,Freelancer,2024-05-01,Project Vega,Non-Billable,136.6
EMP00301,Analyst,Freelancer,2024-05-01,Project Vega,Billable,70.3
EMP00086,Senior Analyst,Part-time,2024-05-01,Project Falcon,Non-Billable,68.2
EMP00324,Junior,Permanent,2024-05-01,Project Falcon,Billable,50.7
EMP00238,Intern,Permanent,2024-05-01,Project Nova,Billable,91.3
EMP00150,Senior Manager,Fixed-term,2024-05-01,Project Atlas,Non-Billable,108.0
EMP00036,Senior Manager,Permanent,2024-05-01,Project Nimbus,Billable,82.0
EMP00317,Manager,Fixed-term,2024-05-01,Project Horizon,Billable,36.7
EMP00317,Manager,Fixed-term,2024-05-01,Project Horizon,Annual Leave,29.7
EMP00167,Junior,Permanent,2024-05-01,Project Nimbus,Non-Billable,167.2
EMP00038,Analyst,Permanent,2024-05-01,Project Vega,Billable,44.5
EMP00321,Manager,Part-time,2024-05-01,Project Zenith,Non-Billable,59.5
EMP00302,Junior,Fixed-term,2024-05-01,Project Zenith,Non-Billable,153.3
EMP00024,Intern,Freelancer,2024-05-01,Project Zenith,Billable,99.1
EMP00143,Analyst,Permanent,2024-05-01,Project Orion,Non-Billable,130.5
EMP00028,Analyst,Permanent,2024-05-01,Project Vega,Non-Billable,153.5
EMP00061,Analyst,Permanent,2024-05-01,Project Horizon,Non-Billable,71.5
EMP00202,Junior,Permanent,2024-05-01,Project Atlas,Billable,73.4
EMP00139,Intern,Permanent,2024-05-01,Project Titan,Non-Billable,168.4
EMP00103,Director,Fixed-term,2024-05-01,Project Nova,Billable,134.3
EMP00130,Junior,Permanent,2024-05-01,Project Nova,Non-Billable,128.7
EMP00336,Manager,Freelancer,2024-05-01,Project Titan,Annual Leave,17.5
EMP00288,Junior,Permanent,2024-05-01,Project Zenith,Billable,54.1
EMP00226,Senior Analyst,Part-time,2024-05-01,Project Vega,Billable,26.9
EMP00266,Manager,Fixed-term,2024-05-01,Project Orion,Billable,60.0
EMP00284,Analyst,Permanent,2024-05-01,Project Falcon,Non-Billable,44.6
EMP00109,Manager,Permanent,2024-05-01,Project Nimbus,Non-Billable,95.0
EMP00096,Senior Analyst,Contractor,2024-05-01,Project Zenith,Billable,55.2
EMP00065,Director,Fixed-term,2024-05-01,Project Aurora,Non-Billable,159.2
EMP00149,Senior Analyst,Permanent,2024-05-01,Project Falcon,Non-Billable,160.7
EMP00330,Senior Analyst,Part-time,2024-05-01,Project Nimbus,Billable,29.9
EMP00171,Analyst,Permanent,2024-05-01,Project Zenith,Billable,76.0
EMP00074,Junior,Permanent,2024-05-01,Project Horizon,Billable,64.5
EMP00131,Junior,Contractor,2024-05-01,Project Orion,Non-Billable,78.1
EMP00264,Junior,Part-time,2024-05-01,Project Orion,Billable,43.9
EMP00235,Analyst,Fixed-term,2024-05-01,Project Falcon,Billable,52.6
EMP00189,Senior Analyst,Part-time,2024-05-01,Project Nimbus,Billable,36.2
EMP00094,Senior Analyst,Contractor,2024-05-01,Project Vega,Billable,47.2
EMP00339,Manager,Contractor,2024-05-01,Project Nova,Non-Billable,159.7
EMP00157,Junior,Permanent,2024-05-01,Project Atlas,Non-Billable,104.7
EMP00087,Analyst,Contractor,2024-05-01,Project Atlas,Annual Leave,21.2
EMP00063,Junior,Permanent,2024-05-01,Project Falcon,Annual Leave,22.0
EMP00172,Senior Analyst,Part-time,2024-05-01,Project Zenith,Non-Billable,102.8
EMP00247,Junior,Fixed-term,2024-05-01,Project Titan,Billable,62.2
EMP00318,Junior,Contractor,2024-05-01,Project Nimbus,Non-Billable,155.8
EMP00214,Senior Analyst,Freelancer,2024-05-01,Project Orion,Billable,34.3
EMP00058,Manager,Freelancer,2024-05-01,Project Zenith,Annual Leave,33.7
EMP00131,Junior,Contractor,2024-05-01,Project Orion,Billable,68.7
EMP00189,Senior Analyst,Part-time,2024-05-01,Project Nimbus,Non-Billable,64.0
EMP00029,Manager,Permanent,2024-05-01,Project Nimbus,Billable,34.6
EMP00094,Senior Analyst,Contractor,2024-05-01,Project Vega,Non-Billable,58.7
EMP00093,Analyst,Fixed-term,2024-05-01,Project Orion,Billable,52.3
EMP00285,Analyst,Fixed-term,2024-05-01,Project Aurora,Non-Billable,173.5
EMP00027,Senior Analyst,Permanent,2024-05-01,Project Titan,Annual Leave,14.5
EMP00298,Junior,Freelancer,2024-05-01,Project Atlas,Annual Leave,38.9
EMP00284,Analyst,Permanent,2024-05-01,Project Falcon,Billable,139.2
EMP00297,Junior,Permanent,2024-05-01,Project Vega,Annual Leave,19.5
EMP00233,Junior,Permanent,2024-05-01,Project Orion,Billable,54.2
EMP00142,Analyst,Permanent,2024-05-01,Project Falcon,Annual Leave,33.0
EMP00286,Analyst,Fixed-term,2024-05-01,Project Nimbus,Billable,87.6
EMP00025,Senior Analyst,Contractor,2024-05-01,Project Titan,Billable,79.6
EMP00097,Analyst,Freelancer,2024-05-01,Project Atlas,Non-Billable,76.4
EMP00289,Junior,Fixed-term,2024-05-01,Project Nova,Non-Billable,152.9
EMP00280,Manager,Permanent,2024-05-01,Project Orion,Non-Billable,158.1
EMP00138,Senior Analyst,Part-time,2024-05-01,Project Vega,Billable,42.8
EMP00168,Junior,Permanent,2024-05-01,Project Atlas,Non-Billable,159.8
EMP00030,Manager,Permanent,2024-05-01,Project Aurora,Billable,75.9
EMP00294,Senior Manager,Permanent,2024-05-01,Project Nova,Non-Billable,36.9
EMP00340,Analyst,Fixed-term,2024-05-01,Project Nova,Billable,53.5
EMP00201,Analyst,Permanent,2024-05-01,Project Falcon,Billable,40.6
EMP00303,Senior Manager,Permanent,2024-05-01,Project Horizon,Non-Billable,115.3
EMP00236,Analyst,Freelancer,2024-05-01,Project Zenith,Billable,31.5
EMP00024,Intern,Freelancer,2024-05-01,Project Zenith,Non-Billable,36.1
EMP00261,Analyst,Part-time,2024-05-01,Project Titan,Billable,15.2
EMP00307,Analyst,Part-time,2024-05-01,Project Horizon,Non-Billable,66.6
EMP00332,Senior Analyst,Permanent,2024-05-01,Project Falcon,Billable,67.9
EMP00159,Junior,Permanent,2024-05-01,Project Vega,Billable,43.6
EMP00031,Manager,Contractor,2024-05-01,Project Nimbus,Billable,60.6
EMP00056,Analyst,Permanent,2024-05-01,Project Aurora,Billable,51.1
EMP00055,Senior Manager,Fixed-term,2024-05-01,Project Atlas,Non-Billable,102.0
EMP00076,Intern,Permanent,2024-05-01,Project Titan,Billable,85.0
EMP00222,Senior Analyst,Permanent,2024-05-01,Project Vega,Non-Billable,165.6
EMP00287,Senior Analyst,Contractor,2024-05-01,Project Aurora,Non-Billable,93.6
EMP00012,Analyst,Fixed-term,2024-05-01,Project Nimbus,Billable,44.9
EMP00195,Junior,Permanent,2024-05-01,Project Titan,Non-Billable,119.1
EMP00297,Junior,Permanent,2024-05-01,Project Vega,Billable,58.5
EMP00287,Senior Analyst,Contractor,2024-05-01,Project Aurora,Billable,65.7
EMP00153,Analyst,Part-time,2024-05-01,Project Zenith,Billable,31.3
EMP00110,Junior,Part-time,2024-05-01,Project Horizon,Annual Leave,37.4
EMP00331,Senior Analyst,Permanent,2024-05-01,Project Aurora,Billable,49.0
EMP00056,Analyst,Permanent,2024-05-01,Project Aurora,Non-Billable,110.6
EMP00263,Analyst,Part-time,2024-05-01,Project Zenith,Non-Billable,52.2
EMP00057,Intern,Part-time,2024-05-01,Project Nova,Non-Billable,99.2
EMP00332,Senior Analyst,Permanent,2024-05-01,Project Falcon,Non-Billable,104.6
EMP00176,Senior Manager,Freelancer,2024-05-01,Project Nova,Billable,33.8
EMP00163,Senior Analyst,Part-time,2024-05-01,Project Aurora,Annual Leave,29.9
EMP00108,Junior,Permanent,2024-05-01,Project Titan,Billable,72.5
EMP00179,Analyst,Part-time,2024-05-01,Project Nimbus,Non-Billable,39.4
EMP00045,Analyst,Fixed-term,2024-05-01,Project Atlas,Non-Billable,86.6
EMP00153,Analyst,Part-time,2024-05-01,Project Zenith,Non-Billable,56.4
EMP00281,Analyst,Permanent,2024-05-01,Project Falcon,Billable,63.6
EMP00179,Analyst,Part-time,2024-05-01,Project Nimbus,Billable,46.5
EMP00326,Manager,Permanent,2024-05-01,Project Falcon,Annual Leave,21.6
EMP00191,Intern,Freelancer,2024-05-01,Project Orion,Non-Billable,76.9
EMP00049,Senior Manager,Fixed-term,2024-05-01,Project Vega,Non-Billable,45.2
EMP00190,Junior,Freelancer,2024-05-01,Project Horizon,Billable,48.9
EMP00310,Senior Analyst,Fixed-term,2024-05-01,Project Atlas,Non-Billable,173.4
EMP00264,Junior,Part-time,2024-05-01,Project Orion,Non-Billable,61.2
EMP00061,Analyst,Permanent,2024-05-01,Project Horizon,Billable,81.0
EMP00316,Analyst,Permanent,2024-05-01,Project Titan,Annual Leave,25.4
EMP00311,Analyst,Permanent,2024-05-01,Project Nimbus,Non-Billable,170.1
EMP00041,Intern,Permanent,2024-05-01,Project Vega,Non-Billable,160.1
EMP00128,Manager,Fixed-term,2024-05-01,Project Vega,Billable,79.2
EMP00196,Analyst,Part-time,2024-05-01,Project Orion,Non-Billable,56.7
EMP00213,Senior Analyst,Permanent,2024-05-01,Project Horizon,Annual Leave,23.7
EMP00064,Senior Analyst,Permanent,2024-05-01,Project Nimbus,Non-Billable,24.7
EMP00272,Senior Analyst,Contractor,2024-05-01,Project Zenith,Non-Billable,104.6
EMP00314,Senior Analyst,Permanent,2024-05-01,Project Atlas,Non-Billable,114.3
EMP00101,Manager,Permanent,2024-05-01,Project Zenith,Annual Leave,10.0
EMP00263,Analyst,Part-time,2024-05-01,Project Zenith,Billable,38.1
EMP00034,Senior Manager,Permanent,2024-05-01,Project Atlas,Non-Billable,146.3
EMP00091,Senior Analyst,Permanent,2024-05-01,Project Nova,Billable,47.8
EMP00213,Senior Analyst,Permanent,2024-05-01,Project Horizon,Billable,44.5
EMP00121,Senior Analyst,Contractor,2024-05-01,Project Nimbus,Non-Billable,150.1
EMP00340,Analyst,Fixed-term,2024-05-01,Project Nova,Non-Billable,110.2
EMP00306,Junior,Permanent,2024-05-01,Project Vega,Non-Billable,156.5
EMP00201,Analyst,Permanent,2024-05-01,Project Falcon,Annual Leave,33.2
EMP00244,Senior Analyst,Permanent,2024-05-01,Project Nimbus,Billable,120.4
EMP00035,Manager,Permanent,2024-05-01,Project Aurora,Billable,65.9
EMP00244,Senior Analyst,Permanent,2024-05-01,Project Nimbus,Annual Leave,16.9
EMP00257,Manager,Fixed-term,2024-05-01,Project Vega,Billable,65.8
EMP00317,Manager,Fixed-term,2024-05-01,Project Horizon,Non-Billable,107.4
EMP00157,Junior,Permanent,2024-05-01,Project Atlas,Billable,70.2
EMP00205,Manager,Permanent,2024-05-01,Project Atlas,Annual Leave,31.9
EMP00150,Senior Manager,Fixed-term,2024-05-01,Project Atlas,Billable,60.3
EMP00109,Manager,Permanent,2024-05-01,Project Nimbus,Billable,66.2
EMP00124,Analyst,Permanent,2024-05-01,Project Atlas,Billable,74.6
EMP00210,Director,Fixed-term,2024-05-01,Project Nova,Non-Billable,46.5
EMP00006,Analyst,Contractor,2024-05-01,Project Zenith,Billable,57.7
EMP00173,Manager,Freelancer,2024-05-01,Project Aurora,Annual Leave,22.0
EMP00036,Senior Manager,Permanent,2024-05-01,Project Nimbus,Non-Billable,70.5
EMP00261,Analyst,Part-time,2024-05-01,Project Titan,Non-Billable,41.1
EMP00223,Senior Manager,Permanent,2024-05-01,Project Titan,Billable,123.2
EMP00013,Analyst,Part-time,2024-05-01,Project Atlas,Billable,48.3
EMP00300,Analyst,Fixed-term,2024-05-01,Project Nimbus,Billable,62.6
EMP00145,Junior,Permanent,2024-05-01,Project Atlas,Non-Billable,173.4
EMP00212,Junior,Fixed-term,2024-05-01,Project Vega,Non-Billable,89.1
EMP00322,Senior Analyst,Part-time,2024-05-01,Project Vega,Non-Billable,55.1
EMP00011,Executive,Permanent,2024-05-01,Project Falcon,Billable,68.6
EMP00169,Analyst,Fixed-term,2024-05-01,Project Falcon,Non-Billable,85.8
EMP00080,Analyst,Part-time,2024-05-01,Project Nova,Billable,75.1
EMP00293,Manager,Fixed-term,2024-05-01,Project Aurora,Non-Billable,81.1
EMP00103,Director,Fixed-term,2024-05-01,Project Nova,Non-Billable,42.7
EMP00206,Senior Analyst,Part-time,2024-05-01,Project Nimbus,Billable,43.4
EMP00301,Analyst,Freelancer,2024-05-01,Project Vega,Non-Billable,69.5
EMP00105,Junior,Permanent,2024-05-01,Project Aurora,Non-Billable,113.5
EMP00100,Junior,Freelancer,2024-05-01,Project Titan,Non-Billable,121.6
EMP00254,Manager,Freelancer,2024-05-01,Project Orion,Non-Billable,96.0
EMP00293,Manager,Fixed-term,2024-05-01,Project Aurora,Billable,96.4
EMP00063,Junior,Permanent,2024-05-01,Project Falcon,Non-Billable,87.5
EMP00049,Senior Manager,Fixed-term,2024-05-01,Project Vega,Billable,137.7
EMP00297,Junior,Permanent,2024-05-01,Project Vega,Non-Billable,81.2
EMP00021,Senior Analyst,Fixed-term,2024-05-01,Project Horizon,Non-Billable,57.8
EMP00186,Junior,Part-time,2024-05-01,Project Orion,Non-Billable,76.0
EMP00142,Analyst,Permanent,2024-05-01,Project Falcon,Billable,66.6
EMP00268,Senior Analyst,Permanent,2024-05-01,Project Horizon,Billable,40.7
EMP00225,Senior Analyst,Permanent,2024-05-01,Project Vega,Billable,72.5
EMP00265,Intern,Permanent,2024-05-01,Project Zenith,Billable,56.1
EMP00169,Analyst,Fixed-term,2024-05-01,Project Falcon,Billable,87.3
EMP00078,Analyst,Contractor,2024-05-01,Project Aurora,Billable,45.4
EMP00337,Senior Manager,Permanent,2024-05-01,Project Falcon,Non-Billable,168.6
EMP00142,Analyst,Permanent,2024-05-01,Project Falcon,Non-Billable,67.6
EMP00275,Junior,Part-time,2024-05-01,Project Atlas,Billable,24.6
EMP00080,Analyst,Part-time,2024-05-01,Project Nova,Non-Billable,23.4
EMP00174,Intern,Permanent,2024-05-01,Project Aurora,Annual Leave,34.9
EMP00174,Intern,Permanent,2024-05-01,Project Aurora,Billable,66.5
EMP00338,Intern,Contractor,2024-05-01,Project Nova,Non-Billable,92.8
EMP00067,Manager,Part-time,2024-05-01,Project Vega,Non-Billable,96.7
EMP00322,Senior Analyst,Part-time,2024-05-01,Project Vega,Billable,37.2
EMP00223,Senior Manager,Permanent,2024-05-01,Project Titan,Non-Billable,52.7
EMP00261,Analyst,Part-time,2024-05-01,Project Titan,Annual Leave,35.1
EMP00337,Senior Manager,Permanent,2024-05-01,Project Falcon,Annual Leave,12.8
EMP00037,Analyst,Fixed-term,2024-05-01,Project Orion,Non-Billable,127.0
EMP00242,Intern,Permanent,2024-05-01,Project Nova,Billable,62.2
EMP00070,Junior,Permanent,2024-05-01,Project Nimbus,Non-Billable,111.9
EMP00273,Junior,Fixed-term,2024-05-01,Project Falcon,Billable,140.3
EMP00194,Analyst,Freelancer,2024-05-01,Project Vega,Billable,41.3
EMP00187,Analyst,Permanent,2024-05-01,Project Orion,Non-Billable,96.2
EMP00251,Director,Fixed-term,2024-05-01,Project Falcon,Non-Billable,85.4
EMP00251,Director,Fixed-term,2024-05-01,Project Falcon,Billable,79.5
EMP00020,Senior Manager,Permanent,2024-05-01,Project Horizon,Billable,97.6
EMP00043,Intern,Contractor,2024-05-01,Project Falcon,Non-Billable,90.4
EMP00184,Junior,Permanent,2024-05-01,Project Falcon,Billable,56.2
EMP00043,Intern,Contractor,2024-05-01,Project Falcon,Billable,75.9
EMP00286,Analyst,Fixed-term,2024-05-01,Project Nimbus,Non-Billable,95.0
EMP00298,Junior,Freelancer,2024-05-01,Project Atlas,Billable,37.2
EMP00137,Analyst,Permanent,2024-05-01,Project Atlas,Non-Billable,109.9
EMP00195,Junior,Permanent,2024-05-01,Project Titan,Billable,54.4
EMP00074,Junior,Permanent,2024-05-01,Project Horizon,Non-Billable,105.2
EMP00233,Junior,Permanent,2024-05-01,Project Orion,Non-Billable,129.3
EMP00104,Junior,Permanent,2024-05-01,Project Falcon,Billable,58.0
EMP00204,Junior,Permanent,2024-05-01,Project Zenith,Billable,93.4
EMP00307,Analyst,Part-time,2024-05-01,Project Horizon,Billable,26.7
EMP00191,Intern,Freelancer,2024-05-01,Project Orion,Billable,49.2
EMP00075,Analyst,Permanent,2024-05-01,Project Atlas,Non-Billable,162.8
EMP00038,Analyst,Permanent,2024-05-01,Project Vega,Non-Billable,122.4
EMP00126,Senior Manager,Part-time,2024-05-01,Project Vega,Billable,41.6
EMP00155,Junior,Permanent,2024-05-01,Project Vega,Billable,73.8
EMP00130,Junior,Permanent,2024-06-01,Project Nova,Non-Billable,111.5
EMP00194,Analyst,Freelancer,2024-06-01,Project Vega,Non-Billable,78.6
EMP00331,Senior Analyst,Permanent,2024-06-01,Project Aurora,Non-Billable,113.2
EMP00111,Senior Analyst,Fixed-term,2024-06-01,Project Nova,Non-Billable,171.5
EMP00246,Manager,Part-time,2024-06-01,Project Zenith,Non-Billable,20.6
EMP00045,Analyst,Fixed-term,2024-06-01,Project Atlas,Billable,73.1
EMP00058,Manager,Freelancer,2024-06-01,Project Zenith,Non-Billable,76.1
EMP00029,Manager,Permanent,2024-06-01,Project Nimbus,Non-Billable,119.1
EMP00336,Manager,Freelancer,2024-06-01,Project Titan,Non-Billable,89.1
EMP00268,Senior Analyst,Permanent,2024-06-01,Project Horizon,Non-Billable,101.9
EMP00221,Intern,Contractor,2024-06-01,Project Titan,Non-Billable,151.4
EMP00023,Junior,Permanent,2024-06-01,Project Aurora,Billable,76.2
EMP00043,Intern,Contractor,2024-06-01,Project Falcon,Billable,75.3
EMP00238,Intern,Permanent,2024-06-01,Project Nova,Billable,87.0
EMP00204,Junior,Permanent,2024-06-01,Project Zenith,Non-Billable,95.7
EMP00287,Senior Analyst,Contractor,2024-06-01,Project Aurora,Non-Billable,84.2
EMP00202,Junior,Permanent,2024-06-01,Project Atlas,Non-Billable,89.7
EMP00172,Senior Analyst,Part-time,2024-06-01,Project Zenith,Non-Billable,94.8
EMP00108,Junior,Permanent,2024-06-01,Project Titan,Billable,66.0
EMP00299,Senior Analyst,Fixed-term,2024-06-01,Project Nova,Non-Billable,122.1
EMP00201,Analyst,Permanent,2024-06-01,Project Falcon,Annual Leave,30.7
EMP00266,Manager,Fixed-term,2024-06-01,Project Orion,Billable,57.7
EMP00090,Director,Permanent,2024-06-01,Project Nova,Billable,59.1
EMP00261,Analyst,Part-time,2024-06-01,Project Titan,Billable,28.4
EMP00257,Manager,Fixed-term,2024-06-01,Project Vega,Annual Leave,16.1
EMP00289,Junior,Fixed-term,2024-06-01,Project Nova,Non-Billable,165.1
EMP00013,Analyst,Part-time,2024-06-01,PROJECT ATLAS,Billable,56.1
EMP00206,Senior Analyst,Part-time,2024-06-01,Project Nimbus,Non-Billable,56.1
EMP00233,Junior,Permanent,2024-06-01,Project Orion,Billable,53.4
EMP00264,Junior,Part-time,2024-06-01,Project Orion,Billable,38.7
EMP00162,Manager,Freelancer,2024-06-01,Project Orion,Non-Billable,140.2
EMP00104,Junior,Permanent,2024-06-01,Project Falcon,Annual Leave,35.3
EMP00251,Director,Fixed-term,2024-06-01,Project Falcon,Billable,107.9
EMP00275,Junior,Part-time,2024-06-01,Project Atlas,Billable,28.6
EMP00021,Senior Analyst,Fixed-term,2024-06-01,Project Horizon,Non-Billable,52.1
EMP00049,Senior Manager,Fixed-term,2024-06-01,,Non-Billable,29.6
EMP00012,Analyst,Fixed-term,2024-06-01,Project Nimbus,Billable,36.8
EMP00022,Analyst,Permanent,2024-06-01,Project Orion,Billable,44.3
EMP00003,Intern,Freelancer,2024-06-01,Project Zenith,Billable,45.2
EMP00084,Senior Manager,Contractor,2024-06-01,Project Falcon,Non-Billable,151.2
EMP00232,Analyst,Permanent,2024-06-01,Project Falcon,Non-Billable,176.4
EMP00168,Junior,Permanent,2024-06-01,Project Atlas,Annual Leave,36.4
EMP00148,Junior,Permanent,2024-06-01,Project Nova,Billable,71.0
EMP00266,Manager,Fixed-term,2024-06-01,Project Orion,Annual Leave,26.3
EMP00087,Analyst,Contractor,2024-06-01,Project Atlas,Non-Billable,70.2
EMP00140,Intern,Permanent,2024-06-01,Project Aurora,Billable,89.1
EMP00139,Intern,Permanent,2024-06-01,Project Titan,Non-Billable,127.1
EMP00012,Analyst,Fixed-term,2024-06-01,Project Nimbus,Non-Billable,117.8
EMP00187,Analyst,Permanent,2024-06-01,Project Orion,Billable,87.7
EMP00179,Analyst,Part-time,2024-06-01,Project Nimbus,Billable,49.7
EMP00055,Senior Manager,Fixed-term,2024-06-01,Project Atlas,Billable,62.5
EMP00272,Senior Analyst,Contractor,2024-06-01,Project Zenith,Non-Billable,89.4
EMP00215,Junior,Contractor,2024-06-01,Project Zenith,Billable,75.9
EMP00195,Junior,Permanent,2024-06-01,Project Titan,Billable,33.7
EMP00321,Manager,Part-time,2024-06-01,Project Zenith,Billable,33.3
EMP00017,Analyst,Permanent,2024-06-01,Project Atlas,Annual Leave,31.6
EMP00316,Analyst,Permanent,2024-06-01,Project Titan,Non-Billable,159.8
EMP00003,Intern,Freelancer,2024-06-01,,Maternity Leave,37.4
EMP00143,Analyst,Permanent,2024-06-01,Project Orion,Billable,46.6
EMP00146,Analyst,Permanent,2024-06-01,Project Aurora,Billable,127.5
EMP00076,Intern,Permanent,2024-06-01,Project Titan,Non-Billable,87.9
EMP00149,Senior Analyst,Permanent,2024-06-01,Project Falcon,Non-Billable,155.8
EMP00322,Senior Analyst,Part-time,2024-06-01,Project Vega,Non-Billable,56.4
EMP00233,Junior,Permanent,2024-06-01,Project Orion,Non-Billable,120.6
EMP00314,Senior Analyst,Permanent,2024-06-01,Project Atlas,Billable,47.6
EMP00311,Analyst,Permanent,2024-06-01,Project Nimbus,Annual Leave,32.3
EMP00272,Senior Analyst,Contractor,2024-06-01,Project Zenith,Billable,60.6
EMP00188,Analyst,Fixed-term,2024-06-01,Project Orion,Billable,61.4
EMP00222,Senior Analyst,Permanent,2024-06-01,Project Vega,Non-Billable,133.3
EMP00103,Director,Fixed-term,2024-06-01,Project Nova,Billable,142.8
EMP00224,Senior Manager,Fixed-term,2024-06-01,Project Falcon,Non-Billable,182.6
EMP00180,Analyst,Fixed-term,2024-06-01,Project Orion,Non-Billable,97.2
EMP00108,Junior,Permanent,2024-06-01,Project Titan,Non-Billable,97.5
EMP00174,Intern,Permanent,2024-06-01,Project Aurora,Billable,88.2
EMP00137,Analyst,Permanent,2024-06-01,Project Atlas,Billable,42.3
EMP00325,Director,Fixed-term,2024-06-01,Project Falcon,Non-Billable,173.7
EMP00211,Manager,Fixed-term,2024-06-01,Project Orion,Non-Billable,86.1
EMP00335,Senior Analyst,Permanent,2024-06-01,Project Falcon,Billable,97.0
EMP00003,Intern,Freelancer,2024-06-01,PROJECT ZENITH,Non-Billable,43.5
EMP00050,Manager,Freelancer,2024-06-01,Project Vega,Non-Billable,134.9
EMP00284,Analyst,Permanent,2024-06-01,Project Falcon,Billable,135.0
EMP00116,Manager,Fixed-term,2024-06-01,Project Zenith,Annual Leave,13.1
EMP00159,Junior,Permanent,2024-06-01,Project Vega,Billable,51.3
EMP00195,Junior,Permanent,2024-06-01,Project Titan,Annual Leave,33.4
EMP00223,Senior Manager,Permanent,2024-06-01,Project Titan,Non-Billable,33.9
EMP00312,Analyst,Fixed-term,2024-06-01,Project Atlas,Non-Billable,36.3
EMP00106,Intern,Contractor,2024-06-01,Project Nova,Non-Billable,74.3
EMP00164,Junior,Contractor,2024-06-01,Project Nova,Annual Leave,20.8
EMP00288,Junior,Permanent,2024-06-01,Project Zenith,Billable,42.9
EMP00167,Junior,Permanent,2024-06-01,Project Nimbus,Non-Billable,167.0
EMP00176,Senior Manager,Freelancer,2024-06-01,Project Nova,Non-Billable,101.8
EMP00184,Junior,Permanent,2024-06-01,Project Falcon,Annual Leave,11.3
EMP00302,Junior,Fixed-term,2024-06-01,Project Zenith,Annual Leave,31.4
EMP00305,Junior,Permanent,2024-06-01,Project Nova,Non-Billable,170.0
EMP00131,Junior,Contractor,2024-06-01,Project Orion,Non-Billable,87.9
EMP00281,Analyst,Permanent,2024-06-01,Project Falcon,Non-Billable,129.4
EMP00303,Senior Manager,Permanent,2024-06-01,Project Horizon,Billable,62.7
EMP00078,Analyst,Contractor,2024-06-01,Project Aurora,Non-Billable,89.5
EMP00055,Senior Manager,Fixed-term,2024-06-01,Project Atlas,Non-Billable,101.9
EMP00142,Analyst,Permanent,2024-06-01,Project Falcon,Billable,87.2
EMP00096,Senior Analyst,Contractor,2024-06-01,Project Zenith,Non-Billable,83.3
EMP00247,Junior,Fixed-term,2024-06-01,Project Titan,Billable,55.7
EMP00045,Analyst,Fixed-term,2024-06-01,Project Atlas,Non-Billable,68.2
EMP00201,Analyst,Permanent,2024-06-01,Project Falcon,Billable,41.3
EMP00250,Senior Manager,Fixed-term,2024-06-01,Project Zenith,Billable,51.5
EMP00213,Senior Analyst,Permanent,2024-06-01,Project Horizon,Billable,56.6
EMP00215,Junior,Contractor,2024-06-01,Project Zenith,Non-Billable,89.7
EMP00164,Junior,Contractor,2024-06-01,Project Nova,Non-Billable,131.4
EMP00317,Manager,Fixed-term,2024-06-01,Project Horizon,Billable,48.0
EMP00063,Junior,Permanent,2024-06-01,Project Falcon,Billable,77.4
EMP00185,Junior,Part-time,2024-06-01,Project Horizon,Non-Billable,53.9
EMP00102,Analyst,Contractor,2024-06-01,Project Vega,Non-Billable,107.4
EMP00169,Analyst,Fixed-term,2024-06-01,Project Falcon,Billable,83.8
EMP00098,Intern,Fixed-term,2024-06-01,Project Atlas,Billable,127.1
EMP00180,Analyst,Fixed-term,2024-06-01,Project Orion,Billable,83.1
EMP00117,Intern,Fixed-term,2024-06-01,Project Horizon,Non-Billable,97.7
EMP00022,Analyst,Permanent,2024-06-01,Project Orion,Annual Leave,33.1
EMP00049,Senior Manager,Fixed-term,2024-06-01,Project Vega,Billable,122.5
EMP00225,Senior Analyst,Permanent,2024-06-01,Project Vega,Annual Leave,12.2
EMP00310,Senior Analyst,Fixed-term,2024-06-01,Project Atlas,Non-Billable,171.8
EMP00254,Manager,Freelancer,2024-06-01,Project Orion,Non-Billable,96.7
EMP00020,Senior Manager,Permanent,2024-06-01,Project Horizon,Non-Billable,73.7
EMP00037,Analyst,Fixed-term,2024-06-01,Project Orion,Billable,37.0
EMP00214,Senior Analyst,Freelancer,2024-06-01,Project Orion,Non-Billable,95.1
EMP00065,Director,Fixed-term,2024-06-01,Project Aurora,Non-Billable,172.6
EMP00218,Analyst,Fixed-term,2024-06-01,Project Nimbus,Non-Billable,85.2
EMP00285,Analyst,Fixed-term,2024-06-01,Project Aurora,Non-Billable,165.4
EMP00074,Junior,Permanent,2024-06-01,Project Horizon,Non-Billable,97.7
EMP00038,Analyst,Permanent,2024-06-01,Project Vega,Non-Billable,109.4
EMP00136,Senior Analyst,Fixed-term,2024-06-01,Project Orion,Non-Billable,159.3
EMP00132,Junior,Fixed-term,2024-06-01,Project Nimbus,Non-Billable,186.1
EMP00101,Manager,Permanent,2024-06-01,Project Zenith,Non-Billable,146.4
EMP00307,Analyst,Part-time,2024-06-01,Project Horizon,Non-Billable,62.1
EMP00308,Senior Analyst,Part-time,2024-06-01,Project Orion,Billable,24.1
EMP00128,Manager,Fixed-term,2024-06-01,Project Vega,Billable,62.6
EMP00109,Manager,Permanent,2024-06-01,Project Nimbus,Annual Leave,28.1
EMP00074,Junior,Permanent,2024-06-01,Project Horizon,Billable,75.4
EMP00244,Senior Analyst,Permanent,2024-06-01,Project Nimbus,Non-Billable,55.4
EMP00028,Analyst,Permanent,2024-06-01,Project Vega,Non-Billable,158.3
EMP00059,Manager,Fixed-term,2024-06-01,Project Titan,Billable,46.9
EMP00072,Senior Analyst,Permanent,2024-06-01,Project Titan,Non-Billable,176.2
EMP00340,Analyst,Fixed-term,2024-06-01,Project Nova,Billable,44.5
EMP00236,Analyst,Freelancer,2024-06-01,Project Zenith,Non-Billable,94.6
EMP00021,Senior Analyst,Fixed-term,2024-06-01,Project Horizon,Billable,116.7
EMP00306,Junior,Permanent,2024-06-01,Project Vega,Annual Leave,37.4
EMP00126,Senior Manager,Part-time,2024-06-01,Project Vega,Billable,46.7
EMP00106,Intern,Contractor,2024-06-01,Project Nova,Annual Leave,29.2
EMP00312,Analyst,Fixed-term,2024-06-01,Project Atlas,Billable,126.9
EMP00033,Director,Fixed-term,2024-06-01,Project Horizon,Billable,63.9
EMP00338,Intern,Contractor,2024-06-01,Project Nova,Non-Billable,90.9
EMP00300,Analyst,Fixed-term,2024-06-01,Project Nimbus,Non-Billable,98.6
EMP00236,Analyst,Freelancer,2024-06-01,Project Zenith,Billable,39.8
EMP00239,Analyst,Freelancer,2024-06-01,Project Vega,Billable,82.3
EMP00210,Director,Fixed-term,2024-06-01,Project Nova,Billable,93.6
EMP00036,Senior Manager,Permanent,2024-06-01,Project Nimbus,Billable,83.2
EMP00023,Junior,Permanent,2024-06-01,Project Aurora,Non-Billable,94.7
EMP00210,Director,Fixed-term,2024-06-01,Project Nova,Non-Billable,50.4
EMP00067,Manager,Part-time,2024-06-01,Project Vega,Non-Billable,95.3
EMP00163,Senior Analyst,Part-time,2024-06-01,Project Aurora,Non-Billable,72.4
EMP00308,Senior Analyst,Part-time,2024-06-01,Project Orion,Non-Billable,70.1
EMP00194,Analyst,Freelancer,2024-06-01,Project Vega,Billable,45.0
EMP00211,Manager,Fixed-term,2024-06-01,Project Orion,Billable,74.7
EMP00037,Analyst,Fixed-term,2024-06-01,Project Orion,Annual Leave,38.0
EMP00273,Junior,Fixed-term,2024-06-01,Project Falcon,Annual Leave,38.8
EMP00138,Senior Analyst,Part-time,2024-06-01,Project Vega,Billable,46.0
EMP00075,Analyst,Permanent,2024-06-01,Project Atlas,Non-Billable,170.0
EMP00005,Intern,Permanent,2024-06-01,Project Zenith,Non-Billable,121.5
EMP00324,Junior,Permanent,2024-06-01,Project Falcon,Non-Billable,105.9
EMP00187,Analyst,Permanent,2024-06-01,Project Orion,Non-Billable,78.1
EMP00293,Manager,Fixed-term,2024-06-01,Project Aurora,Non-Billable,90.4
EMP00225,Senior Analyst,Permanent,2024-06-01,Project Vega,Non-Billable,88.6
EMP00213,Senior Analyst,Permanent,2024-06-01,Project Horizon,Annual Leave,20.7
EMP00094,Senior Analyst,Contractor,2024-06-01,Project Vega,Billable,55.0
EMP00273,Junior,Fixed-term,2024-06-01,Project Falcon,Non-Billable,24.2
EMP00128,Manager,Fixed-term,2024-06-01,Project Vega,Non-Billable,85.4
EMP00169,Analyst,Fixed-term,2024-06-01,Project Falcon,Non-Billable,77.4
EMP00265,Intern,Permanent,2024-06-01,Project Zenith,Non-Billable,104.7
EMP00124,Analyst,Permanent,2024-06-01,Project Atlas,Non-Billable,83.6
EMP00173,Manager,Freelancer,2024-06-01,Project Aurora,Non-Billable,128.9
EMP00130,Junior,Permanent,2024-06-01,Project Nova,Billable,44.8
EMP00322,Senior Analyst,Part-time,2024-06-01,Project Vega,Billable,37.8
EMP00035,Manager,Permanent,2024-06-01,Project Aurora,Billable,58.8
EMP00078,Analyst,Contractor,2024-06-01,Project Aurora,Billable,65.2
EMP00109,Manager,Permanent,2024-06-01,Project Nimbus,Non-Billable,79.5
EMP00096,Senior Analyst,Contractor,2024-06-01,Project Zenith,Billable,72.4
EMP00326,Manager,Permanent,2024-06-01,Project Falcon,Billable,71.8
EMP00262,Analyst,Permanent,2024-06-01,Project Vega,Non-Billable,147.2
EMP00017,Analyst,Permanent,2024-06-01,Project Atlas,Non-Billable,138.1
EMP00200,Senior Manager,Fixed-term,2024-06-01,Project Vega,Annual Leave,8.8
EMP00137,Analyst,Permanent,2024-06-01,Project Atlas,Non-Billable,102.0
EMP00058,Manager,Freelancer,2024-06-01,Project Zenith,Billable,65.2
EMP00097,Analyst,Freelancer,2024-06-01,Project Atlas,Billable,36.2
EMP00213,Senior Analyst,Permanent,2024-06-01,Project Horizon,Non-Billable,91.6
EMP00126,Senior Manager,Part-time,2024-06-01,Project Vega,Non-Billable,46.7
EMP00011,Executive,Permanent,2024-06-01,Project Falcon,Billable,67.6
EMP00200,Senior Manager,Fixed-term,2024-06-01,Project Vega,Non-Billable,103.6
EMP00287,Senior Analyst,Contractor,2024-06-01,Project Aurora,Billable,68.0
EMP00298,Junior,Freelancer,2024-06-01,Project Atlas,Billable,58.6
EMP00061,Analyst,Permanent,2024-06-01,Project Horizon,Billable,96.6
EMP00303,Senior Manager,Permanent,2024-06-01,Project Horizon,Non-Billable,97.1
EMP00291,Analyst,Fixed-term,2024-06-01,Project  Horizon,Non-Billable,113.4
EMP00284,Analyst,Permanent,2024-06-01,Project Falcon,Non-Billable,35.0
EMP00202,Junior,Permanent,2024-06-01,Project Atlas,Billable,59.9
EMP00032,Manager,Contractor,2024-06-01,Project Atlas,Non-Billable,148.0
EMP00143,Analyst,Permanent,2024-06-01,Project Orion,Non-Billable,131.7
EMP00335,Senior Analyst,Permanent,2024-06-01,Project Falcon,Non-Billable,77.6
EMP00098,Intern,Fixed-term,2024-06-01,Project Atlas,Non-Billable,47.9
EMP00317,Manager,Fixed-term,2024-06-01,Project Horizon,Non-Billable,124.4
EMP00006,Analyst,Contractor,2024-06-01,Project Zenith,Non-Billable,103.9
EMP00263,Analyst,Part-time,2024-06-01,Project Zenith,Non-Billable,60.3
EMP00031,Manager,Contractor,2024-06-01,Project Nimbus,Billable,73.6
EMP00288,Junior,Permanent,2024-06-01,Project Zenith,Non-Billable,118.8
EMP00171,Analyst,Permanent,2024-06-01,Project Zenith,Annual Leave,20.6
EMP00186,Junior,Part-time,2024-06-01,Project Orion,Non-Billable,60.0
EMP00245,Senior Analyst,Fixed-term,2024-06-01,Project Falcon,Billable,99.4
EMP00186,Junior,Part-time,2024-06-01,Project Orion,Annual Leave,30.4
EMP00022,Analyst,Permanent,2024-06-01,Project Orion,Non-Billable,98.9
EMP00146,Analyst,Permanent,2024-06-01,Project Aurora,Non-Billable,36.5
EMP00134,Analyst,Permanent,2024-06-01,Project Orion,Non-Billable,165.2
EMP00318,Junior,Contractor,2024-06-01,Project Nimbus,Non-Billable,145.3
EMP00142,Analyst,Permanent,2024-06-01,Project Falcon,Non-Billable,79.9
EMP00281,Analyst,Permanent,2024-06-01,Project Falcon,Billable,49.5
EMP00195,Junior,Permanent,2024-06-01,Project Titan,Non-Billable,94.3
EMP00235,Analyst,Fixed-term,2024-06-01,Project Falcon,Billable,52.3
EMP00171,Analyst,Permanent,2024-06-01,Project Zenith,Non-Billable,100.9
EMP00105,Junior,Permanent,2024-06-01,Project Aurora,Non-Billable,116.8
EMP00157,Junior,Permanent,2024-06-01,Project Atlas,Billable,71.2
EMP00218,Analyst,Fixed-term,2024-06-01,Project Nimbus,Annual Leave,30.0
EMP00056,Analyst,Permanent,2024-06-01,Project Aurora,Non-Billable,110.4
EMP00027,Senior Analyst,Permanent,2024-06-01,Project Titan,Non-Billable,77.6
EMP00332,Senior Analyst,Permanent,2024-06-01,Project Falcon,Billable,88.1
EMP00257,Manager,Fixed-term,2024-06-01,Project Vega,Billable,69.6
EMP00247,Junior,Fixed-term,2024-06-01,Project Titan,Non-Billable,117.1
EMP00238,Intern,Permanent,2024-06-01,Project Nova,Non-Billable,100.6
EMP00223,Senior Manager,Permanent,2024-06-01,Project Titan,Billable,104.7
EMP00104,Junior,Permanent,2024-06-01,Project Falcon,Non-Billable,84.1
EMP00059,Manager,Fixed-term,2024-06-01,Project Titan,Non-Billable,130.8
EMP00184,Junior,Permanent,2024-06-01,Project Falcon,Billable,60.9
EMP00038,Analyst,Permanent,2024-06-01,Project Vega,Billable,55.0
EMP00043,Intern,Contractor,2024-06-01,Project Falcon,Non-Billable,79.6
EMP00225,Senior Analyst,Permanent,2024-06-01,Project Vega,Billable,72.9
EMP00099,Analyst,Permanent,2024-06-01,Project Titan,Billable,44.4
EMP00226,Senior Analyst,Part-time,2024-06-01,Project Vega,Billable,33.5
EMP00188,Analyst,Fixed-term,2024-06-01,Project Orion,Non-Billable,99.7
EMP00027,Senior Analyst,Permanent,2024-06-01,Project Titan,Billable,59.6
EMP00226,Senior Analyst,Part-time,2024-06-01,Project Vega,Non-Billable,67.6
EMP00011,Executive,Permanent,2024-06-01,Project Falcon,Annual Leave,16.7
EMP00116,Manager,Fixed-term,2024-06-01,Project Zenith,Non-Billable,69.0
EMP00321,Manager,Part-time,2024-06-01,Project Zenith,Non-Billable,65.3
EMP00235,Analyst,Fixed-term,2024-06-01,Project Falcon,Non-Billable,122.2
EMP00320,Junior,Part-time,2024-06-01,Project Aurora,Annual Leave,21.4
EMP00093,Analyst,Fixed-term,2024-06-01,Project Orion,Non-Billable,101.1
EMP00056,Analyst,Permanent,2024-06-01,Project Aurora,Billable,63.5
EMP00024,Intern,Freelancer,2024-06-01,Project Zenith,Billable,108.1
EMP00265,Intern,Permanent,2024-06-01,Project Zenith,Billable,47.8
EMP00286,Analyst,Fixed-term,2024-06-01,Project Nimbus,Non-Billable,94.8
EMP00268,Senior Analyst,Permanent,2024-06-01,Project Horizon,Billable,30.3
EMP00261,Analyst,Part-time,2024-06-01,Project Titan,Non-Billable,69.2
EMP00139,Intern,Permanent,2024-06-01,Project Titan,Annual Leave,38.1
EMP00070,Junior,Permanent,2024-06-01,Project Nimbus,Billable,66.6
EMP00031,Manager,Contractor,2024-06-01,Project Nimbus,Non-Billable,78.8
EMP00298,Junior,Freelancer,2024-06-01,Project Atlas,Non-Billable,88.5
EMP00218,Analyst,Fixed-term,2024-06-01,Project Nimbus,Billable,51.4
EMP00104,Junior,Permanent,2024-06-01,Project Falcon,Billable,50.3
EMP00208,Analyst,Permanent,2024-06-01,Project Nimbus,Non-Billable,116.6
EMP00077,Senior Analyst,Fixed-term,2024-06-01,Project Horizon,Non-Billable,176.5
EMP00311,Analyst,Permanent,2024-06-01,Project Nimbus,Non-Billable,141.8
EMP00027,Senior Analyst,Permanent,2024-06-01,Project Titan,Annual Leave,28.2
EMP00171,Analyst,Permanent,2024-06-01,Project Zenith,Billable,45.1
EMP00246,Manager,Part-time,2024-06-01,Project Zenith,Billable,72.0
EMP00301,Analyst,Freelancer,2024-06-01,Project Vega,Non-Billable,68.5
EMP00091,Senior Analyst,Permanent,2024-06-01,Project Nova,Billable,51.9
EMP00212,Junior,Fixed-term,2024-06-01,Project Vega,Non-Billable,99.1
EMP00331,Senior Analyst,Permanent,2024-06-01,Project Aurora,Billable,50.5
EMP00326,Manager,Permanent,2024-06-01,Project Falcon,Non-Billable,89.5
EMP00064,Senior Analyst,Permanent,2024-06-01,Project Nimbus,Non-Billable,39.8
EMP00214,Senior Analyst,Freelancer,2024-06-01,Project Orion,Billable,37.4
EMP00201,Analyst,Permanent,2024-06-01,Project Falcon,Non-Billable,96.4
EMP00212,Junior,Fixed-term,2024-06-01,Project Vega,Billable,66.1
EMP00300,Analyst,Fixed-term,2024-06-01,Project Nimbus,Billable,74.9
EMP00307,Analyst,Part-time,2024-06-01,Project Horizon,Billable,28.2
EMP00113,Analyst,Permanent,2024-06-01,Project Atlas,Non-Billable,139.0
EMP00105,Junior,Permanent,2024-06-01,Project Aurora,Billable,50.8
EMP00200,Senior Manager,Fixed-term,2024-06-01,Project Vega,Billable,53.9
EMP00155,Junior,Permanent,2024-06-01,Project Vega,Billable,82.7
EMP00339,Manager,Contractor,2024-06-01,Project Nova,Non-Billable,170.5
EMP00057,Intern,Part-time,2024-06-01,Project Nova,Non-Billable,93.0
EMP00099,Analyst,Permanent,2024-06-01,Project Titan,Non-Billable,122.0
EMP00116,Manager,Fixed-term,2024-06-01,Project Zenith,Billable,75.5
EMP00070,Junior,Permanent,2024-06-01,Project Nimbus,Non-Billable,107.9
EMP00034,Senior Manager,Permanent,2024-06-01,Project Atlas,Non-Billable,154.1
EMP00029,Manager,Permanent,2024-06-01,Project Nimbus,Billable,41.3
EMP00125,Senior Analyst,Fixed-term,2024-06-01,Project Titan,Non-Billable,126.5
EMP00231,Intern,Fixed-term,2024-06-01,Project Atlas,Billable,51.0
EMP00011,Executive,Permanent,2024-06-01,Project Falcon,Non-Billable,79.2
EMP00125,Senior Analyst,Fixed-term,2024-06-01,Project Titan,Billable,47.8
EMP00266,Manager,Fixed-term,2024-06-01,Project Orion,Non-Billable,89.8
EMP00148,Junior,Permanent,2024-06-01,Project Nova,Non-Billable,97.5
EMP00145,Junior,Permanent,2024-06-01,Project Atlas,Non-Billable,169.8
EMP00301,Analyst,Freelancer,2024-06-01,Project Vega,Billable,54.0
EMP00280,Manager,Permanent,2024-06-01,Project Orion,Non-Billable,161.5
EMP00134,Analyst,Permanent,2024-06-01,Project Orion,Non-Billable,165.2
EMP00250,Senior Manager,Fixed-term,2024-06-01,Project Zenith,Annual Leave,18.6
EMP00330,Senior Analyst,Part-time,2024-06-01,Project Nimbus,Annual Leave,35.5
EMP00196,Analyst,Part-time,2024-06-01,Project Orion,Billable,39.6
EMP00263,Analyst,Part-time,2024-06-01,Project Zenith,Billable,34.1
EMP00324,Junior,Permanent,2024-06-01,Project Falcon,Annual Leave,18.5
EMP00035,Manager,Permanent,2024-06-01,Project Aurora,Annual Leave,32.8
EMP00271,Senior Analyst,Permanent,2024-06-01,Project Aurora,Non-Billable,167.8
EMP00033,Director,Fixed-term,2024-06-01,Project Horizon,Non-Billable,112.9
EMP00036,Senior Manager,Permanent,2024-06-01,Project Nimbus,Non-Billable,80.5
EMP00337,Senior Manager,Permanent,2024-06-01,Project Falcon,Non-Billable,165.2
EMP00153,Analyst,Part-time,2024-06-01,Project Zenith,Non-Billable,61.5
EMP00045,Analyst,Fixed-term,2024-06-01,Project Atlas,Annual Leave,27.6
EMP00338,Intern,Contractor,2024-06-01,Project Nova,Billable,72.2
EMP00061,Analyst,Permanent,2024-06-01,Project Horizon,Non-Billable,60.8
EMP00256,Manager,Part-time,2024-06-01,Project Atlas,Non-Billable,97.8
EMP00155,Junior,Permanent,2024-06-01,Project Vega,Non-Billable,88.5
EMP00097,Analyst,Freelancer,2024-06-01,Project Atlas,Non-Billable,87.4
EMP00320,Junior,Part-time,2024-06-01,Project Aurora,Non-Billable,41.0
EMP00299,Senior Analyst,Fixed-term,2024-06-01,Project Nova,Billable,53.8
EMP00205,Manager,Permanent,2024-06-01,Project Atlas,Non-Billable,168.0
EMP00330,Senior Analyst,Part-time,2024-06-01,Project Nimbus,Billable,17.6
EMP00320,Junior,Part-time,2024-06-01,Project Aurora,Billable,26.9
EMP00239,Analyst,Freelancer,2024-06-01,Project Vega,Non-Billable,38.6
EMP00086,Senior Analyst,Part-time,2024-06-01,Project Falcon,Non-Billable,74.5
EMP00257,Manager,Fixed-term,2024-06-01,Project Vega,Non-Billable,89.2
EMP00184,Junior,Permanent,2024-06-01,Project Falcon,Non-Billable,102.3
EMP00242,Intern,Permanent,2024-06-01,Project Nova,Non-Billable,107.5
EMP00302,Junior,Fixed-term,2024-06-01,Project Zenith,Non-Billable,124.6
EMP00091,Senior Analyst,Permanent,2024-06-01,Project Nova,Non-Billable,107.7
EMP00297,Junior,Permanent,2024-06-01,Project Vega,Billable,56.0
EMP00159,Junior,Permanent,2024-06-01,Project Vega,Non-Billable,129.0
EMP00106,Intern,Contractor,2024-06-01,Project Nova,Billable,46.2
EMP00020,Senior Manager,Permanent,2024-06-01,Project Horizon,Billable,91.1
EMP00244,Senior Analyst,Permanent,2024-06-01,Project Nimbus,Billable,118.0
EMP00324,Junior,Permanent,2024-06-01,Project Falcon,Billable,50.5
EMP00103,Director,Fixed-term,2024-06-01,Project Nova,Non-Billable,37.0
EMP00190,Junior,Freelancer,2024-06-01,Project Horizon,Non-Billable,67.1
EMP00153,Analyst,Part-time,2024-06-01,Project Zenith,Billable,30.9
EMP00013,Analyst,Part-time,2024-06-01,Project Atlas,Non-Billable,38.7
EMP00208,Analyst,Permanent,2024-06-01,Project Nimbus,Billable,61.6
EMP00082,Analyst,Permanent,2024-06-01,Project Nimbus,Annual Leave,38.1
EMP00163,Senior Analyst,Part-time,2024-06-01,Project Aurora,Annual Leave,14.6
EMP00251,Director,Fixed-term,2024-06-01,Project Falcon,Non-Billable,64.5
EMP00268,Senior Analyst,Permanent,2024-06-01,Project Horizon,Annual Leave,37.7
EMP00024,Intern,Freelancer,2024-06-01,Project Zenith,Non-Billable,29.9
EMP00275,Junior,Part-time,2024-06-01,Project Atlas,Non-Billable,71.2
EMP00231,Intern,Fixed-term,2024-06-01,,Non-Billable,125.8
EMP00030,Manager,Permanent,2024-06-01,Project Aurora,Billable,68.2
EMP00204,Junior,Permanent,2024-06-01,Project Zenith,Billable,89.5
EMP00006,Analyst,Contractor,2024-06-01,Project Zenith,Billable,51.7
EMP00174,Intern,Permanent,2024-06-01,Project Aurora,Non-Billable,86.4
EMP00336,Manager,Freelancer,2024-06-01,Project Titan,Billable,38.4
EMP00176,Senior Manager,Freelancer,2024-06-01,Project Nova,Billable,36.2
EMP00252,Intern,Part-time,2024-06-01,Project Titan,Non-Billable,87.4
EMP00293,Manager,Fixed-term,2024-06-01,Project Aurora,Billable,79.2
EMP00245,Senior Analyst,Fixed-term,2024-06-01,Project Falcon,Non-Billable,38.5
EMP00189,Senior Analyst,Part-time,2024-06-01,Project Nimbus,Billable,41.2
EMP00198,Senior Manager,Freelancer,2024-06-01,Project Atlas,Non-Billable,135.7
EMP00110,Junior,Part-time,2024-06-01,Project Horizon,Billable,37.1
EMP00034,Senior Manager,Permanent,2024-06-01,Project Atlas,Annual Leave,9.1
EMP00140,Intern,Permanent,2024-06-01,Project Aurora,Non-Billable,81.1
EMP00196,Analyst,Part-time,2024-06-01,Project Orion,Non-Billable,54.0
EMP00082,Analyst,Permanent,2024-06-01,Project Nimbus,Non-Billable,123.0
EMP00250,Senior Manager,Fixed-term,2024-06-01,Project Zenith,Non-Billable,101.9
EMP00210,Director,Fixed-term,2024-06-01,Project Nova,Annual Leave,31.6
EMP00093,Analyst,Fixed-term,2024-06-01,Project Orion,Billable,69.7
EMP00025,Senior Analyst,Contractor,2024-06-01,Project Titan,Billable,78.6
EMP00310,Senior Analyst,Fixed-term,2024-06-01,Project Atlas,Non-Billable,171.8
EMP00185,Junior,Part-time,2024-06-01,Project Horizon,Billable,46.8
EMP00306,Junior,Permanent,2024-06-01,Project Vega,Non-Billable,122.3
EMP00090,Director,Permanent,2024-06-01,Project Nova,Non-Billable,97.5
EMP00314,Senior Analyst,Permanent,2024-06-01,Project Atlas,Non-Billable,124.5
EMP00297,Junior,Permanent,2024-06-01,Project Vega,Non-Billable,113.2
EMP00124,Analyst,Permanent,2024-06-01,Project Atlas,Billable,84.0
EMP00294,Senior Manager,Permanent,2024-06-01,Project Nova,Non-Billable,35.5
EMP00087,Analyst,Contractor,2024-06-01,Project Atlas,Billable,85.7
EMP00063,Junior,Permanent,2024-06-01,Project Falcon,Non-Billable,99.6
EMP00273,Junior,Fixed-term,2024-06-01,Project Falcon,Billable,114.4
EMP00005,Intern,Permanent,2024-06-01,Project Zenith,Billable,47.6
EMP00191,Intern,Freelancer,2024-06-01,Project Orion,Billable,53.5
EMP00041,Intern,Permanent,2024-06-01,Project Vega,Non-Billable,168.2
EMP00150,Senior Manager,Fixed-term,2024-06-01,Project Atlas,Non-Billable,111.4
EMP00254,Manager,Freelancer,2024-06-01,Project Orion,Billable,41.3
EMP00064,Senior Analyst,Permanent,2024-06-01,Project Nimbus,Billable,121.9
EMP00121,Senior Analyst,Contractor,2024-06-01,Project Nimbus,Non-Billable,144.7
EMP00223,Senior Manager,Permanent,2024-06-01,Project Titan,Annual Leave,30.8
EMP00294,Senior Manager,Permanent,2024-06-01,Project Nova,Billable,140.5
EMP00109,Manager,Permanent,2024-06-01,Project Nimbus,Billable,51.3
EMP00150,Senior Manager,Fixed-term,2024-06-01,Project Atlas,Billable,39.3
EMP00030,Manager,Permanent,2024-06-01,Project Aurora,Non-Billable,97.7
EMP00151,Analyst,Fixed-term,2024-06-01,Project Vega,Billable,95.0
EMP00189,Senior Analyst,Part-time,2024-06-01,Project Nimbus,Non-Billable,48.3
EMP00330,Senior Analyst,Part-time,2024-06-01,Project Nimbus,Non-Billable,41.6
EMP00191,Intern,Freelancer,2024-06-01,Project Orion,Non-Billable,70.9
EMP00113,Analyst,Permanent,2024-06-01,Project Atlas,Annual Leave,36.4
EMP00025,Senior Analyst,Contractor,2024-06-01,Project Titan,Non-Billable,65.0
EMP00151,Analyst,Fixed-term,2024-06-01,Project Vega,Non-Billable,75.2
EMP00086,Senior Analyst,Part-time,2024-06-01,Project Falcon,Billable,28.0
EMP00340,Analyst,Fixed-term,2024-06-01,Project Nova,Non-Billable,124.8
EMP00245,Senior Analyst,Fixed-term,2024-06-01,Project Falcon,Annual Leave,28.8
EMP00332,Senior Analyst,Permanent,2024-06-01,Project Falcon,Non-Billable,91.8
EMP00138,Senior Analyst,Part-time,2024-06-01,Project Vega,Non-Billable,50.2
EMP00206,Senior Analyst,Part-time,2024-06-01,Project Nimbus,Billable,31.9
EMP00179,Analyst,Part-time,2024-06-01,Project Nimbus,Non-Billable,51.5
EMP00242,Intern,Permanent,2024-06-01,Project Nova,Billable,64.5
EMP00264,Junior,Part-time,2024-06-01,Project Orion,Non-Billable,50.5
EMP00102,Analyst,Contractor,2024-06-01,Project Vega,Billable,36.5
EMP00035,Manager,Permanent,2024-06-01,Project Aurora,Non-Billable,79.7
EMP00291,Analyst,Fixed-term,2024-06-01,Project Horizon,Billable,51.7
EMP00080,Analyst,Part-time,2024-06-01,Project Nova,Billable,59.7
EMP00080,Analyst,Part-time,2024-06-01,Project Nova,Non-Billable,35.8
EMP00037,Analyst,Fixed-term,2024-06-01, Project Orion,Non-Billable,83.7
EMP00190,Junior,Freelancer,2024-06-01,Project Horizon,Billable,69.9
EMP00157,Junior,Permanent,2024-06-01,Project Atlas,Non-Billable,86.4
EMP00222,Senior Analyst,Permanent,2024-06-01,Project Vega,Annual Leave,33.1
EMP00168,Junior,Permanent,2024-06-01,Project Atlas,Non-Billable,140.4
EMP00100,Junior,Freelancer,2024-06-01,Project Titan,Non-Billable,123.3
EMP00131,Junior,Contractor,2024-06-01,Project Orion,Billable,52.0
EMP00076,Intern,Permanent,2024-06-01,Project Titan,Billable,72.2
EMP00286,Analyst,Fixed-term,2024-06-01,Project Nimbus,Billable,81.8
EMP00110,Junior,Part-time,2024-06-01,Project Horizon,Non-Billable,59.9
EMP00117,Intern,Fixed-term,2024-06-01,Project Horizon,Billable,57.0
EMP00094,Senior Analyst,Contractor,2024-06-01,Project Vega,Non-Billable,103.1
EMP00101,Manager,Permanent,2024-06-01,Project Zenith,Annual Leave,30.9
EMP00233,Junior,Permanent,2024-07-01,Project Orion,Billable,45.1
EMP00208,Analyst,Permanent,2024-07-01,Project Nimbus,Annual Leave,24.6
EMP00025,Senior Analyst,Contractor,2024-07-01,Project Titan,Annual Leave,16.3
EMP00229,Intern,Contractor,2024-07-01,Project Aurora,Non-Billable,98.6
EMP00320,Junior,Part-time,2024-07-01,Project Aurora,Annual Leave,33.5
EMP00340,Analyst,Fixed-term,2024-07-01,Project Nova,Non-Billable,103.7
EMP00337,Senior Manager,Permanent,2024-07-01,Project Falcon,Annual Leave,9.1
EMP00221,Intern,Contractor,2024-07-01,Project Titan,Annual Leave,28.9
EMP00212,Junior,Fixed-term,2024-07-01,Project Vega,Billable,45.2
EMP00179,Analyst,Part-time,2024-07-01,Project Nimbus,Billable,34.9
EMP00167,Junior,Permanent,2024-07-01,Project Nimbus,Non-Billable,150.5
EMP00204,Junior,Permanent,2024-07-01,Project Zenith,Annual Leave,33.7
EMP00091,Senior Analyst,Permanent,2024-07-01,Project Nova,Annual Leave,38.8
EMP00301,Analyst,Freelancer,2024-07-01,Project Vega,Billable,50.7
EMP00106,Intern,Contractor,2024-07-01,Project Nova,Non-Billable,71.4
EMP00055,Senior Manager,Fixed-term,2024-07-01,Project Atlas,Non-Billable,89.2
EMP00096,Senior Analyst,Contractor,2024-07-01,Project Zenith,Billable,69.6
EMP00030,Manager,Permanent,2024-07-01,Project Aurora,Annual Leave,8.4
EMP00281,Analyst,Permanent,2024-07-01,Project Falcon,Billable,45.8
EMP00076,Intern,Permanent,2024-07-01,Project Titan,Non-Billable,78.3
EMP00200,Senior Manager,Fixed-term,2024-07-01,Project Vega,Annual Leave,17.4
EMP00136,Senior Analyst,Fixed-term,2024-07-01,Project Orion,Non-Billable,146.9
EMP00105,Junior,Permanent,2024-07-01,Project Aurora,Billable,46.3
EMP00086,Senior Analyst,Part-time,2024-07-01,Project Falcon,Annual Leave,12.6
EMP00169,Analyst,Fixed-term,2024-07-01,Project Falcon,Annual Leave,22.7
EMP00043,Intern,Contractor,2024-07-01,Project Falcon,Annual Leave,32.4
EMP00246,Manager,Part-time,2024-07-01,Project Zenith,Annual Leave,24.7
EMP00142,Analyst,Permanent,2024-07-01,Project Falcon,Annual Leave,19.9
EMP00076,Intern,Permanent,2024-07-01,Project Titan,Billable,71.7
EMP00111,Senior Analyst,Fixed-term,2024-07-01,Project Nova,Non-Billable,144.6
EMP00081,Manager,Fixed-term,2024-07-01,Project Aurora,Non-Billable,90.1
EMP00231,Intern,Fixed-term,2024-07-01,Project Atlas,Billable,33.0
EMP00140,Intern,Permanent,2024-07-01,Project Aurora,Annual Leave,36.7
EMP00064,Senior Analyst,Permanent,2024-07-01,,Maternity Leave,32.9
EMP00140,Intern,Permanent,2024-07-01,Project Aurora,Billable,70.0
EMP00031,Manager,Contractor,2024-07-01,Project Nimbus,Annual Leave,9.0
EMP00272,Senior Analyst,Contractor,2024-07-01,Project Zenith,Billable,42.2
EMP00086,Senior Analyst,Part-time,2024-07-01,Project Falcon,Billable,20.6
EMP00271,Senior Analyst,Permanent,2024-07-01,Project Aurora,Non-Billable,159.0
EMP00244,Senior Analyst,Permanent,2024-07-01,Project Nimbus,Non-Billable,35.1
EMP00045,Analyst,Fixed-term,2024-07-01,Project Atlas,Billable,66.0
EMP00210,Director,Fixed-term,2024-07-01,Project Nova,Billable,120.3
EMP00325,Director,Fixed-term,2024-07-01,Project Falcon,Annual Leave,8.8
EMP00022,Analyst,Permanent,2024-07-01,Project Orion,Billable,42.9
EMP00138,Senior Analyst,Part-time,2024-07-01,Project Vega,Annual Leave,11.2
EMP00020,Senior Manager,Permanent,2024-07-01,Project Horizon,Non-Billable,67.4
EMP00104,Junior,Permanent,2024-07-01,Project Falcon,Non-Billable,98.3
EMP00033,Director,Fixed-term,2024-07-01,Project Horizon,Billable,62.1
EMP00215,Junior,Contractor,2024-07-01,Project Zenith,Non-Billable,68.5
EMP00143,Analyst,Permanent,2024-07-01,Project Orion,Non-Billable,112.6
EMP00202,Junior,Permanent,2024-07-01,Project Atlas,Annual Leave,23.7
EMP00281,Analyst,Permanent,2024-07-01,Project Falcon,Annual Leave,38.8
EMP00331,Senior Analyst,Permanent,2024-07-01,Project Aurora,Annual Leave,37.8
EMP00194,Analyst,Freelancer,2024-07-01,Project Vega,Annual Leave,37.4
EMP00235,Analyst,Fixed-term,2024-07-01,Project Falcon,Annual Leave,35.2
EMP00059,Manager,Fixed-term,2024-07-01,Project Titan,Non-Billable,111.1
EMP00078,Analyst,Contractor,2024-07-01,Project Aurora,Non-Billable,71.6
EMP00075,Analyst,Permanent,2024-07-01,Project Atlas,Non-Billable,135.0
EMP00291,Analyst,Fixed-term,2024-07-01,Project Horizon,Billable,64.3
EMP00070,Junior,Permanent,2024-07-01,Project Nimbus,Non-Billable,89.2
EMP00305,Junior,Permanent,2024-07-01,Project Nova,Annual Leave,15.2
EMP00245,Senior Analyst,Fixed-term,2024-07-01,Project Falcon,Non-Billable,42.4
EMP00194,Analyst,Freelancer,2024-07-01,Project Vega,Non-Billable,62.4
EMP00049,Senior Manager,Fixed-term,2024-07-01,Project Vega,Annual Leave,14.9
EMP00103,Director,Fixed-term,2024-07-01,Project Nova,Billable,138.5
EMP00272,Senior Analyst,Contractor,2024-07-01,Project Zenith,Non-Billable,90.6
EMP00050,Manager,Freelancer,2024-07-01,Project Vega,Non-Billable,116.9
EMP00063,Junior,Permanent,2024-07-01,Project Falcon,Billable,73.0
EMP00251,Director,Fixed-term,2024-07-01,Project Falcon,Non-Billable,52.2
EMP00064,Senior Analyst,Permanent,2024-07-01,Project Nimbus,Non-Billable,28.7
EMP00262,Analyst,Permanent,2024-07-01,Project Vega,Annual Leave,16.4
EMP00070,Junior,Permanent,2024-07-01,Project Nimbus,Annual Leave,27.6
EMP00110,Junior,Part-time,2024-07-01,Project Horizon,Annual Leave,16.4
EMP00094,Senior Analyst,Contractor,2024-07-01,Project Vega,Non-Billable,87.9
EMP00173,Manager,Freelancer,2024-07-01,Project Aurora,Annual Leave,27.7
EMP00098,Intern,Fixed-term,2024-07-01,Project Atlas,Billable,103.2
EMP00093,Analyst,Fixed-term,2024-07-01,Project Orion,Annual Leave,14.1
EMP00294,Senior Manager,Permanent,2024-07-01,Project Nova,Non-Billable,37.5
EMP00020,Senior Manager,Permanent,2024-07-01,Project Horizon,Annual Leave,25.4
EMP00312,Analyst,Fixed-term,2024-07-01,Project Atlas,Annual Leave,30.4
EMP00331,Senior Analyst,Permanent,2024-07-01,Project Aurora,Billable,37.1
EMP00011,Executive,Permanent,2024-07-01,Project Falcon,Annual Leave,32.3
EMP00045,Analyst,Fixed-term,2024-07-01,Project Atlas,Annual Leave,32.6
EMP00125,Senior Analyst,Fixed-term,2024-07-01,Project Titan,Annual Leave,9.8
EMP00126,Senior Manager,Part-time,2024-07-01,Project Vega,Billable,38.7
EMP00126,Senior Manager,Part-time,2024-07-01,Project Vega,Annual Leave,25.7
EMP00005,Intern,Permanent,2024-07-01,Project Zenith,Non-Billable,99.5
EMP00132,Junior,Fixed-term,2024-07-01,Project Nimbus,Non-Billable,140.7
EMP00007,Junior,Permanent,2024-07-01,Project Vega,Non-Billable,143.4
EMP00099,Analyst,Permanent,2024-07-01,Project Titan,Non-Billable,109.1
EMP00332,Senior Analyst,Permanent,2024-07-01,Project Falcon,Non-Billable,73.9
EMP00222,Senior Analyst,Permanent,2024-07-01,Project Vega,Annual Leave,26.6
EMP00180,Analyst,Fixed-term,2024-07-01,Project Orion,Billable,50.5
EMP00034,Senior Manager,Permanent,2024-07-01,Project Atlas,Annual Leave,22.9
EMP00177,Analyst,Contractor,2024-07-01,Project Falcon,Non-Billable,66.6
EMP00235,Analyst,Fixed-term,2024-07-01,Project Falcon,Billable,35.1
EMP00087,Analyst,Contractor,2024-07-01,Project Atlas,Annual Leave,24.0
EMP00057,Intern,Part-time,2024-07-01,Project Nova,Non-Billable,69.7
EMP00318,Junior,Contractor,2024-07-01,Project Nimbus,Non-Billable,122.2
EMP00020,Senior Manager,Permanent,2024-07-01,Project Horizon,Billable,59.3
EMP00146,Analyst,Permanent,2024-07-01,Project Aurora,Annual Leave,16.3
EMP00102,Analyst,Contractor,2024-07-01,Project Vega,Billable,36.2
EMP00061,Analyst,Permanent,2024-07-01,Project Horizon,Billable,71.2
EMP00134,Analyst,Permanent,2024-07-01,Project Orion,Non-Billable,153.0
EMP00245,Senior Analyst,Fixed-term,2024-07-01,Project Falcon,Annual Leave,17.0
EMP00204,Junior,Permanent,2024-07-01,Project Zenith,Non-Billable,66.1
EMP00130,Junior,Permanent,2024-07-01,Project Nova,Billable,33.0
EMP00338,Intern,Contractor,2024-07-01,Project Nova,Annual Leave,17.6
EMP00185,Junior,Part-time,2024-07-01,Project Horizon,Billable,31.2
EMP00289,Junior,Fixed-term,2024-07-01,Project Nova,Non-Billable,145.2
EMP00159,Junior,Permanent,2024-07-01,Project Vega,Non-Billable,84.5
EMP00153,Analyst,Part-time,2024-07-01,Project Zenith,Annual Leave,16.4
EMP00148,Junior,Permanent,2024-07-01,Project Nova,Non-Billable,69.7
EMP00151,Analyst,Fixed-term,2024-07-01,,Maternity Leave,20.4
EMP00159,Junior,Permanent,2024-07-01,Project Vega,Billable,38.3
EMP00293,Manager,Fixed-term,2024-07-01,Project Aurora,Non-Billable,83.4
EMP00286,Analyst,Fixed-term,2024-07-01,Project Nimbus,Billable,56.0
EMP00215,Junior,Contractor,2024-07-01,Project Zenith,Billable,46.0
EMP00331,Senior Analyst,Permanent,2024-07-01,Project Aurora,Non-Billable,95.4
EMP00108,Junior,Permanent,2024-07-01,Project Titan,Non-Billable,87.3
EMP00266,Manager,Fixed-term,2024-07-01,Project Orion,Billable,50.4
EMP00208,Analyst,Permanent,2024-07-01,Project Nimbus,Non-Billable,93.7
EMP00098,Intern,Fixed-term,2024-07-01,Project Atlas,Non-Billable,40.0
EMP00059,Manager,Fixed-term,2024-07-01,Project Titan,Annual Leave,11.5
EMP00176,Senior Manager,Freelancer,2024-07-01,Project Nova,Non-Billable,74.2
EMP00128,Manager,Fixed-term,2024-07-01,Project Vega,Annual Leave,32.3
EMP00086,Senior Analyst,Part-time,2024-07-01,Project Falcon,Non-Billable,53.1
EMP00252,Intern,Part-time,2024-07-01,Project Titan,Non-Billable,79.5
EMP00232,Analyst,Permanent,2024-07-01,Project Falcon,Annual Leave,30.2
EMP00273,Junior,Fixed-term,2024-07-01,project falcon,Non-Billable,71.1
EMP00254,Manager,Freelancer,2024-07-01,Project Orion,Billable,28.0
EMP00029,Manager,Permanent,2024-07-01,Project Nimbus,Annual Leave,31.7
EMP00056,Analyst,Permanent,2024-07-01,Project Aurora,Billable,72.3
EMP00171,Analyst,Permanent,2024-07-01,Project Zenith,Billable,44.7
EMP00301,Analyst,Freelancer,2024-07-01,Project Vega,Annual Leave,20.6
EMP00314,Senior Analyst,Permanent,2024-07-01,Project Atlas,Billable,46.7
EMP00314,Senior Analyst,Permanent,2024-07-01,Project Atlas,Annual Leave,14.9
EMP00288,Junior,Permanent,2024-07-01,Project Zenith,Annual Leave,35.2
EMP00218,Analyst,Fixed-term,2024-07-01,Project Nimbus,Non-Billable,101.8
EMP00250,Senior Manager,Fixed-term,2024-07-01,Project Zenith,Annual Leave,29.1
EMP00265,Intern,Permanent,2024-07-01,Project Zenith,Billable,36.3
EMP00212,Junior,Fixed-term,2024-07-01,Project Vega,Non-Billable,87.2
EMP00145,Junior,Permanent,2024-07-01,Project Atlas,Non-Billable,152.0
EMP00093,Analyst,Fixed-term,2024-07-01,Project Orion,Billable,55.1
EMP00174,Intern,Permanent,2024-07-01,Project Aurora,Non-Billable,74.7
EMP00140,Intern,Permanent,2024-07-01,Project Aurora,Non-Billable,66.7
EMP00049,Senior Manager,Fixed-term,2024-07-01,Project Vega,Billable,104.6
EMP00317,Manager,Fixed-term,2024-07-01,Project Horizon,Non-Billable,103.5
EMP00014,Senior Manager,Contractor,2024-07-01,Project Horizon,Billable,55.0
EMP00084,Senior Manager,Contractor,2024-07-01,Project Falcon,Annual Leave,12.8
EMP00184,Junior,Permanent,2024-07-01,Project Falcon,Billable,36.2
EMP00061,Analyst,Permanent,2024-07-01,Project Horizon,Non-Billable,82.3
EMP00121,Senior Analyst,Contractor,2024-07-01,Project Nimbus,Annual Leave,25.1
EMP00339,Manager,Contractor,2024-07-01,Project Nova,Annual Leave,11.0
EMP00006,Analyst,Contractor,2024-07-01,Project Zenith,Billable,65.6
EMP00100,Junior,Freelancer,2024-07-01,Project Titan,Annual Leave,16.3
EMP00218,Analyst,Fixed-term,2024-07-01,Project Nimbus,Billable,64.6
EMP00151,Analyst,Fixed-term,2024-07-01,Project Vega,Non-Billable,81.6
EMP00146,Analyst,Permanent,2024-07-01,Project Aurora,Billable,100.0
EMP00012,Analyst,Fixed-term,2024-07-01, Project Nimbus,Billable,39.1
EMP00055,Senior Manager,Fixed-term,2024-07-01,Project Atlas,Billable,44.9
EMP00003,Intern,Freelancer,2024-07-01,Project Zenith,Annual Leave,38.6
EMP00180,Analyst,Fixed-term,2024-07-01,Project Orion,Annual Leave,37.0
EMP00164,Junior,Contractor,2024-07-01,Project Nova,Non-Billable,119.4
EMP00035,Manager,Permanent,2024-07-01,Project Aurora,Annual Leave,24.0
EMP00297,Junior,Permanent,2024-07-01,Project Vega,Non-Billable,98.9
EMP00012,Analyst,Fixed-term,2024-07-01,Project Nimbus,Non-Billable,117.4
EMP00235,Analyst,Fixed-term,2024-07-01,Project Falcon,Non-Billable,102.5
EMP00090,Director,Permanent,2024-07-01,Project Nova,Billable,44.6
EMP00240,Senior Analyst,Permanent,2024-07-01,Project Titan,Non-Billable,39.3
EMP00033,Director,Fixed-term,2024-07-01,Project Horizon,Non-Billable,103.8
EMP00006,Analyst,Contractor,2024-07-01,Project Zenith,Annual Leave,10.6
EMP00012,Analyst,Fixed-term,2024-07-01,Project Nimbus,Annual Leave,11.2
EMP00233,Junior,Permanent,2024-07-01,Project Orion,Non-Billable,99.3
EMP00265,Intern,Permanent,2024-07-01,Project Zenith,Annual Leave,17.9
EMP00206,Senior Analyst,Part-time,2024-07-01,Project Nimbus,Non-Billable,48.5
EMP00284,Analyst,Permanent,2024-07-01,Project Falcon,Billable,135.3
EMP00171,Analyst,Permanent,2024-07-01,Project Zenith,Annual Leave,37.8
EMP00206,Senior Analyst,Part-time,2024-07-01,Project Nimbus,Annual Leave,23.8
EMP00080,Analyst,Part-time,2024-07-01,Project Nova,Billable,31.0
EMP00186,Junior,Part-time,2024-07-01,Project Orion,Annual Leave,18.2
EMP00032,Manager,Contractor,2024-07-01,Project Atlas,Annual Leave,12.9
EMP00150,Senior Manager,Fixed-term,2024-07-01,Project Atlas,Billable,64.8
EMP00311,Analyst,Permanent,2024-07-01,Project Nimbus,Annual Leave,22.7
EMP00074,Junior,Permanent,2024-07-01,Project Horizon,Annual Leave,22.8
EMP00300,Analyst,Fixed-term,2024-07-01,Project Nimbus,Non-Billable,79.7
EMP00021,Senior Analyst,Fixed-term,2024-07-01,Project Horizon,Annual Leave,10.9
EMP00226,Senior Analyst,Part-time,2024-07-01,Project Vega,Non-Billable,45.1
EMP00011,Executive,Permanent,2024-07-01,Project Falcon,Non-Billable,64.6
EMP00017,Analyst,Permanent,2024-07-01,Project Atlas,Annual Leave,27.2
EMP00339,Manager,Contractor,2024-07-01,Project Nova,Non-Billable,146.0
EMP00322,Senior Analyst,Part-time,2024-07-01,Project Vega,Non-Billable,32.0
EMP00280,Manager,Permanent,2024-07-01,Project Orion,Annual Leave,15.2
EMP00188,Analyst,Fixed-term,2024-07-01,Project Orion,Billable,52.0
EMP00056,Analyst,Permanent,2024-07-01,Project Aurora,Non-Billable,97.1
EMP00102,Analyst,Contractor,2024-07-01,Project Vega,Annual Leave,25.8
EMP00325,Director,Fixed-term,2024-07-01,Project Falcon,Non-Billable,153.2
EMP00322,Senior Analyst,Part-time,2024-07-01,Project Vega,Annual Leave,31.1
EMP00126,Senior Manager,Part-time,2024-07-01,Project Vega,Non-Billable,35.5
EMP00151,Analyst,Fixed-term,2024-07-01,Project Vega,Billable,61.0
EMP00022,Analyst,Permanent,2024-07-01,Project Orion,Annual Leave,10.8
EMP00326,Manager,Permanent,2024-07-01,Project Falcon,Non-Billable,85.5
EMP00211,Manager,Fixed-term,2024-07-01,Project Orion,Non-Billable,87.1
EMP00268,Senior Analyst,Permanent,2024-07-01,Project Horizon,Annual Leave,23.5
EMP00117,Intern,Fixed-term,2024-07-01,Project Horizon,Billable,61.4
EMP00178,Intern,Permanent,2024-07-01,Project Nova,Annual Leave,21.5
EMP00067,Manager,Part-time,2024-07-01,Project Vega,Non-Billable,87.1
EMP00021,Senior Analyst,Fixed-term,2024-07-01,Project Horizon,Billable,112.4
EMP00099,Analyst,Permanent,2024-07-01,Project Titan,Annual Leave,14.1
EMP00101,Manager,Permanent,2024-07-01,Project Zenith,Annual Leave,30.5
EMP00208,Analyst,Permanent,2024-07-01,Project Nimbus,Billable,58.0
EMP00196,Analyst,Part-time,2024-07-01,Project Orion,Annual Leave,8.3
EMP00211,Manager,Fixed-term,2024-07-01,Project Orion,Billable,68.7
EMP00245,Senior Analyst,Fixed-term,2024-07-01,Project Falcon,Billable,110.8
EMP00318,Junior,Contractor,2024-07-01,Project Nimbus,Annual Leave,29.1
EMP00167,Junior,Permanent,2024-07-01,Project Nimbus,Annual Leave,13.2
EMP00218,Analyst,Fixed-term,2024-07-01,Project Nimbus,Annual Leave,23.6
EMP00293,Manager,Fixed-term,2024-07-01,Project Aurora,Annual Leave,35.2
EMP00223,Senior Manager,Permanent,2024-07-01,Project Titan,Annual Leave,35.3
EMP00081,Manager,Fixed-term,2024-07-01,Project Aurora,Billable,67.9
EMP00146,Analyst,Permanent,2024-07-01,Project Aurora,Non-Billable,41.2
EMP00031,Manager,Contractor,2024-07-01,Project Nimbus,Non-Billable,68.7
EMP00303,Senior Manager,Permanent,2024-07-01,Project Horizon,Annual Leave,10.6
EMP00003,Intern,Freelancer,2024-07-01,Project Zenith,Non-Billable,64.4
EMP00268,Senior Analyst,Permanent,2024-07-01,Project Horizon,Non-Billable,103.6
EMP00037,Analyst,Fixed-term,2024-07-01,Project Orion,Non-Billable,109.7
EMP00289,Junior,Fixed-term,2024-07-01,Project Nova,Annual Leave,13.4
EMP00222,Senior Analyst,Permanent,2024-07-01,Project Vega,Non-Billable,128.7
EMP00116,Manager,Fixed-term,2024-07-01,Project Zenith,Non-Billable,58.5
EMP00273,Junior,Fixed-term,2024-07-01,Project Falcon,Billable,87.2
EMP00179,Analyst,Part-time,2024-07-01,Project Nimbus,Annual Leave,31.3
EMP00105,Junior,Permanent,2024-07-01,Project Aurora,Annual Leave,10.7
EMP00210,Director,Fixed-term,2024-07-01,,Maternity Leave,12.2
EMP00134,Analyst,Permanent,2024-07-01,Project Orion,Annual Leave,23.0
EMP00280,Manager,Permanent,2024-07-01,Project Orion,Non-Billable,162.8
EMP00163,Senior Analyst,Part-time,2024-07-01,Project Aurora,Annual Leave,31.5
EMP00189,Senior Analyst,Part-time,2024-07-01,Project Nimbus,Annual Leave,35.2
EMP00326,Manager,Permanent,2024-07-01,Project Falcon,Billable,78.3
EMP00190,Junior,Freelancer,2024-07-01,Project Horizon,Non-Billable,43.8
EMP00106,Intern,Contractor,2024-07-01,Project Nova,Annual Leave,39.2
EMP00275,Junior,Part-time,2024-07-01,Project Atlas,Billable,22.8
EMP00099,Analyst,Permanent,2024-07-01,Project Titan,Billable,44.1
EMP00224,Senior Manager,Fixed-term,2024-07-01,Project Falcon,Annual Leave,39.9
EMP00113,Analyst,Permanent,2024-07-01,Project Atlas,Non-Billable,160.9
EMP00104,Junior,Permanent,2024-07-01,Project Falcon,Annual Leave,10.6
EMP00263,Analyst,Part-time,2024-07-01,Project Zenith,Annual Leave,9.0
EMP00098,Intern,Fixed-term,2024-07-01,Project Atlas,Annual Leave,34.3
EMP00205,Manager,Permanent,2024-07-01,Project Atlas,Annual Leave,28.4
EMP00116,Manager,Fixed-term,2024-07-01,Project Zenith,Annual Leave,14.3
EMP00250,Senior Manager,Fixed-term,2024-07-01,Project Zenith,Billable,46.4
EMP00005,Intern,Permanent,2024-07-01,Project Zenith,Annual Leave,24.9
EMP00180,Analyst,Fixed-term,2024-07-01,Project Orion,Non-Billable,69.7
EMP00264,Junior,Part-time,2024-07-01,Project Orion,Non-Billable,36.3
EMP00138,Senior Analyst,Part-time,2024-07-01,Project Vega,Non-Billable,41.1
EMP00087,Analyst,Contractor,2024-07-01,Project Atlas,Non-Billable,67.8
EMP00231,Intern,Fixed-term,2024-07-01,Project Atlas,Non-Billable,91.8
EMP00153,Analyst,Part-time,2024-07-01,Project Zenith,Billable,25.4
EMP00036,Senior Manager,Permanent,2024-07-01,Project Nimbus,Annual Leave,11.2
EMP00293,Manager,Fixed-term,2024-07-01,Project Aurora,Billable,62.9
EMP00301,Analyst,Freelancer,2024-07-01,Project Vega,Non-Billable,55.3
EMP00213,Senior Analyst,Permanent,2024-07-01,Project Horizon,Annual Leave,9.3
EMP00240,Senior Analyst,Permanent,2024-07-01,Project Titan,Billable,101.5
EMP00213,Senior Analyst,Permanent,2024-07-01,Project Horizon,Billable,57.5
EMP00128,Manager,Fixed-term,2024-07-01,Project Vega,Non-Billable,81.1
EMP00311,Analyst,Permanent,2024-07-01,Project Nimbus,Non-Billable,149.4
EMP00286,Analyst,Fixed-term,2024-07-01,Project Nimbus,Non-Billable,81.2
EMP00273,Junior,Fixed-term,2024-07-01,Project Falcon,Annual Leave,10.9
EMP00174,Intern,Permanent,2024-07-01,Project Aurora,Billable,61.0
EMP00239,Analyst,Freelancer,2024-07-01,Project Vega,Billable,64.7
EMP00310,Senior Analyst,Fixed-term,2024-07-01,Project Atlas,Annual Leave,29.6
EMP00190,Junior,Freelancer,2024-07-01,Project Horizon,Billable,50.5
EMP00081,Manager,Fixed-term,2024-07-01,Project Aurora,Annual Leave,15.1
EMP00185,Junior,Part-time,2024-07-01,Project Horizon,Non-Billable,32.9
EMP00027,Senior Analyst,Permanent,2024-07-01,Project Titan,Annual Leave,28.8
EMP00047,Senior Analyst,Part-time,2024-07-01,Project Zenith,Non-Billable,54.3
EMP00305,Junior,Permanent,2024-07-01,Project Nova,Non-Billable,150.4
EMP00214,Senior Analyst,Freelancer,2024-07-01,Project Orion,Non-Billable,76.8
EMP00291,Analyst,Fixed-term,2024-07-01,Project Horizon,Non-Billable,91.5
EMP00169,Analyst,Fixed-term,2024-07-01,Project Falcon,Billable,75.4
EMP00075,Analyst,Permanent,2024-07-01,Project Atlas,Annual Leave,33.0
EMP00299,Senior Analyst,Fixed-term,2024-07-01,Project Nova,Non-Billable,102.6
EMP00065,Director,Fixed-term,2024-07-01,Project Aurora,Non-Billable,158.5
EMP00320,Junior,Part-time,2024-07-01,Project Aurora,Non-Billable,37.7
EMP00303,Senior Manager,Permanent,2024-07-01,Project Horizon,Billable,63.4
EMP00284,Analyst,Permanent,2024-07-01,Project Falcon,Annual Leave,8.9
EMP00300,Analyst,Fixed-term,2024-07-01,Project Nimbus,Annual Leave,17.1
EMP00244,Senior Analyst,Permanent,2024-07-01,Project Nimbus,Billable,96.2
EMP00063,Junior,Permanent,2024-07-01,Project Falcon,Non-Billable,88.4
EMP00173,Manager,Freelancer,2024-07-01,Project Aurora,Non-Billable,102.9
EMP00139,Intern,Permanent,2024-07-01,Project Titan,Non-Billable,142.6
EMP00317,Manager,Fixed-term,2024-07-01,Project Horizon,Annual Leave,26.3
EMP00308,Senior Analyst,Part-time,2024-07-01,Project Orion,Non-Billable,44.8
EMP00240,Senior Analyst,Permanent,2024-07-01,Project Titan,Annual Leave,27.4
EMP00106,Intern,Contractor,2024-07-01,Project Nova,Billable,37.5
EMP00187,Analyst,Permanent,2024-07-01,Project Orion,Annual Leave,30.7
EMP00097,Analyst,Freelancer,2024-07-01,Project Atlas,Annual Leave,32.0
EMP00130,Junior,Permanent,2024-07-01,Project Nova,Non-Billable,84.0
EMP00297,Junior,Permanent,2024-07-01,Project Vega,Annual Leave,35.1
EMP00023,Junior,Permanent,2024-07-01,Project Aurora,Annual Leave,18.9
EMP00007,Junior,Permanent,2024-07-01,Project Vega,Annual Leave,28.0
EMP00029,Manager,Permanent,2024-07-01,Project Nimbus,Billable,41.6
EMP00221,Intern,Contractor,2024-07-01,Project Titan,Non-Billable,113.7
EMP00238,Intern,Permanent,2024-07-01,Project Nova,Billable,70.6
EMP00136,Senior Analyst,Fixed-term,2024-07-01,Project Orion,Annual Leave,23.4
EMP00288,Junior,Permanent,2024-07-01,Project Zenith,Billable,38.8
EMP00013,Analyst,Part-time,2024-07-01,Project Atlas,Annual Leave,35.9
EMP00104,Junior,Permanent,2024-07-01,Project Falcon,Billable,59.7
EMP00340,Analyst,Fixed-term,2024-07-01,Project Nova,Billable,40.8
EMP00177,Analyst,Contractor,2024-07-01,Project Falcon,Billable,71.7
EMP00094,Senior Analyst,Contractor,2024-07-01,Project Vega,Billable,45.4
EMP00275,Junior,Part-time,2024-07-01,Project Atlas,Annual Leave,40.0
EMP00242,Intern,Permanent,2024-07-01,Project Nova,Non-Billable,84.5
EMP00335,Senior Analyst,Permanent,2024-07-01,Project Falcon,Billable,70.2
EMP00169,Analyst,Fixed-term,2024-07-01,Project Falcon,Non-Billable,88.1
EMP00142,Analyst,Permanent,2024-07-01,Project Falcon,Billable,75.2
EMP00137,Analyst,Permanent,2024-07-01,Project Atlas,Non-Billable,88.5
EMP00263,Analyst,Part-time,2024-07-01,Project Zenith,Billable,38.3
EMP00177,Analyst,Contractor,2024-07-01,Project Falcon,Annual Leave,24.5
EMP00124,Analyst,Permanent,2024-07-01,Project Atlas,Non-Billable,82.8
EMP00130,Junior,Permanent,2024-07-01,Project Nova,Annual Leave,32.2
EMP00201,Analyst,Permanent,2024-07-01,Project Falcon,Billable,37.2
EMP00223,Senior Manager,Permanent,2024-07-01,Project Titan,Billable,89.2
EMP00261,Analyst,Part-time,2024-07-01,Project Titan,Annual Leave,28.2
EMP00310,Senior Analyst,Fixed-term,2024-07-01,Project Atlas,Non-Billable,128.7
EMP00200,Senior Manager,Fixed-term,2024-07-01,Project Vega,Non-Billable,102.8
EMP00110,Junior,Part-time,2024-07-01,Project Horizon,Billable,28.3
EMP00176,Senior Manager,Freelancer,2024-07-01,Project Nova,Billable,29.9
EMP00303,Senior Manager,Permanent,2024-07-01,Project Horizon,Non-Billable,90.4
EMP00157,Junior,Permanent,2024-07-01,Project Atlas,Annual Leave,25.8
EMP00137,Analyst,Permanent,2024-07-01,Project Atlas,Annual Leave,38.0
EMP00336,Manager,Freelancer,2024-07-01,Project Titan,Annual Leave,20.9
EMP00226,Senior Analyst,Part-time,2024-07-01,Project Vega,Billable,12.2
EMP00254,Manager,Freelancer,2024-07-01,Project Orion,Non-Billable,74.9
EMP00097,Analyst,Freelancer,2024-07-01,Project Atlas,Billable,39.0
EMP00225,Senior Analyst,Permanent,2024-07-01,Project Vega,Non-Billable,66.8
EMP00043,Intern,Contractor,2024-07-01,Project Falcon,Non-Billable,55.5
EMP00024,Intern,Freelancer,2024-07-01,Project Zenith,Annual Leave,19.7
EMP00028,Analyst,Permanent,2024-07-01,Project Vega,Non-Billable,129.9
EMP00256,Manager,Part-time,2024-07-01,Project Atlas,Non-Billable,75.8
EMP00198,Senior Manager,Freelancer,2024-07-01,Project Atlas,Annual Leave,15.3
EMP00335,Senior Analyst,Permanent,2024-07-01,Project Falcon,Annual Leave,25.4
EMP00306,Junior,Permanent,2024-07-01,Project Vega,Annual Leave,16.1
EMP00047,Senior Analyst,Part-time,2024-07-01,Project Zenith,Annual Leave,20.6
EMP00198,Senior Manager,Freelancer,2024-07-01,Project Atlas,Non-Billable,125.2
EMP00150,Senior Manager,Fixed-term,2024-07-01,Project Atlas,Non-Billable,93.8
EMP00084,Senior Manager,Contractor,2024-07-01,Project Falcon,Non-Billable,122.6
EMP00202,Junior,Permanent,2024-07-01,Project Atlas,Non-Billable,79.4
EMP00097,Analyst,Freelancer,2024-07-01,Project Atlas,Non-Billable,68.3
EMP00025,Senior Analyst,Contractor,2024-07-01,Project Titan,Non-Billable,55.0
EMP00093,Analyst,Fixed-term,2024-07-01,Project Orion,Non-Billable,95.1
EMP00124,Analyst,Permanent,2024-07-01,Project Atlas,Annual Leave,8.1
EMP00213,Senior Analyst,Permanent,2024-07-01,Project Horizon,Non-Billable,105.6
EMP00285,Analyst,Fixed-term,2024-07-01,Project Aurora,Annual Leave,25.2
EMP00148,Junior,Permanent,2024-07-01,Project Nova,Annual Leave,33.6
EMP00155,Junior,Permanent,2024-07-01,Project Vega,Non-Billable,75.9
EMP00251,Director,Fixed-term,2024-07-01,Project Falcon,Annual Leave,34.1
EMP00251,Director,Fixed-term,2024-07-01,Project Falcon,Billable,76.2
EMP00078,Analyst,Contractor,2024-07-01,Project Aurora,Annual Leave,14.7
EMP00244,Senior Analyst,Permanent,2024-07-01,Project Nimbus,Annual Leave,32.0
EMP00246,Manager,Part-time,2024-07-01,Project Zenith,Non-Billable,10.4
EMP00090,Director,Permanent,2024-07-01,Project Nova,Annual Leave,39.0
EMP00143,Analyst,Permanent,2024-07-01,Project Orion,Annual Leave,13.0
EMP00013,Analyst,Part-time,2024-07-01,Project Atlas,Non-Billable,27.4
EMP00168,Junior,Permanent,2024-07-01,Project Atlas,Non-Billable,136.6
EMP00191,Intern,Freelancer,2024-07-01,Project Orion,Billable,55.3
EMP00030,Manager,Permanent,2024-07-01,Project Aurora,Non-Billable,101.9
EMP00299,Senior Analyst,Fixed-term,2024-07-01,Project Nova,Annual Leave,22.6
EMP00261,Analyst,Part-time,2024-07-01,Project Titan,Billable,17.7
EMP00266,Manager,Fixed-term,2024-07-01,,Maternity Leave,30.7
EMP00302,Junior,Fixed-term,2024-07-01,Project Zenith,Non-Billable,126.2
EMP00132,Junior,Fixed-term,2024-07-01,Project Nimbus,Annual Leave,33.2
EMP00213,Senior Analyst,Permanent,2024-07-01,Project Horizon,Annual Leave,9.3
EMP00217,Analyst,Permanent,2024-07-01,Project Falcon,Non-Billable,119.7
EMP00285,Analyst,Fixed-term,2024-07-01,Project Aurora,Non-Billable,148.0
EMP00137,Analyst,Permanent,2024-07-01,Project Atlas,Billable,34.0
EMP00330,Senior Analyst,Part-time,2024-07-01,Project Nimbus,Billable,21.6
EMP00164,Junior,Contractor,2024-07-01,Project Nova,Annual Leave,26.8
EMP00005,Intern,Permanent,2024-07-01,Project Zenith,Billable,42.9
EMP00332,Senior Analyst,Permanent,2024-07-01,Project Falcon,Annual Leave,32.1
EMP00212,Junior,Fixed-term,2024-07-01,Project Vega,Annual Leave,33.9
EMP00168,Junior,Permanent,2024-07-01,Project Atlas,Annual Leave,28.3
EMP00076,Intern,Permanent,2024-07-01,Project Titan,Annual Leave,10.9
EMP00196,Analyst,Part-time,2024-07-01,Project Orion,Non-Billable,44.8
EMP00271,Senior Analyst,Permanent,2024-07-01,Project Aurora,Annual Leave,16.9
EMP00124,Analyst,Permanent,2024-07-01,Project Atlas,Billable,93.1
EMP00324,Junior,Permanent,2024-07-01,Project Falcon,Billable,34.8
EMP00190,Junior,Freelancer,2024-07-01,Project Horizon,Annual Leave,32.4
EMP00187,Analyst,Permanent,2024-07-01,Project Orion,Non-Billable,55.1
EMP00131,Junior,Contractor,2024-07-01,Project Orion,Billable,59.2
EMP00256,Manager,Part-time,2024-07-01,Project Atlas,Annual Leave,19.0
EMP00024,Intern,Freelancer,2024-07-01,Project Zenith,Billable,67.9
EMP00131,Junior,Contractor,2024-07-01,Project Orion,Annual Leave,23.7
EMP00317,Manager,Fixed-term,2024-07-01,Project Horizon,Billable,37.2
EMP00214,Senior Analyst,Freelancer,2024-07-01,Project Orion,Billable,36.2
EMP00226,Senior Analyst,Part-time,2024-07-01,Project Vega,Annual Leave,39.3
EMP00162,Manager,Freelancer,2024-07-01,Project Orion,Non-Billable,112.5
EMP00297,Junior,Permanent,2024-07-01,Project Vega,Billable,43.0
EMP00266,Manager,Fixed-term,2024-07-01,Project Orion,Non-Billable,80.0
EMP00116,Manager,Fixed-term,2024-07-01,Project Zenith,Billable,94.2
EMP00058,Manager,Freelancer,2024-07-01,Project Zenith,Annual Leave,24.1
EMP00263,Analyst,Part-time,2024-07-01,Project Zenith,Non-Billable,53.1
EMP00300,Analyst,Fixed-term,2024-07-01,Project Nimbus,Billable,71.8
EMP00038,Analyst,Permanent,2024-07-01,Project Vega,Annual Leave,26.6
EMP00184,Junior,Permanent,2024-07-01,Project Falcon,Non-Billable,100.3
EMP00172,Senior Analyst,Part-time,2024-07-01,Project Zenith,Annual Leave,26.4
EMP00077,Senior Analyst,Fixed-term,2024-07-01,Project Horizon,Non-Billable,165.5
EMP00101,Manager,Permanent,2024-07-01,Project Zenith,Non-Billable,138.9
EMP00288,Junior,Permanent,2024-07-01,Project Zenith,Non-Billable,93.0
EMP00029,Manager,Permanent,2024-07-01,Project Nimbus,Non-Billable,110.2
EMP00080,Analyst,Part-time,2024-07-01,Project Nova,Non-Billable,14.5
EMP00022,Analyst,Permanent,2024-07-01,Project Orion,Non-Billable,124.2
EMP00050,Manager,Freelancer,2024-07-01,Project Vega,Annual Leave,10.8
EMP00191,Intern,Freelancer,2024-07-01,Project Orion,Annual Leave,24.0
EMP00184,Junior,Permanent,2024-07-01,Project Falcon,Annual Leave,39.1
EMP00037,Analyst,Fixed-term,2024-07-01,Project Orion,Billable,59.0
EMP00090,Director,Permanent,2024-07-01,Project Nova,Non-Billable,79.5
EMP00078,Analyst,Contractor,2024-07-01,Project Aurora,Billable,67.8
EMP00038,Analyst,Permanent,2024-07-01,Project Vega,Non-Billable,101.4
EMP00072,Senior Analyst,Permanent,2024-07-01,Project Titan,Non-Billable,159.4
EMP00074,Junior,Permanent,2024-07-01,Project Horizon,Billable,53.9
EMP00265,Intern,Permanent,2024-07-01,Project Zenith,Non-Billable,110.0
EMP00105,Junior,Permanent,2024-07-01,Project Aurora,Non-Billable,108.2
EMP00324,Junior,Permanent,2024-07-01,Project Falcon,Non-Billable,80.0
EMP00261,Analyst,Part-time,2024-07-01,Project Titan,Non-Billable,50.9
EMP00023,Junior,Permanent,2024-07-01,Project Aurora,Billable,85.5
EMP00150,Senior Manager,Fixed-term,2024-07-01,Project Atlas,Annual Leave,10.2
EMP00074,Junior,Permanent,2024-07-01,Project Horizon,Non-Billable,82.8
EMP00287,Senior Analyst,Contractor,2024-07-01,Project Aurora,Billable,52.3
EMP00153,Analyst,Part-time,2024-07-01,Project Zenith,Non-Billable,62.0
EMP00077,Senior Analyst,Fixed-term,2024-07-01,Project Horizon,Annual Leave,11.6
EMP00233,Junior,Permanent,2024-07-01,Project Orion,Annual Leave,15.4
EMP00224,Senior Manager,Fixed-term,2024-07-01,Project Falcon,Non-Billable,135.2
EMP00263,Analyst,Part-time,2024-07-01,Project Zenith,Annual Leave,9.0
EMP00337,Senior Manager,Permanent,2024-07-01,Project Falcon,Non-Billable,167.0
EMP00314,Senior Analyst,Permanent,2024-07-01,Project Atlas,Non-Billable,115.2
EMP00109,Manager,Permanent,2024-07-01,Project Nimbus,Non-Billable,102.4
EMP00082,Analyst,Permanent,2024-07-01,Project Nimbus,Non-Billable,152.5
EMP00037,Analyst,Fixed-term,2024-07-01,Project Orion,Annual Leave,13.6
EMP00139,Intern,Permanent,2024-07-01,Project Titan,Annual Leave,21.6
EMP00034,Senior Manager,Permanent,2024-07-01,Project Atlas,Non-Billable,137.5
EMP00268,Senior Analyst,Permanent,2024-07-01,Project Horizon,Billable,39.9
EMP00250,Senior Manager,Fixed-term,2024-07-01,Project Zenith,Non-Billable,92.2
EMP00247,Junior,Fixed-term,2024-07-01,Project Titan,Annual Leave,24.9
EMP00031,Manager,Contractor,2024-07-01,Project Nimbus,Billable,69.2
EMP00067,Manager,Part-time,2024-07-01,Project Vega,Annual Leave,9.4
EMP00113,Analyst,Permanent,2024-07-01,Project Atlas,Annual Leave,8.3
EMP00028,Analyst,Permanent,2024-07-01,Project Vega,Annual Leave,38.3
EMP00320,Junior,Part-time,2024-07-01,Project Aurora,Billable,26.4
EMP00275,Junior,Part-time,2024-07-01,Project Atlas,Non-Billable,33.4
EMP00013,Analyst,Part-time,2024-07-01,Project Atlas,Billable,26.9
EMP00096,Senior Analyst,Contractor,2024-07-01,Project Zenith,Annual Leave,17.1
EMP00176,Senior Manager,Freelancer,2024-07-01,Project Nova,Annual Leave,32.6
EMP00171,Analyst,Permanent,2024-07-01,Project Zenith,Non-Billable,98.3
EMP00096,Senior Analyst,Contractor,2024-07-01,Project Zenith,Non-Billable,63.0
EMP00281,Analyst,Permanent,2024-07-01,Project Falcon,Non-Billable,82.0
EMP00338,Intern,Contractor,2024-07-01,Project Nova,Billable,48.5
EMP00149,Senior Analyst,Permanent,2024-07-01,Project Falcon,Annual Leave,9.7
EMP00103,Director,Fixed-term,2024-07-01,,Maternity Leave,21.9
EMP00238,Intern,Permanent,2024-07-01,Project Nova,Annual Leave,18.8
EMP00239,Analyst,Freelancer,2024-07-01,Project Vega,Non-Billable,38.7
EMP00087,Analyst,Contractor,2024-07-01,Project Atlas,Billable,56.5
EMP00324,Junior,Permanent,2024-07-01,Project Falcon,Annual Leave,36.8
EMP00302,Junior,Fixed-term,2024-07-01,Project Zenith,Annual Leave,33.6
EMP00111,Senior Analyst,Fixed-term,2024-07-01,Project Nova,Annual Leave,36.0
EMP00109,Manager,Permanent,2024-07-01,Project Nimbus,Annual Leave,9.4
EMP00340,Analyst,Fixed-term,2024-07-01,Project Nova,Annual Leave,24.5
EMP00157,Junior,Permanent,2024-07-01,Project Atlas,Non-Billable,89.9
EMP00312,Analyst,Fixed-term,2024-07-01,Project Atlas,Billable,105.7
EMP00195,Junior,Permanent,2024-07-01,Project Titan,Annual Leave,11.4
EMP00322,Senior Analyst,Part-time,2024-07-01,Project Vega,Billable,26.9
EMP00246,Manager,Part-time,2024-07-01,Project  Zenith,Billable,60.8
EMP00307,Analyst,Part-time,2024-07-01,Project Horizon,Annual Leave,26.7
EMP00157,Junior,Permanent,2024-07-01,Project Atlas,Billable,57.5
EMP00335,Senior Analyst,Permanent,2024-07-01,Project Falcon,Non-Billable,69.7
EMP00272,Senior Analyst,Contractor,2024-07-01,,Maternity Leave,19.4
EMP00202,Junior,Permanent,2024-07-01,Project Atlas,Billable,58.6
EMP00049,Senior Manager,Fixed-term,2024-07-01,Project Vega,Non-Billable,56.5
EMP00128,Manager,Fixed-term,2024-07-01,Project Vega,Billable,60.4
EMP00035,Manager,Permanent,2024-07-01,Project Aurora,Non-Billable,82.8
EMP00195,Junior,Permanent,2024-07-01,Project Titan,Billable,48.8
EMP00149,Senior Analyst,Permanent,2024-07-01,Project Falcon,Non-Billable,145.2
EMP00061,Analyst,Permanent,2024-07-01,Project Horizon,Annual Leave,25.0
EMP00172,Senior Analyst,Part-time,2024-07-01,Project Zenith,Non-Billable,67.8
EMP00299,Senior Analyst,Fixed-term,2024-07-01,Project Nova,Billable,42.5
EMP00191,Intern,Freelancer,2024-07-01,Project Orion,Non-Billable,66.2
EMP00065,Director,Fixed-term,2024-07-01,Project Aurora,Annual Leave,8.1
EMP00063,Junior,Permanent,2024-07-01,Project Falcon,Annual Leave,10.4
EMP00094,Senior Analyst,Contractor,2024-07-01,Project Vega,Annual Leave,19.0
EMP00178,Intern,Permanent,2024-07-01,Project Nova,Non-Billable,134.3
EMP00091,Senior Analyst,Permanent,2024-07-01,Project Nova,Billable,35.6
EMP00189,Senior Analyst,Part-time,2024-07-01,Project Nimbus,Billable,31.9
EMP00179,Analyst,Part-time,2024-07-01,Project Nimbus,Non-Billable,30.6
EMP00041,Intern,Permanent,2024-07-01,Project Vega,Annual Leave,23.6
EMP00186,Junior,Part-time,2024-07-01,Project Orion,Non-Billable,82.5
EMP00131,Junior,Contractor,2024-07-01,Project Orion,Non-Billable,57.4
EMP00021,Senior Analyst,Fixed-term,2024-07-01,Project Horizon,Non-Billable,45.9
EMP00188,Analyst,Fixed-term,2024-07-01,Project Orion,Non-Billable,96.8
EMP00025,Senior Analyst,Contractor,2024-07-01,Project Titan,Billable,73.1
EMP00041,Intern,Permanent,2024-07-01,Project Vega,Non-Billable,146.1
EMP00294,Senior Manager,Permanent,2024-07-01,Project Nova,Annual Leave,36.5
EMP00155,Junior,Permanent,2024-07-01,Project Vega,Annual Leave,32.4
EMP00057,Intern,Part-time,2024-07-01,Project Nova,Annual Leave,27.7
EMP00070,Junior,Permanent,2024-07-01,Project Nimbus,Billable,42.7
EMP00080,Analyst,Part-time,2024-07-01,,Maternity Leave,37.3
EMP00247,Junior,Fixed-term,2024-07-01,Project Titan,Non-Billable,83.1
EMP00201,Analyst,Permanent,2024-07-01,Project Falcon,Annual Leave,33.6
EMP00210,Director,Fixed-term,2024-07-01,Project Nova,Non-Billable,44.1
EMP00204,Junior,Permanent,2024-07-01,Project Zenith,Billable,74.6
EMP00043,Intern,Contractor,2024-07-01,Project Falcon,Billable,55.4
EMP00330,Senior Analyst,Part-time,2024-07-01,Project Nimbus,Annual Leave,8.6
EMP00336,Manager,Freelancer,2024-07-01,Project Titan,Billable,32.2
EMP00185,Junior,Part-time,2024-07-01,Project Horizon,Annual Leave,33.9
EMP00332,Senior Analyst,Permanent,2024-07-01,Project Falcon,Billable,59.2
EMP00291,Analyst,Fixed-term,2024-07-01,Project Horizon,Annual Leave,17.2
EMP00047,Senior Analyst,Part-time,2024-07-01,Project Zenith,Billable,26.1
EMP00262,Analyst,Permanent,2024-07-01,Project Vega,Non-Billable,157.4
EMP00247,Junior,Fixed-term,2024-07-01,Project Titan,Billable,54.8
EMP00321,Manager,Part-time,2024-07-01,Project Zenith,Annual Leave,24.7
EMP00321,Manager,Part-time,2024-07-01,Project Zenith,Billable,33.4
EMP00003,Intern,Freelancer,2024-07-01,Project Zenith,Billable,34.6
EMP00058,Manager,Freelancer,2024-07-01,Project Zenith,Non-Billable,44.0
EMP00196,Analyst,Part-time,2024-07-01,Project Orion,Billable,44.5
EMP00036,Senior Manager,Permanent,2024-07-01,Project Nimbus,Non-Billable,84.9
EMP00326,Manager,Permanent,2024-07-01,Project Falcon,Annual Leave,8.0
EMP00109,Manager,Permanent,2024-07-01,Project Nimbus,Billable,50.1
EMP00163,Senior Analyst,Part-time,2024-07-01,Project Aurora,Non-Billable,55.9
EMP00091,Senior Analyst,Permanent,2024-07-01,Project Nova,Non-Billable,94.6
EMP00298,Junior,Freelancer,2024-07-01,Project Atlas,Billable,41.2
EMP00195,Junior,Permanent,2024-07-01,Project Titan,Non-Billable,115.3
EMP00194,Analyst,Freelancer,2024-07-01,Project Vega,Billable,39.9
EMP00308,Senior Analyst,Part-time,2024-07-01,Project Orion,Billable,20.5
EMP00229,Intern,Contractor,2024-07-01,Project Aurora,Annual Leave,38.0
EMP00045,Analyst,Fixed-term,2024-07-01,Project Atlas,Non-Billable,58.6
EMP00201,Analyst,Permanent,2024-07-01,Project Falcon,Non-Billable,104.6
EMP00148,Junior,Permanent,2024-07-01,Project Nova,Billable,66.6
EMP00287,Senior Analyst,Contractor,2024-07-01,Project Aurora,Annual Leave,25.4
EMP00217,Analyst,Permanent,2024-07-01,Project Falcon,Annual Leave,25.7
EMP00254,Manager,Freelancer,2024-07-01,Project Orion,Annual Leave,31.7
EMP00215,Junior,Contractor,2024-07-01,Project Zenith,Annual Leave,25.1
EMP00252,Intern,Part-time,2024-07-01,Project Titan,Annual Leave,18.4
EMP00284,Analyst,Permanent,2024-07-01,Project Falcon,Non-Billable,38.2
EMP00214,Senior Analyst,Freelancer,2024-07-01,Project Orion,Annual Leave,16.6
EMP00138,Senior Analyst,Part-time,2024-07-01,Project Vega,Billable,39.0
EMP00155,Junior,Permanent,2024-07-01,Project Vega,Billable,59.2
EMP00223,Senior Manager,Permanent,2024-07-01,Project Titan,Non-Billable,52.9
EMP00056,Analyst,Permanent,2024-07-01,Project Aurora,Annual Leave,11.0
EMP00059,Manager,Fixed-term,2024-07-01,Project Titan,Billable,45.1
EMP00055,Senior Manager,Fixed-term,2024-07-01,Project Atlas,Annual Leave,37.6
EMP00205,Manager,Permanent,2024-07-01,Project Atlas,Non-Billable,129.6
EMP00231,Intern,Fixed-term,2024-07-01,Project Atlas,Annual Leave,35.8
EMP00102,Analyst,Contractor,2024-07-01,Project Vega,Non-Billable,88.0
EMP00033,Director,Fixed-term,2024-07-01,Project Horizon,Annual Leave,9.8
EMP00264,Junior,Part-time,2024-07-01,Project Orion,Billable,23.9
EMP00064,Senior Analyst,Permanent,2024-07-01,Project Nimbus,Billable,104.0
EMP00121,Senior Analyst,Contractor,2024-07-01,Project Nimbus,Non-Billable,125.6
EMP00006,Analyst,Contractor,2024-07-01,Project Zenith,Non-Billable,71.9
EMP00035,Manager,Permanent,2024-07-01,Project Aurora,Billable,53.7
EMP00316,Analyst,Permanent,2024-07-01,Project Titan,Annual Leave,14.9
EMP00298,Junior,Freelancer,2024-07-01,Project Atlas,Annual Leave,24.7
EMP00014,Senior Manager,Contractor,2024-07-01,Project Horizon,Non-Billable,54.7
EMP00238,Intern,Permanent,2024-07-01,Project Nova,Non-Billable,84.5
EMP00206,Senior Analyst,Part-time,2024-07-01,Project Nimbus,Billable,25.4
EMP00307,Analyst,Part-time,2024-07-01,Project Horizon,Billable,17.6
EMP00142,Analyst,Permanent,2024-07-01,Project Falcon,Non-Billable,77.8
EMP00032,Manager,Contractor,2024-07-01,Project Atlas,Non-Billable,142.9
EMP00024,Intern,Freelancer,2024-07-01,Project Zenith,Non-Billable,36.7
EMP00316,Analyst,Permanent,2024-07-01,Project Titan,Non-Billable,154.1
EMP00159,Junior,Permanent,2024-07-01,Project Vega,Annual Leave,36.3
EMP00312,Analyst,Fixed-term,2024-07-01,Project Atlas,Non-Billable,32.0
EMP00242,Intern,Permanent,2024-07-01,Project Nova,Billable,48.6
EMP00188,Analyst,Fixed-term,2024-07-01,Project Orion,Annual Leave,33.0
EMP00232,Analyst,Permanent,2024-07-01,Project Falcon,Non-Billable,148.0
EMP00027,Senior Analyst,Permanent,2024-07-01,Project Titan,Billable,43.2
EMP00038,Analyst,Permanent,2024-07-01,Project Vega,Billable,37.2
EMP00072,Senior Analyst,Permanent,2024-07-01,Project Titan,Annual Leave,12.2
EMP00225,Senior Analyst,Permanent,2024-07-01,Project Vega,Annual Leave,26.4
EMP00011,Executive,Permanent,2024-07-01,Project Falcon,Billable,72.7
EMP00030,Manager,Permanent,2024-07-01,Project Aurora,Billable,62.0
EMP00174,Intern,Permanent,2024-07-01,Project Aurora,Annual Leave,28.1
EMP00211,Manager,Fixed-term,2024-07-01,Project Orion,Annual Leave,9.5
EMP00058,Manager,Freelancer,2024-07-01,Project Zenith,Billable,66.6
EMP00036,Senior Manager,Permanent,2024-07-01,Project Nimbus,Billable,77.9
EMP00125,Senior Analyst,Fixed-term,2024-07-01,Project Titan,Non-Billable,109.4
EMP00308,Senior Analyst,Part-time,2024-07-01,Project Orion,Annual Leave,38.7
EMP00306,Junior,Permanent,2024-07-01,Project Vega,Non-Billable,141.6
EMP00117,Intern,Fixed-term,2024-07-01,Project Horizon,Annual Leave,31.5
EMP00318,Junior,Contractor,2024-07-01,Project Nimbus,Non-Billable,122.2
EMP00125,Senior Analyst,Fixed-term,2024-07-01,Project Titan,Billable,47.8
EMP00187,Analyst,Permanent,2024-07-01,Project Orion,Billable,73.1
EMP00242,Intern,Permanent,2024-07-01,Project Nova,Annual Leave,30.5
EMP00017,Analyst,Permanent,2024-07-01,Project Atlas,Non-Billable,143.9
EMP00321,Manager,Part-time,2024-07-01,Project Zenith,Non-Billable,40.0
EMP00307,Analyst,Part-time,2024-07-01,Project Horizon,Non-Billable,44.4
EMP00110,Junior,Part-time,2024-07-01,Project Horizon,Non-Billable,55.5
EMP00082,Analyst,Permanent,2024-07-01,Project Nimbus,Annual Leave,17.9
EMP00338,Intern,Contractor,2024-07-01,Project Nova,Non-Billable,80.9
EMP00100,Junior,Freelancer,2024-07-01,Project Titan,Non-Billable,105.8
EMP00294,Senior Manager,Permanent,2024-07-01,Project Nova,Billable,98.2
EMP00162,Manager,Freelancer,2024-07-01,Project Orion,Annual Leave,19.5
EMP00108,Junior,Permanent,2024-07-01,Project Titan,Annual Leave,13.5
EMP00225,Senior Analyst,Permanent,2024-07-01,Project Vega,Billable,70.6
EMP00145,Junior,Permanent,2024-07-01,Project Atlas,Annual Leave,17.8
EMP00287,Senior Analyst,Contractor,2024-07-01,Project Aurora,Non-Billable,77.0
EMP00103,Director,Fixed-term,2024-07-01,Project Nova,Non-Billable,24.5
EMP00014,Senior Manager,Contractor,2024-07-01,Project Horizon,Annual Leave,30.1
EMP00239,Analyst,Freelancer,2024-07-01,Project Vega,Annual Leave,24.6
EMP00264,Junior,Part-time,2024-07-01,Project Orion,Annual Leave,36.3
EMP00189,Senior Analyst,Part-time,2024-07-01,Project Nimbus,Non-Billable,37.9
EMP00027,Senior Analyst,Permanent,2024-07-01,Project Titan,Non-Billable,87.4
EMP00330,Senior Analyst,Part-time,2024-07-01,Project Nimbus,Non-Billable,59.9
EMP00108,Junior,Permanent,2024-07-01,Project Titan,Billable,54.8
EMP00336,Manager,Freelancer,2024-07-01,Project Titan,Non-Billable,66.4
EMP00298,Junior,Freelancer,2024-07-01,Project Atlas,Non-Billable,67.5
EMP00064,Senior Analyst,Permanent,2024-07-01,,Maternity Leave,32.9
EMP00200,Senior Manager,Fixed-term,2024-07-01,Project Vega,Billable,53.1
EMP00023,Junior,Permanent,2024-07-01,Project Aurora,Non-Billable,70.7
EMP00143,Analyst,Permanent,2024-07-01,Project Orion,Billable,35.0
EMP00286,Analyst,Fixed-term,2024-07-01,Project Nimbus,Annual Leave,32.4
EMP00117,Intern,Fixed-term,2024-07-01,Project Horizon,Non-Billable,84.0
EMP00202,Junior,Permanent,2024-08-01,Project Atlas,Non-Billable,90.6
EMP00041,Intern,Permanent,2024-08-01,Project Vega,Non-Billable,165.4
EMP00014,Senior Manager,Contractor,2024-08-01,Project Horizon,Non-Billable,62.1
EMP00075,Analyst,Permanent,2024-08-01,Project Atlas,Non-Billable,161.2
EMP00317,Manager,Fixed-term,2024-08-01,Project Horizon,Non-Billable,89.9
EMP00055,Senior Manager,Fixed-term,2024-08-01,Project Atlas,Non-Billable,84.4
EMP00337,Senior Manager,Permanent,2024-08-01,Project Falcon,Annual Leave,18.1
EMP00203,Analyst,Contractor,2024-08-01,Project Atlas,Annual Leave,13.3
EMP00187,Analyst,Permanent,2024-08-01,Project Orion,Non-Billable,85.7
EMP00336,Manager,Freelancer,2024-08-01,Project Titan,Non-Billable,86.2
EMP00268,Senior Analyst,Permanent,2024-08-01,Project Horizon,Annual Leave,21.4
EMP00139,Intern,Permanent,2024-08-01,Project Titan,Annual Leave,19.7
EMP00143,Analyst,Permanent,2024-08-01,Project Orion,Billable,51.9
EMP00137,Analyst,Permanent,2024-08-01,Project Atlas,Non-Billable,115.4
EMP00247,Junior,Fixed-term,2024-08-01,Project Titan,Billable,59.0
EMP00150,Senior Manager,Fixed-term,2024-08-01,Project Atlas,Billable,48.8
EMP00153,Analyst,Part-time,2024-08-01,Project Zenith,Billable,27.1
EMP00285,Analyst,Fixed-term,2024-08-01,Project Aurora,Non-Billable,160.1
EMP00210,Director,Fixed-term,2024-08-01,Project Nova,Billable,136.2
EMP00121,Senior Analyst,Contractor,2024-08-01,Project Nimbus,Non-Billable,142.7
EMP00275,Junior,Part-time,2024-08-01,Project Atlas,Non-Billable,55.7
EMP00140,Intern,Permanent,2024-08-01,Project Aurora,Billable,71.6
EMP00162,Manager,Freelancer,2024-08-01,Project Orion,Annual Leave,37.2
EMP00191,Intern,Freelancer,2024-08-01,Project Orion,Billable,57.3
EMP00159,Junior,Permanent,2024-08-01,Project Vega,Billable,-43.2
EMP00338,Intern,Contractor,2024-08-01,,Billable,54.9
EMP00056,Analyst,Permanent,2024-08-01,Project Aurora,Non-Billable,95.0
EMP00314,Senior Analyst,Permanent,2024-08-01,Project Atlas,Non-Billable,125.6
EMP00093,Analyst,Fixed-term,2024-08-01,Project Orion,Non-Billable,114.6
EMP00163,Senior Analyst,Part-time,2024-08-01,Project Aurora,Annual Leave,8.7
EMP00133,Analyst,Freelancer,2024-08-01,Project Zenith,Non-Billable,84.0
EMP00153,Analyst,Part-time,2024-08-01,Project Zenith,Non-Billable,63.4
EMP00174,Intern,Permanent,2024-08-01,Project Aurora,Billable,85.4
EMP00299,Senior Analyst,Fixed-term,2024-08-01,Project Nova,Non-Billable,126.5
EMP00171,Analyst,Permanent,2024-08-01,Project Zenith,Non-Billable,104.8
EMP00132,Junior,Fixed-term,2024-08-01,Project Nimbus,Non-Billable,163.6
EMP00215,Junior,Contractor,2024-08-01,Project Zenith,Annual Leave,20.3
EMP00239,Analyst,Freelancer,2024-08-01,Project Vega,Non-Billable,31.9
EMP00126,Senior Manager,Part-time,2024-08-01,Project Vega,Non-Billable,39.5
EMP00250,Senior Manager,Fixed-term,2024-08-01,Project Zenith,Non-Billable,105.4
EMP00029,Manager,Permanent,2024-08-01,Project Nimbus,Billable,57.0
EMP00162,Manager,Freelancer,2024-08-01,Project Orion,Non-Billable,97.2
EMP00194,Analyst,Freelancer,2024-08-01,Project Vega,Non-Billable,72.0
EMP00246,Manager,Part-time,2024-08-01,Project Zenith,Non-Billable,18.7
EMP00264,Junior,Part-time,2024-08-01,Project Orion,Non-Billable,58.4
EMP00177,Analyst,Contractor,2024-08-01,Project Falcon,Billable,51.5
EMP00215,Junior,Contractor,2024-08-01,Project Zenith,Billable,59.2
EMP00139,Intern,Permanent,2024-08-01,Project Titan,Non-Billable,151.1
EMP00179,Analyst,Part-time,2024-08-01,Project Nimbus,Billable,61.1
EMP00070,Junior,Permanent,2024-08-01,Project Nimbus,Non-Billable,101.8
EMP00210,Director,Fixed-term,2024-08-01,Project Nova,Non-Billable,30.8
EMP00195,Junior,Permanent,2024-08-01,Project Titan,Annual Leave,16.9
EMP00081,Manager,Fixed-term,2024-08-01,Project Aurora,Billable,59.4
EMP00179,Analyst,Part-time,2024-08-01,Project Nimbus,Non-Billable,45.7
EMP00288,Junior,Permanent,2024-08-01,Project Zenith,Billable,50.0
EMP00021,Senior Analyst,Fixed-term,2024-08-01,Project Horizon,Non-Billable,32.4
EMP00125,Senior Analyst,Fixed-term,2024-08-01,Project Titan,Billable,46.1
EMP00083,Intern,Permanent,2024-08-01,Project Nimbus,Non-Billable,109.6
EMP00030,Manager,Permanent,2024-08-01,Project Aurora,Billable,80.4
EMP00099,Analyst,Permanent,2024-08-01,Project Titan,Billable,49.4
EMP00164,Junior,Contractor,2024-08-01,Project Nova,Non-Billable,158.4
EMP00031,Manager,Contractor,2024-08-01,Project Nimbus,Non-Billable,89.2
EMP00297,Junior,Permanent,2024-08-01,Project Vega,Non-Billable,111.8
EMP00173,Manager,Freelancer,2024-08-01,Project Aurora,Non-Billable,124.5
EMP00213,Senior Analyst,Permanent,2024-08-01,Project Horizon,Non-Billable,96.2
EMP00184,Junior,Permanent,2024-08-01,Project Falcon,Billable,65.8
EMP00311,Analyst,Permanent,2024-08-01,Project Nimbus,Non-Billable,172.1
EMP00076,Intern,Permanent,2024-08-01,Project Titan,Non-Billable,99.1
EMP00097,Analyst,Freelancer,2024-08-01,Project Atlas,Billable,42.8
EMP00047,Senior Analyst,Part-time,2024-08-01,Project Zenith,Billable,24.8
EMP00138,Senior Analyst,Part-time,2024-08-01,Project Vega,Non-Billable,45.9
EMP00108,Junior,Permanent,2024-08-01,Project Titan,Non-Billable,90.4
EMP00340,Analyst,Fixed-term,2024-08-01,Project Nova,Non-Billable,113.2
EMP00297,Junior,Permanent,2024-08-01,Project Vega,Billable,54.9
EMP00252,Intern,Part-time,2024-08-01,Project Titan,Non-Billable,97.7
EMP00024,Intern,Freelancer,2024-08-01,Project Zenith,Non-Billable,19.5
EMP00330,Senior Analyst,Part-time,2024-08-01,Project Nimbus,Non-Billable,69.8
EMP00317,Manager,Fixed-term,2024-08-01,Project Horizon,Annual Leave,35.5
EMP00281,Analyst,Permanent,2024-08-01,Project Falcon,Non-Billable,111.2
EMP00222,Senior Analyst,Permanent,2024-08-01,Project Vega,Non-Billable,153.1
EMP00091,Senior Analyst,Permanent,2024-08-01,Project Nova,Non-Billable,122.5
EMP00117,Intern,Fixed-term,2024-08-01,Project Horizon,Annual Leave,25.2
EMP00035,Manager,Permanent,2024-08-01,Project Aurora,Annual Leave,22.9
EMP00100,Junior,Freelancer,2024-08-01,Project Titan,Non-Billable,128.9
EMP00097,Analyst,Freelancer,2024-08-01,Project Atlas,Non-Billable,60.4
EMP00321,Manager,Part-time,2024-08-01,Project Zenith,Billable,36.7
EMP00320,Junior,Part-time,2024-08-01,Project Aurora,Billable,41.5
EMP00184,Junior,Permanent,2024-08-01,Project Falcon,Non-Billable,99.5
EMP00078,Analyst,Contractor,2024-08-01,Project Aurora,Billable,51.1
EMP00124,Analyst,Permanent,2024-08-01,Project Atlas,Billable,83.2
EMP00200,Senior Manager,Fixed-term,2024-08-01,Project Vega,Billable,57.2
EMP00024,Intern,Freelancer,2024-08-01,Project Zenith,Annual Leave,21.9
EMP00305,Junior,Permanent,2024-08-01,Project Nova,Non-Billable,146.5
EMP00188,Analyst,Fixed-term,2024-08-01,Project Orion,Non-Billable,94.4
EMP00217,Analyst,Permanent,2024-08-01,Project Falcon,Non-Billable,164.8
EMP00099,Analyst,Permanent,2024-08-01,Project Titan,Non-Billable,129.1
EMP00044,Director,Permanent,2024-08-01,Project Orion,Billable,84.9
EMP00200,Senior Manager,Fixed-term,2024-08-01,Project Vega,Non-Billable,114.4
EMP00312,Analyst,Fixed-term,2024-08-01,Project Atlas,Billable,134.4
EMP00223,Senior Manager,Permanent,2024-08-01,Project Titan,Non-Billable,52.8
EMP00102,Analyst,Contractor,2024-08-01,Project Vega,Non-Billable,91.0
EMP00271,Senior Analyst,Permanent,2024-08-01,Project Aurora,Non-Billable,173.1
EMP00116,Manager,Fixed-term,2024-08-01,Project Zenith,Non-Billable,85.4
EMP00136,Senior Analyst,Fixed-term,2024-08-01,Project Orion,Non-Billable,159.9
EMP00151,Analyst,Fixed-term,2024-08-01,Project Vega,Non-Billable,111.9
EMP00159,Junior,Permanent,2024-08-01,Project Vega,Non-Billable,89.9
EMP00005,Intern,Permanent,2024-08-01,Project Zenith,Billable,41.4
EMP00189,Senior Analyst,Part-time,2024-08-01,Project Nimbus,Billable,25.3
EMP00251,Director,Fixed-term,2024-08-01,Project Falcon,Annual Leave,30.3
EMP00091,Senior Analyst,Permanent,2024-08-01,Project Nova,Billable,53.4
EMP00031,Manager,Contractor,2024-08-01,Project Nimbus,Billable,58.6
EMP00058,Manager,Freelancer,2024-08-01,Project Zenith,Billable,71.7
EMP00337,Senior Manager,Permanent,2024-08-01,Project Falcon,Non-Billable,165.4
EMP00195,Junior,Permanent,2024-08-01,Project Titan,Billable,36.3
EMP00080,Analyst,Part-time,2024-08-01,Project Nova,Billable,73.0
EMP00221,Intern,Contractor,2024-08-01,Project Titan,Non-Billable,160.5
EMP00137,Analyst,Permanent,2024-08-01,Project Atlas,Billable,55.2
EMP00018,Manager,Fixed-term,2024-08-01,Project Horizon,Annual Leave,32.8
EMP00244,Senior Analyst,Permanent,2024-08-01,Project Nimbus,Non-Billable,50.2
EMP00029,Manager,Permanent,2024-08-01,Project Nimbus,Non-Billable,118.3
EMP00064,Senior Analyst,Permanent,2024-08-01,Project Nimbus,Billable,139.4
EMP00300,Analyst,Fixed-term,2024-08-01,Project Nimbus,Billable,66.6
EMP00050,Manager,Freelancer,2024-08-01,Project Vega,Non-Billable,131.1
EMP00214,Senior Analyst,Freelancer,2024-08-01,Project Orion,Non-Billable,97.7
EMP00312,Analyst,Fixed-term,2024-08-01,Project Atlas,Non-Billable,37.1
EMP00119,Senior Analyst,Part-time,2024-08-01,Project Horizon,Non-Billable,68.5
EMP00146,Analyst,Permanent,2024-08-01,Project Aurora,Non-Billable,37.4
EMP00012,Analyst,Fixed-term,2024-08-01,Project Nimbus,Non-Billable,112.6
EMP00281,Analyst,Permanent,2024-08-01,Project Falcon,Billable,59.8
EMP00121,Senior Analyst,Contractor,2024-08-01,Project Nimbus,Annual Leave,14.4
EMP00027,Senior Analyst,Permanent,2024-08-01,Project Titan,Non-Billable,106.9
EMP00106,Intern,Contractor,2024-08-01,Project Nova,Annual Leave,8.4
EMP00308,Senior Analyst,Part-time,2024-08-01,Project Orion,Billable,23.7
EMP00021,Senior Analyst,Fixed-term,2024-08-01,Project Horizon,Billable,140.1
EMP00044,Director,Permanent,2024-08-01,Project Orion,Non-Billable,93.4
EMP00321,Manager,Part-time,2024-08-01,Project Zenith,Non-Billable,50.9
EMP00318,Junior,Contractor,2024-08-01,Project Nimbus,Non-Billable,136.0
EMP00083,Intern,Permanent,2024-08-01,Project Nimbus,Billable,64.4
EMP00180,Analyst,Fixed-term,2024-08-01,Project Orion,Non-Billable,79.6
EMP00143,Analyst,Permanent,2024-08-01,Project Orion,Non-Billable,120.9
EMP00105,Junior,Permanent,2024-08-01,Project Aurora,Billable,38.4
EMP00023,Junior,Permanent,2024-08-01,Project Aurora,Non-Billable,73.5
EMP00084,Senior Manager,Contractor,2024-08-01,Project Falcon,Non-Billable,146.5
EMP00094,Senior Analyst,Contractor,2024-08-01,Project Vega,Billable,55.7
EMP00231,Intern,Fixed-term,2024-08-01,Project Atlas,Non-Billable,116.4
EMP00286,Analyst,Fixed-term,2024-08-01,Project Nimbus,Non-Billable,107.1
EMP00130,Junior,Permanent,2024-08-01,Project Nova,Billable,43.2
EMP00198,Senior Manager,Freelancer,2024-08-01,Project Atlas,Non-Billable,130.8
EMP00268,Senior Analyst,Permanent,2024-08-01,Project Horizon,Non-Billable,126.7
EMP00272,Senior Analyst,Contractor,2024-08-01,Project Zenith,Billable,57.4
EMP00171,Analyst,Permanent,2024-08-01,Project Zenith,Billable,56.4
EMP00188,Analyst,Fixed-term,2024-08-01,Project Orion,Annual Leave,11.9
EMP00043,Intern,Contractor,2024-08-01,Project Falcon,Non-Billable,78.5
EMP00225,Senior Analyst,Permanent,2024-08-01,Project Vega,Non-Billable,85.1
EMP00078,Analyst,Contractor,2024-08-01,Project Aurora,Non-Billable,90.2
EMP00231,Intern,Fixed-term,2024-08-01,Project Atlas,Billable,43.5
EMP00238,Intern,Permanent,2024-08-01,Project Nova,Billable,94.8
EMP00129,Analyst,Permanent,2024-08-01,Project Atlas,Billable,53.7
EMP00326,Manager,Permanent,2024-08-01,Project Falcon,Annual Leave,34.9
EMP00018,Manager,Fixed-term,2024-08-01,Project Horizon,Billable,59.6
EMP00214,Senior Analyst,Freelancer,2024-08-01,Project Orion,Billable,31.6
EMP00293,Manager,Fixed-term,2024-08-01,Project Aurora,Non-Billable,82.1
EMP00106,Intern,Contractor,2024-08-01,Project Nova,Non-Billable,88.7
EMP00006,Analyst,Contractor,2024-08-01,Project Zenith,Non-Billable,80.1
EMP00119,Senior Analyst,Part-time,2024-08-01,Project Horizon,Billable,26.0
EMP00190,Junior,Freelancer,2024-08-01,Project Horizon,Non-Billable,63.0
EMP00208,Analyst,Permanent,2024-08-01,Project Nimbus,Non-Billable,93.4
EMP00235,Analyst,Fixed-term,2024-08-01,Project Falcon,Billable,36.1
EMP00322,Senior Analyst,Part-time,2024-08-01,Project Vega,Billable,38.3
EMP00117,Intern,Fixed-term,2024-08-01,Project Horizon,Non-Billable,87.1
EMP00288,Junior,Permanent,2024-08-01,Project Zenith,Non-Billable,110.0
EMP00024,Intern,Freelancer,2024-08-01,Project Zenith,Billable,85.1
EMP00199,Junior,Fixed-term,2024-08-01,Project Titan,Billable,52.3
EMP00280,Manager,Permanent,2024-08-01,Project Orion,Non-Billable,167.1
EMP00332,Senior Analyst,Permanent,2024-08-01,Project Falcon,Non-Billable,81.9
EMP00067,Manager,Part-time,2024-08-01,Project Vega,Non-Billable,93.0
EMP00330,Senior Analyst,Part-time,2024-08-01,Project Nimbus,Billable,30.4
EMP00286,Analyst,Fixed-term,2024-08-01,Project Nimbus,Billable,67.4
EMP00225,Senior Analyst,Permanent,2024-08-01,Project Vega,Billable,80.2
EMP00240,Senior Analyst,Permanent,2024-08-01,Project Titan,Non-Billable,48.4
EMP00082,Analyst,Permanent,2024-08-01,Project Nimbus,Non-Billable,156.1
EMP00324,Junior,Permanent,2024-08-01,Project Falcon,Non-Billable,125.4
EMP00266,Manager,Fixed-term,2024-08-01,Project Orion,Billable,54.8
EMP00254,Manager,Freelancer,2024-08-01,Project Orion,Non-Billable,98.0
EMP00110,Junior,Part-time,2024-08-01,Project Horizon,Non-Billable,53.0
EMP00049,Senior Manager,Fixed-term,2024-08-01,project vega,Non-Billable,38.6
EMP00185,Junior,Part-time,2024-08-01,Project Horizon,Billable,52.1
EMP00102,Analyst,Contractor,2024-08-01,Project Vega,Billable,39.9
EMP00028,Analyst,Permanent,2024-08-01,Project Vega,Annual Leave,11.9
EMP00273,Junior,Fixed-term,2024-08-01,Project Falcon,Billable,127.9
EMP00251,Director,Fixed-term,2024-08-01,Project Falcon,Billable,77.5
EMP00063,Junior,Permanent,2024-08-01,Project Falcon,Billable,85.4
EMP00262,Analyst,Permanent,2024-08-01,Project Vega,Non-Billable,174.7
EMP00324,Junior,Permanent,2024-08-01,Project Falcon,Billable,55.1
EMP00261,Analyst,Part-time,2024-08-01,Project Titan,Billable,23.8
EMP00028,Analyst,Permanent,2024-08-01,Project Vega,Non-Billable,170.7
EMP00128,Manager,Fixed-term,2024-08-01,Project Vega,Non-Billable,93.2
EMP00087,Analyst,Contractor,2024-08-01,Project Atlas,Non-Billable,93.0
EMP00335,Senior Analyst,Permanent,2024-08-01,Project Falcon,Non-Billable,78.3
EMP00090,Director,Permanent,2024-08-01,PROJECT NOVA,Annual Leave,21.5
EMP00211,Manager,Fixed-term,2024-08-01,Project Orion,Non-Billable,80.9
EMP00305,Junior,Permanent,2024-08-01,Project Nova,Annual Leave,22.3
EMP00131,Junior,Contractor,2024-08-01,Project Orion,Non-Billable,80.3
EMP00063,Junior,Permanent,2024-08-01,Project Falcon,Non-Billable,77.0
EMP00287,Senior Analyst,Contractor,2024-08-01,Project Aurora,Billable,54.1
EMP00138,Senior Analyst,Part-time,2024-08-01,Project Vega,Billable,48.0
EMP00070,Junior,Permanent,2024-08-01,Project Nimbus,Billable,61.3
EMP00104,Junior,Permanent,2024-08-01,Project Falcon,Billable,72.5
EMP00108,Junior,Permanent,2024-08-01,Project Titan,Billable,58.5
EMP00211,Manager,Fixed-term,2024-08-01,Project Orion,Billable,86.4
EMP00126,Senior Manager,Part-time,2024-08-01,Project Vega,Billable,59.5
EMP00338,Intern,Contractor,2024-08-01,Project Nova,Annual Leave,10.2
EMP00005,Intern,Permanent,2024-08-01,Project Zenith,Non-Billable,118.3
EMP00117,Intern,Fixed-term,2024-08-01,Project Horizon,Billable,66.9
EMP00059,Manager,Fixed-term,2024-08-01,Project Titan,Billable,46.8
EMP00012,Analyst,Fixed-term,2024-08-01,Project Nimbus,Billable,44.6
EMP00212,Junior,Fixed-term,2024-08-01,Project Vega,Non-Billable,98.0
EMP00215,Junior,Contractor,2024-08-01,Project Zenith,Non-Billable,63.2
EMP00025,Senior Analyst,Contractor,2024-08-01,Project Titan,Non-Billable,72.0
EMP00176,Senior Manager,Freelancer,2024-08-01,Project Nova,Billable,41.5
EMP00310,Senior Analyst,Fixed-term,2024-08-01,Project Atlas,Non-Billable,155.0
EMP00233,Junior,Permanent,2024-08-01,Project Orion,Non-Billable,122.3
EMP00229,Intern,Contractor,2024-08-01,Project Aurora,Non-Billable,160.0
EMP00186,Junior,Part-time,2024-08-01,Project Orion,Non-Billable,90.9
EMP00110,Junior,Part-time,2024-08-01,Project Horizon,Billable,31.7
EMP00124,Analyst,Permanent,2024-08-01,Project Atlas,Non-Billable,82.0
EMP00129,Analyst,Permanent,2024-08-01,Project Atlas,Non-Billable,116.9
EMP00291,Analyst,Fixed-term,2024-08-01,Project  Horizon,Billable,69.1
EMP00309,Manager,Permanent,2024-08-01,Project Nova,Non-Billable,163.0
EMP00011,Executive,Permanent,2024-08-01,Project Falcon,Non-Billable,93.5
EMP00013,Analyst,Part-time,2024-08-01,Project Atlas,Non-Billable,26.1
EMP00055,Senior Manager,Fixed-term,2024-08-01,Project Atlas,Billable,50.6
EMP00045,Analyst,Fixed-term,2024-08-01,Project Atlas,Non-Billable,75.5
EMP00263,Analyst,Part-time,2024-08-01,Project Zenith,Billable,34.2
EMP00238,Intern,Permanent,2024-08-01,Project Nova,Non-Billable,75.8
EMP00036,Senior Manager,Permanent,2024-08-01,Project Nimbus,Non-Billable,86.9
EMP00109,Manager,Permanent,2024-08-01,Project Nimbus,Non-Billable,118.7
EMP00293,Manager,Fixed-term,2024-08-01,Project Aurora,Billable,86.0
EMP00287,Senior Analyst,Contractor,2024-08-01,Project Aurora,Non-Billable,62.1
EMP00108,Junior,Permanent,2024-08-01,Project Titan,Annual Leave,28.3
EMP00284,Analyst,Permanent,2024-08-01,Project Falcon,Billable,158.4
EMP00199,Junior,Fixed-term,2024-08-01,,Maternity Leave,12.4
EMP00332,Senior Analyst,Permanent,2024-08-01,Project Falcon,Billable,76.4
EMP00145,Junior,Permanent,2024-08-01,Project Atlas,Non-Billable,181.1
EMP00064,Senior Analyst,Permanent,2024-08-01,Project Nimbus,Non-Billable,28.0
EMP00146,Analyst,Permanent,2024-08-01,Project Aurora,Billable,120.8
EMP00155,Junior,Permanent,2024-08-01,Project Vega,Non-Billable,84.3
EMP00331,Senior Analyst,Permanent,2024-08-01,Project Aurora,Billable,44.4
EMP00240,Senior Analyst,Permanent,2024-08-01,Project Titan,Billable,117.3
EMP00226,Senior Analyst,Part-time,2024-08-01,Project Vega,Billable,32.1
EMP00142,Analyst,Permanent,2024-08-01,Project Falcon,Non-Billable,80.4
EMP00202,Junior,Permanent,2024-08-01,Project Atlas,Billable,66.4
EMP00032,Manager,Contractor,2024-08-01,Project Atlas,Non-Billable,141.8
EMP00003,Intern,Freelancer,2024-08-01,Project Zenith,Non-Billable,74.6
EMP00201,Analyst,Permanent,2024-08-01,Project Falcon,Non-Billable,120.4
EMP00247,Junior,Fixed-term,2024-08-01,Project Titan,Annual Leave,18.7
EMP00167,Junior,Permanent,2024-08-01,Project Nimbus,Non-Billable,173.5
EMP00055,Senior Manager,Fixed-term,2024-08-01,Project Atlas,Annual Leave,37.8
EMP00172,Senior Analyst,Part-time,2024-08-01,Project Zenith,Non-Billable,94.8
EMP00025,Senior Analyst,Contractor,2024-08-01,Project Titan,Billable,81.3
EMP00150,Senior Manager,Fixed-term,2024-08-01,Project Atlas,Annual Leave,27.4
EMP00326,Manager,Permanent,2024-08-01,Project Falcon,Billable,46.5
EMP00204,Junior,Permanent,2024-08-01,Project Zenith,Billable,69.0
EMP00205,Manager,Permanent,2024-08-01,Project Atlas,Non-Billable,169.3
EMP00140,Intern,Permanent,2024-08-01,Project Aurora,Non-Billable,63.6
EMP00299,Senior Analyst,Fixed-term,2024-08-01,Project Nova,Billable,44.2
EMP00155,Junior,Permanent,2024-08-01,Project Vega,Annual Leave,22.5
EMP00176,Senior Manager,Freelancer,2024-08-01,Project Nova,Non-Billable,90.9
EMP00289,Junior,Fixed-term,2024-08-01,Project Nova,Non-Billable,170.2
EMP00235,Analyst,Fixed-term,2024-08-01,Project Falcon,Non-Billable,108.0
EMP00103,Director,Fixed-term,2024-08-01,Project Nova,Annual Leave,22.9
EMP00081,Manager,Fixed-term,2024-08-01,Project Aurora,Annual Leave,14.2
EMP00232,Analyst,Permanent,2024-08-01,Project Falcon,Non-Billable,164.3
EMP00011,Executive,Permanent,2024-08-01,Project Falcon,Billable,89.6
EMP00059,Manager,Fixed-term,2024-08-01,Project Titan,Non-Billable,132.1
EMP00103,Director,Fixed-term,2024-08-01,Project Nova,Non-Billable,23.0
EMP00242,Intern,Permanent,2024-08-01,Project Nova,Billable,59.6
EMP00174,Intern,Permanent,2024-08-01,Project Aurora,Billable,85.4
EMP00326,Manager,Permanent,2024-08-01,Project Falcon,Non-Billable,75.6
EMP00196,Analyst,Part-time,2024-08-01,Project Orion,Billable,44.5
EMP00013,Analyst,Part-time,2024-08-01,Project Atlas,Annual Leave,33.8
EMP00047,Senior Analyst,Part-time,2024-08-01,Project Zenith,Non-Billable,70.3
EMP00339,Manager,Contractor,2024-08-01,Project Nova,Non-Billable,165.4
EMP00244,Senior Analyst,Permanent,2024-08-01,Project Nimbus,Billable,114.0
EMP00113,Analyst,Permanent,2024-08-01,Project Atlas,Non-Billable,170.4
EMP00105,Junior,Permanent,2024-08-01,Project Aurora,Non-Billable,89.8
EMP00203,Analyst,Contractor,2024-08-01,Project Atlas,Non-Billable,130.1
EMP00096,Senior Analyst,Contractor,2024-08-01,Project Zenith,Billable,78.3
EMP00150,Senior Manager,Fixed-term,2024-08-01,Project Atlas,Non-Billable,95.7
EMP00109,Manager,Permanent,2024-08-01,Project Nimbus,Billable,65.8
EMP00014,Senior Manager,Contractor,2024-08-01,Project Horizon,Billable,82.6
EMP00087,Analyst,Contractor,2024-08-01,Project Atlas,Billable,55.5
EMP00130,Junior,Permanent,2024-08-01,Project Nova,Non-Billable,114.1
EMP00269,Intern,Fixed-term,2024-08-01,Project Nimbus,Non-Billable,100.3
EMP00134,Analyst,Permanent,2024-08-01,Project Orion,Non-Billable,177.7
EMP00199,Junior,Fixed-term,2024-08-01,Project Titan,Non-Billable,95.9
EMP00027,Senior Analyst,Permanent,2024-08-01,Project Titan,Billable,55.8
EMP00245,Senior Analyst,Fixed-term,2024-08-01,Project Falcon,Non-Billable,36.0
EMP00104,Junior,Permanent,2024-08-01,Project Falcon,Non-Billable,99.6
EMP00149,Senior Analyst,Permanent,2024-08-01,Project Falcon,Non-Billable,137.6
EMP00036,Senior Manager,Permanent,2024-08-01,Project Nimbus,Billable,75.3
EMP00206,Senior Analyst,Part-time,2024-08-01,Project Nimbus,Billable,31.1
EMP00131,Junior,Contractor,2024-08-01,Project Orion,Billable,61.3
EMP00242,Intern,Permanent,2024-08-01,Project Nova,Non-Billable,96.0
EMP00049,Senior Manager,Fixed-term,2024-08-01,Project Vega,Billable,136.0
EMP00093,Analyst,Fixed-term,2024-08-01,Project Orion,Billable,66.9
EMP00177,Analyst,Contractor,2024-08-01,Project Falcon,Non-Billable,92.0
EMP00335,Senior Analyst,Permanent,2024-08-01,Project Falcon,Billable,87.9
EMP00098,Intern,Fixed-term,2024-08-01,Project Atlas,Billable,95.7
EMP00233,Junior,Permanent,2024-08-01,Project Orion,Billable,45.5
EMP00188,Analyst,Fixed-term,2024-08-01,Project Orion,Billable,59.9
EMP00272,Senior Analyst,Contractor,2024-08-01,Project Zenith,Non-Billable,93.8
EMP00331,Senior Analyst,Permanent,2024-08-01,Project Aurora,Non-Billable,120.3
EMP00057,Intern,Part-time,2024-08-01,Project Nova,Non-Billable,97.6
EMP00045,Analyst,Fixed-term,2024-08-01,Project Atlas,Billable,91.2
EMP00094,Senior Analyst,Contractor,2024-08-01,Project Vega,Non-Billable,97.3
EMP00322,Senior Analyst,Part-time,2024-08-01,Project Vega,Non-Billable,57.1
EMP00307,Analyst,Part-time,2024-08-01,Project Horizon,Non-Billable,75.0
EMP00035,Manager,Permanent,2024-08-01,Project Aurora,Billable,68.6
EMP00149,Senior Analyst,Permanent,2024-08-01,Project Falcon,Annual Leave,31.7
EMP00174,Intern,Permanent,2024-08-01,Project Aurora,Non-Billable,96.4
EMP00105,Junior,Permanent,2024-08-01,Project Aurora,Annual Leave,28.4
EMP00072,Senior Analyst,Permanent,2024-08-01,Project Titan,Annual Leave,20.5
EMP00302,Junior,Fixed-term,2024-08-01,Project Zenith,Non-Billable,179.6
EMP00264,Junior,Part-time,2024-08-01,Project Orion,Billable,44.3
EMP00256,Manager,Part-time,2024-08-01,Project Atlas,Non-Billable,99.3
EMP00298,Junior,Freelancer,2024-08-01,Project Atlas,Billable,48.3
EMP00325,Director,Fixed-term,2024-08-01,Project Falcon,Non-Billable,182.0
EMP00038,Analyst,Permanent,2024-08-01,Project Vega,Non-Billable,129.1
EMP00058,Manager,Freelancer,2024-08-01,Project Zenith,Non-Billable,59.5
EMP00102,Analyst,Contractor,2024-08-01,Project Vega,Annual Leave,38.8
EMP00314,Senior Analyst,Permanent,2024-08-01,Project Atlas,Billable,49.4
EMP00090,Director,Permanent,2024-08-01,Project Nova,Non-Billable,73.8
EMP00061,Analyst,Permanent,2024-08-01,Project Horizon,Non-Billable,95.1
EMP00155,Junior,Permanent,2024-08-01,Project Vega,Billable,67.8
EMP00128,Manager,Fixed-term,2024-08-01,Project Vega,Billable,73.0
EMP00081,Manager,Fixed-term,2024-08-01,Project Aurora,Non-Billable,82.5
EMP00148,Junior,Permanent,2024-08-01,Project Nova,Billable,71.3
EMP00250,Senior Manager,Fixed-term,2024-08-01,Project Zenith,Billable,68.0
EMP00340,Analyst,Fixed-term,2024-08-01,Project Nova,Billable,47.2
EMP00020,Senior Manager,Permanent,2024-08-01,Project Horizon,Billable,92.8
EMP00294,Senior Manager,Permanent,2024-08-01,Project Nova,Non-Billable,44.4
EMP00140,Intern,Permanent,2024-08-01,Project Aurora,Annual Leave,17.1
EMP00189,Senior Analyst,Part-time,2024-08-01,Project Nimbus,Non-Billable,53.3
EMP00191,Intern,Freelancer,2024-08-01,Project Orion,Non-Billable,81.3
EMP00103,Director,Fixed-term,2024-08-01,Project Nova,Billable,129.8
EMP00136,Senior Analyst,Fixed-term,2024-08-01,Project Orion,Annual Leave,11.7
EMP00041,Intern,Permanent,2024-08-01,Project Vega,Annual Leave,9.7
EMP00125,Senior Analyst,Fixed-term,2024-08-01,Project Titan,Non-Billable,119.4
EMP00189,Senior Analyst,Part-time,2024-08-01,Project Nimbus,Annual Leave,13.3
EMP00308,Senior Analyst,Part-time,2024-08-01,Project Orion,Non-Billable,67.0
EMP00201,Analyst,Permanent,2024-08-01,Project Falcon,Billable,52.3
EMP00077,Senior Analyst,Fixed-term,2024-08-01,Project Horizon,Non-Billable,167.1
EMP00218,Analyst,Fixed-term,2024-08-01,Project Nimbus,Billable,62.1
EMP00204,Junior,Permanent,2024-08-01,Project Zenith,Annual Leave,27.9
EMP00030,Manager,Permanent,2024-08-01,Project Aurora,Non-Billable,86.8
EMP00316,Analyst,Permanent,2024-08-01,Project Titan,Non-Billable,166.7
EMP00142,Analyst,Permanent,2024-08-01,Project Falcon,Billable,96.8
EMP00018,Manager,Fixed-term,2024-08-01,Project Horizon,Non-Billable,85.6
EMP00034,Senior Manager,Permanent,2024-08-01,Project Atlas,Non-Billable,167.3
EMP00251,Director,Fixed-term,2024-08-01,Project Falcon,Non-Billable,68.9
EMP00247,Junior,Fixed-term,2024-08-01,Project Titan,Non-Billable,104.4
EMP00287,Senior Analyst,Contractor,2024-08-01,Project Aurora,Annual Leave,33.5
EMP00300,Analyst,Fixed-term,2024-08-01,Project Nimbus,Non-Billable,113.5
EMP00080,Analyst,Part-time,2024-08-01,Project Nova,Non-Billable,19.4
EMP00307,Analyst,Part-time,2024-08-01,Project Horizon,Billable,25.9
EMP00263,Analyst,Part-time,2024-08-01,Project Zenith,Non-Billable,60.8
EMP00096,Senior Analyst,Contractor,2024-08-01,Project Zenith,Non-Billable,72.1
EMP00133,Analyst,Freelancer,2024-08-01,Project Zenith,Billable,43.6
EMP00239,Analyst,Freelancer,2024-08-01,Project Vega,Billable,92.8
EMP00074,Junior,Permanent,2024-08-01,Project Horizon,Non-Billable,99.7
EMP00169,Analyst,Fixed-term,2024-08-01,Project Falcon,Non-Billable,89.3
EMP00301,Analyst,Freelancer,2024-08-01,Project Vega,Non-Billable,64.5
EMP00245,Senior Analyst,Fixed-term,2024-08-01,Project Falcon,Annual Leave,30.9
EMP00056,Analyst,Permanent,2024-08-01,Project Aurora,Billable,75.8
EMP00111,Senior Analyst,Fixed-term,2024-08-01,Project Nova,Non-Billable,166.1
EMP00266,Manager,Fixed-term,2024-08-01,Project Orion,Non-Billable,116.4
EMP00022,Analyst,Permanent,2024-08-01,Project Orion,Non-Billable,111.9
EMP00035,Manager,Permanent,2024-08-01,Project Aurora,Non-Billable,79.8
EMP00185,Junior,Part-time,2024-08-01,Project Horizon,Non-Billable,48.3
EMP00298,Junior,Freelancer,2024-08-01,Project Atlas,Non-Billable,77.0
EMP00187,Analyst,Permanent,2024-08-01,Project Orion,Billable,78.7
EMP00065,Director,Fixed-term,2024-08-01,Project Aurora,Annual Leave,27.3
EMP00033,Director,Fixed-term,2024-08-01,Project Horizon,Non-Billable,116.3
EMP00159,Junior,Permanent,2024-08-01,Project Vega,Annual Leave,30.1
EMP00022,Analyst,Permanent,2024-08-01,Project Orion,Billable,44.4
EMP00178,Intern,Permanent,2024-08-01,Project Nova,Non-Billable,175.4
EMP00020,Senior Manager,Permanent,2024-08-01,Project Horizon,Non-Billable,74.0
EMP00213,Senior Analyst,Permanent,2024-08-01,Project Horizon,Billable,64.0
EMP00261,Analyst,Part-time,2024-08-01,Project Titan,Non-Billable,70.7
EMP00101,Manager,Permanent,2024-08-01,Project Zenith,Non-Billable,160.8
EMP00196,Analyst,Part-time,2024-08-01,Project Orion,Non-Billable,53.7
EMP00086,Senior Analyst,Part-time,2024-08-01,Project Falcon,Billable,24.8
EMP00074,Junior,Permanent,2024-08-01,Project Horizon,Billable,68.5
EMP00224,Senior Manager,Fixed-term,2024-08-01,Project Falcon,Non-Billable,154.9
EMP00306,Junior,Permanent,2024-08-01,Project Vega,Non-Billable,173.9
EMP00294,Senior Manager,Permanent,2024-08-01,Project Nova,Billable,100.1
EMP00218,Analyst,Fixed-term,2024-08-01,Project Nimbus,Non-Billable,100.1
EMP00223,Senior Manager,Permanent,2024-08-01,Project Titan,Billable,121.3
EMP00254,Manager,Freelancer,2024-08-01,Project Orion,Billable,32.4
EMP00301,Analyst,Freelancer,2024-08-01,Project Vega,Billable,59.1
EMP00116,Manager,Fixed-term,2024-08-01,Project Zenith,Billable,88.3
EMP00190,Junior,Freelancer,2024-08-01,Project Horizon,Billable,75.9
EMP00017,Analyst,Permanent,2024-08-01,Project Atlas,Non-Billable,150.9
EMP00208,Analyst,Permanent,2024-08-01,Project Nimbus,Billable,74.3
EMP00097,Analyst,Freelancer,2024-08-01,Project Atlas,Annual Leave,36.1
EMP00320,Junior,Part-time,2024-08-01,Project Aurora,Non-Billable,56.4
EMP00006,Analyst,Contractor,2024-08-01,Project Zenith,Billable,65.5
EMP00169,Analyst,Fixed-term,2024-08-01,Project Falcon,Billable,91.2
EMP00212,Junior,Fixed-term,2024-08-01,Project Vega,Billable,74.6
EMP00336,Manager,Freelancer,2024-08-01,Project Titan,Billable,38.9
EMP00275,Junior,Part-time,2024-08-01,Project Atlas,Billable,36.8
EMP00284,Analyst,Permanent,2024-08-01,Project Falcon,Non-Billable,15.1
EMP00206,Senior Analyst,Part-time,2024-08-01,Project Nimbus,Non-Billable,58.2
EMP00098,Intern,Fixed-term,2024-08-01,Project Atlas,Non-Billable,74.9
EMP00061,Analyst,Permanent,2024-08-01,Project Horizon,Billable,87.5
EMP00338,Intern,Contractor,2024-08-01,Project Nova,Non-Billable,90.4
EMP00246,Manager,Part-time,2024-08-01,Project Zenith,Billable,73.8
EMP00148,Junior,Permanent,2024-08-01,Project Nova,Non-Billable,105.8
EMP00033,Director,Fixed-term,2024-08-01,Project Horizon,Billable,65.6
EMP00194,Analyst,Freelancer,2024-08-01,Project Vega,Billable,50.5
EMP00151,Analyst,Fixed-term,2024-08-01,Project Vega,Billable,62.3
EMP00037,Analyst,Fixed-term,2024-08-01,Project Orion,Non-Billable,120.3
EMP00037,Analyst,Fixed-term,2024-08-01,Project Orion,Billable,47.2
EMP00180,Analyst,Fixed-term,2024-08-01,Project Orion,Billable,94.8
EMP00072,Senior Analyst,Permanent,2024-08-01,Project Titan,Non-Billable,-159.9
EMP00317,Manager,Fixed-term,2024-08-01,Project Horizon,Billable,40.1
EMP00043,Intern,Contractor,2024-08-01,Project Falcon,Billable,74.4
EMP00023,Junior,Permanent,2024-08-01,Project Aurora,Billable,89.6
EMP00168,Junior,Permanent,2024-08-01,Project Atlas,Non-Billable,177.3
EMP00273,Junior,Fixed-term,2024-08-01,Project Falcon,Non-Billable,52.8
EMP00204,Junior,Permanent,2024-08-01,Project Zenith,Non-Billable,72.2
EMP00265,Intern,Permanent,2024-08-01,Project Zenith,Billable,52.2
EMP00268,Senior Analyst,Permanent,2024-08-01,Project Horizon,Billable,41.9
EMP00086,Senior Analyst,Part-time,2024-08-01,Project Falcon,Non-Billable,67.1
EMP00106,Intern,Contractor,2024-08-01,Project Nova,Billable,46.8
EMP00090,Director,Permanent,2024-08-01,Project Nova,Billable,62.5
EMP00291,Analyst,Fixed-term,2024-08-01,Project Horizon,Non-Billable,106.1
EMP00163,Senior Analyst,Part-time,2024-08-01,Project Aurora,Non-Billable,92.2
EMP00076,Intern,Permanent,2024-08-01,Project Titan,Billable,81.5
EMP00226,Senior Analyst,Part-time,2024-08-01,Project Vega,Non-Billable,68.2
EMP00245,Senior Analyst,Fixed-term,2024-08-01,Project Falcon,Billable,82.4
EMP00269,Intern,Fixed-term,2024-08-01,Project Nimbus,Billable,72.1
EMP00195,Junior,Permanent,2024-08-01,Project Titan,Non-Billable,119.1
EMP00065,Director,Fixed-term,2024-08-01,Project Aurora,Non-Billable,150.1
EMP00038,Analyst,Permanent,2024-08-01,Project Vega,Billable,50.3
EMP00265,Intern,Permanent,2024-08-01,Project Zenith,Non-Billable,115.3
EMP00003,Intern,Freelancer,2024-08-01,Project Zenith,Billable,47.8
EMP00007,Junior,Permanent,2024-08-01,Project Vega,Non-Billable,187.2
EMP00013,Analyst,Part-time,2024-08-01,Project Atlas,Billable,36.5
EMP00041,Intern,Permanent,2024-09-01,Project Vega,Annual Leave,22.4
EMP00210,Director,Fixed-term,2024-09-01,Project Nova,Billable,95.8
EMP00117,Intern,Fixed-term,2024-09-01,Project Horizon,Billable,73.6
EMP00033,Director,Fixed-term,2024-09-01,Project Horizon,Non-Billable,89.4
EMP00176,Senior Manager,Freelancer,2024-09-01,Project Nova,Billable,43.1
EMP00332,Senior Analyst,Permanent,2024-09-01,Project Falcon,Non-Billable,105.5
EMP00211,Manager,Fixed-term,2024-09-01,Project Orion,Billable,70.5
EMP00049,Senior Manager,Fixed-term,2024-09-01,Project Vega,Non-Billable,33.3
EMP00142,Analyst,Permanent,2024-09-01,Project Falcon,Non-Billable,80.3
EMP00240,Senior Analyst,Permanent,2024-09-01,Project Titan,Billable,138.8
EMP00016,Junior,Permanent,2024-09-01,Project Horizon,Billable,66.5
EMP00320,Junior,Part-time,2024-09-01,Project Aurora,Non-Billable,55.2
EMP00093,Analyst,Fixed-term,2024-09-01,Project Orion,Billable,62.8
EMP00119,Senior Analyst,Part-time,2024-09-01,Project Horizon,Billable,16.2
EMP00116,Manager,Fixed-term,2024-09-01,Project Zenith,Non-Billable,90.7
EMP00187,Analyst,Permanent,2024-09-01,Project Orion,Billable,74.9
EMP00225,Senior Analyst,Permanent,2024-09-01,Project Vega,Non-Billable,86.8
EMP00150,Senior Manager,Fixed-term,2024-09-01,Project Atlas,Non-Billable,106.1
EMP00082,Analyst,Permanent,2024-09-01,Project Nimbus,Annual Leave,8.7
EMP00018,Manager,Fixed-term,2024-09-01,Project Horizon,Billable,63.1
EMP00014,Senior Manager,Contractor,2024-09-01,Project Horizon,Billable,81.4
EMP00324,Junior,Permanent,2024-09-01,Project Falcon,Non-Billable,114.6
EMP00160,Junior,Contractor,2024-09-01,Project Atlas,Billable,109.8
EMP00065,Director,Fixed-term,2024-09-01,Project Aurora,Non-Billable,175.8
EMP00242,Intern,Permanent,2024-09-01,Project Nova,Non-Billable,96.1
EMP00056,Analyst,Permanent,2024-09-01,Project Aurora,Annual Leave,29.6
EMP00039,Analyst,Permanent,2024-09-01,Project Atlas,Non-Billable,166.2
EMP00067,Manager,Part-time,2024-09-01,Project Vega,Non-Billable,62.7
EMP00005,Intern,Permanent,2024-09-01,Project Zenith,Billable,52.4
EMP00099,Analyst,Permanent,2024-09-01,Project Titan,Non-Billable,119.3
EMP00174,Intern,Permanent,2024-09-01,Project Aurora,Annual Leave,30.7
EMP00094,Senior Analyst,Contractor,2024-09-01,Project Vega,Non-Billable,85.6
EMP00098,Intern,Fixed-term,2024-09-01,Project Atlas,Billable,139.0
EMP00312,Analyst,Fixed-term,2024-09-01,Project Atlas,Billable,143.4
EMP00086,Senior Analyst,Part-time,2024-09-01,Project Falcon,Annual Leave,35.1
EMP00297,Junior,Permanent,2024-09-01,Project Vega,Non-Billable,95.4
EMP00287,Senior Analyst,Contractor,2024-09-01,Project Aurora,Billable,52.6
EMP00168,Junior,Permanent,2024-09-01,Project Atlas,Non-Billable,164.1
EMP00299,Senior Analyst,Fixed-term,2024-09-01,Project Nova,Non-Billable,117.7
EMP00248,Analyst,Contractor,2024-09-01,Project Nova,Non-Billable,72.9
EMP00031,Manager,Contractor,2024-09-01,Project Nimbus,Non-Billable,82.3
EMP00239,Analyst,Freelancer,2024-09-01,Project Vega,Non-Billable,28.5
EMP00252,Intern,Part-time,2024-09-01,Project Titan,Non-Billable,69.1
EMP00074,Junior,Permanent,2024-09-01,Project Horizon,Billable,51.5
EMP00191,Intern,Freelancer,2024-09-01,Project Orion,Billable,45.4
EMP00188,Analyst,Fixed-term,2024-09-01,Project Orion,Non-Billable,106.3
EMP00090,Director,Permanent,2024-09-01,Project Nova,Billable,80.8
EMP00014,Senior Manager,Contractor,2024-09-01,Project Horizon,Non-Billable,72.0
EMP00271,Senior Analyst,Permanent,2024-09-01,Project Aurora,Non-Billable,178.2
EMP00072,Senior Analyst,Permanent,2024-09-01,Project Titan,Non-Billable,171.2
EMP00091,Senior Analyst,Permanent,2024-09-01,Project Nova,Annual Leave,33.8
EMP00282,Analyst,Fixed-term,2024-09-01,Project Aurora,Non-Billable,81.8
EMP00233,Junior,Permanent,2024-09-01,Project Orion,Billable,50.1
EMP00299,Senior Analyst,Fixed-term,2024-09-01,Project Nova,Billable,40.8
EMP00111,Senior Analyst,Fixed-term,2024-09-01,Project Nova,Non-Billable,161.0
EMP00097,Analyst,Freelancer,2024-09-01,Project Atlas,Non-Billable,79.7
EMP00081,Manager,Fixed-term,2024-09-01,Project Aurora,Billable,81.2
EMP00137,Analyst,Permanent,2024-09-01,Project Atlas,Non-Billable,132.1
EMP00132,Junior,Fixed-term,2024-09-01,Project Nimbus,Non-Billable,164.0
EMP00140,Intern,Permanent,2024-09-01,Project Aurora,Billable,93.3
EMP00247,Junior,Fixed-term,2024-09-01,Project Titan,Billable,52.5
EMP00287,Senior Analyst,Contractor,2024-09-01,Project Aurora,Non-Billable,87.4
EMP00032,Manager,Contractor,2024-09-01,Project Atlas,Non-Billable,149.0
EMP00215,Junior,Contractor,2024-09-01,Project Zenith,Non-Billable,76.4
EMP00077,Senior Analyst,Fixed-term,2024-09-01,Project Horizon,Non-Billable,174.5
EMP00202,Junior,Permanent,2024-09-01,Project Atlas,Billable,56.6
EMP00134,Analyst,Permanent,2024-09-01,Project Orion,Annual Leave,17.5
EMP00172,Senior Analyst,Part-time,2024-09-01,Project Zenith,Non-Billable,63.8
EMP00298,Junior,Freelancer,2024-09-01,Project Atlas,Non-Billable,79.7
EMP00244,Senior Analyst,Permanent,2024-09-01,Project Nimbus,Non-Billable,48.5
EMP00240,Senior Analyst,Permanent,2024-09-01,Project Titan,Non-Billable,28.6
EMP00198,Senior Manager,Freelancer,2024-09-01,Project Atlas,Non-Billable,136.4
EMP00326,Manager,Permanent,2024-09-01,Project Falcon,Billable,73.6
EMP00021,Senior Analyst,Fixed-term,2024-09-01,Project Horizon,Non-Billable,62.4
EMP00143,Analyst,Permanent,2024-09-01,Project Orion,Non-Billable,120.8
EMP00102,Analyst,Contractor,2024-09-01,Project Vega,Non-Billable,111.5
EMP00255,Analyst,Freelancer,2024-09-01,Project Nova,Non-Billable,62.5
EMP00242,Intern,Permanent,2024-09-01,Project Nova,Billable,68.3
EMP00119,Senior Analyst,Part-time,2024-09-01,Project Horizon,Non-Billable,45.2
EMP00066,Senior Analyst,Permanent,2024-09-01,Project Falcon,Billable,59.0
EMP00251,Director,Fixed-term,2024-09-01,Project Falcon,Billable,74.5
EMP00275,Junior,Part-time,2024-09-01,Project Atlas,Billable,41.3
EMP00055,Senior Manager,Fixed-term,2024-09-01,Project Atlas,Non-Billable,105.2
EMP00012,Analyst,Fixed-term,2024-09-01,Project Nimbus,Billable,49.2
EMP00151,Analyst,Fixed-term,2024-09-01,Project Vega,Billable,60.0
EMP00011,Executive,Permanent,2024-09-01,Project Falcon,Non-Billable,86.9
EMP00023,Junior,Permanent,2024-09-01,Project Aurora,Non-Billable,104.4
EMP00143,Analyst,Permanent,2024-09-01,Project Orion,Billable,52.5
EMP00318,Junior,Contractor,2024-09-01,Project Nimbus,Annual Leave,17.3
EMP00200,Senior Manager,Fixed-term,2024-09-01,Project Vega,Billable,73.1
EMP00007,Junior,Permanent,2024-09-01,Project Vega,Annual Leave,39.1
EMP00155,Junior,Permanent,2024-09-01,Project Vega,Non-Billable,97.6
EMP00285,Analyst,Fixed-term,2024-09-01,Project Aurora,Annual Leave,24.7
EMP00022,Analyst,Permanent,2024-09-01,Project Orion,Billable,44.6
EMP00031,Manager,Contractor,2024-09-01,Project Nimbus,Billable,69.8
EMP00231,Intern,Fixed-term,2024-09-01,Project Atlas,Non-Billable,112.3
EMP00281,Analyst,Permanent,2024-09-01,Project Falcon,Billable,59.1
EMP00282,Analyst,Fixed-term,2024-09-01,Project Aurora,Billable,59.5
EMP00194,Analyst,Freelancer,2024-09-01,Project Vega,Annual Leave,25.7
EMP00043,Intern,Contractor,2024-09-01,Project Falcon,Non-Billable,90.9
EMP00179,Analyst,Part-time,2024-09-01,Project Nimbus,Billable,53.1
EMP00196,Analyst,Part-time,2024-09-01,Project Orion,Billable,53.2
EMP00151,Analyst,Fixed-term,2024-09-01,Project Vega,Non-Billable,66.4
EMP00162,Manager,Freelancer,2024-09-01,Project Orion,Non-Billable,123.0
EMP00106,Intern,Contractor,2024-09-01,Project Nova,Annual Leave,29.9
EMP00321,Manager,Part-time,2024-09-01,Project Zenith,Non-Billable,56.3
EMP00171,Analyst,Permanent,2024-09-01,Project Zenith,Billable,77.1
EMP00248,Analyst,Contractor,2024-09-01,Project Nova,Billable,58.9
EMP00336,Manager,Freelancer,2024-09-01,Project Titan,Billable,35.9
EMP00282,Analyst,Fixed-term,2024-09-01,Project Aurora,Annual Leave,22.7
EMP00121,Senior Analyst,Contractor,2024-09-01,Project Nimbus,Non-Billable,159.2
EMP00280,Manager,Permanent,2024-09-01,Project Orion,Non-Billable,151.3
EMP00322,Senior Analyst,Part-time,2024-09-01,Project Vega,Billable,33.3
EMP00254,Manager,Freelancer,2024-09-01,Project Orion,Non-Billable,80.3
EMP00214,Senior Analyst,Freelancer,2024-09-01,Project Orion,Billable,28.7
EMP00265,Intern,Permanent,2024-09-01,Project Zenith,Billable,51.4
EMP00090,Director,Permanent,2024-09-01,Project Nova,Non-Billable,84.5
EMP00087,Analyst,Contractor,2024-09-01,Project Atlas,Billable,64.9
EMP00126,Senior Manager,Part-time,2024-09-01,Project Vega,Billable,41.2
EMP00275,Junior,Part-time,2024-09-01,Project Atlas,Non-Billable,62.2
EMP00050,Manager,Freelancer,2024-09-01,Project Vega,Non-Billable,137.3
EMP00318,Junior,Contractor,2024-09-01,Project Nimbus,Non-Billable,128.0
EMP00215,Junior,Contractor,2024-09-01,Project Zenith,Billable,71.5
EMP00017,Analyst,Permanent,2024-09-01,Project Atlas,Non-Billable,170.7
EMP00138,Senior Analyst,Part-time,2024-09-01,Project Vega,Billable,53.2
EMP00086,Senior Analyst,Part-time,2024-09-01,Project Falcon,Non-Billable,40.3
EMP00262,Analyst,Permanent,2024-09-01,Project Vega,Non-Billable,171.2
EMP00308,Senior Analyst,Part-time,2024-09-01,Project Orion,Non-Billable,67.1
EMP00084,Senior Manager,Contractor,2024-09-01,Project Falcon,Annual Leave,18.2
EMP00325,Director,Fixed-term,2024-09-01,Project Falcon,Non-Billable,162.1
EMP00309,Manager,Permanent,2024-09-01,Project Nova,Non-Billable,167.8
EMP00169,Analyst,Fixed-term,2024-09-01,Project Falcon,Non-Billable,75.3
EMP00226,Senior Analyst,Part-time,2024-09-01,Project Vega,Billable,28.1
EMP00080,Analyst,Part-time,2024-09-01,Project Nova,Billable,80.2
EMP00335,Senior Analyst,Permanent,2024-09-01,Project Falcon,Non-Billable,99.8
EMP00254,Manager,Freelancer,2024-09-01,Project Orion,Billable,38.1
EMP00199,Junior,Fixed-term,2024-09-01,Project Titan,Non-Billable,116.8
EMP00101,Manager,Permanent,2024-09-01,Project Zenith,Annual Leave,39.1
EMP00208,Analyst,Permanent,2024-09-01,Project Nimbus,Non-Billable,102.4
EMP00202,Junior,Permanent,2024-09-01,Project Atlas,Non-Billable,89.1
EMP00267,Intern,Freelancer,2024-09-01,Project Atlas,Non-Billable,68.1
EMP00093,Analyst,Fixed-term,2024-09-01,Project Orion,Non-Billable,107.3
EMP00293,Manager,Fixed-term,2024-09-01,Project Aurora,Billable,82.7
EMP00294,Senior Manager,Permanent,2024-09-01,Project Nova,Non-Billable,32.6
EMP00179,Analyst,Part-time,2024-09-01,Project Nimbus,Non-Billable,50.8
EMP00337,Senior Manager,Permanent,2024-09-01,Project Falcon,Non-Billable,168.2
EMP00022,Analyst,Permanent,2024-09-01,Project Orion,Non-Billable,100.7
EMP00190,Junior,Freelancer,2024-09-01,Project Horizon,Non-Billable,49.1
EMP00205,Manager,Permanent,2024-09-01,Project Atlas,Non-Billable,166.0
EMP00029,Manager,Permanent,2024-09-01,Project Nimbus,Billable,60.9
EMP00022,Analyst,Permanent,2024-09-01,Project Orion,Annual Leave,38.7
EMP00280,Manager,Permanent,2024-09-01,Project Orion,Annual Leave,20.0
EMP00020,Senior Manager,Permanent,2024-09-01,Project Horizon,Billable,87.3
EMP00225,Senior Analyst,Permanent,2024-09-01,Project Vega,Billable,73.5
EMP00148,Junior,Permanent,2024-09-01,Project Nova,Billable,95.3
EMP00199,Junior,Fixed-term,2024-09-01,Project Titan,Billable,46.3
EMP00312,Analyst,Fixed-term,2024-09-01,Project Atlas,Non-Billable,40.4
EMP00217,Analyst,Permanent,2024-09-01,Project Falcon,Non-Billable,163.3
EMP00338,Intern,Contractor,2024-09-01,Project Nova,Billable,58.7
EMP00025,Senior Analyst,Contractor,2024-09-01,Project Titan,Billable,63.5
EMP00188,Analyst,Fixed-term,2024-09-01,Project Orion,Billable,60.2
EMP00273,Junior,Fixed-term,2024-09-01,Project Falcon,Billable,103.7
EMP00269,Intern,Fixed-term,2024-09-01,Project Nimbus,Non-Billable,114.7
EMP00159,Junior,Permanent,2024-09-01,Project Vega,Billable,40.0
EMP00194,Analyst,Freelancer,2024-09-01,Project Vega,Billable,40.5
EMP00038,Analyst,Permanent,2024-09-01,Project Vega,Annual Leave,14.8
EMP00011,Executive,Permanent,2024-09-01,Project Falcon,Billable,86.6
EMP00288,Junior,Permanent,2024-09-01,Project Zenith,Billable,51.5
EMP00063,Junior,Permanent,2024-09-01,Project Falcon,Non-Billable,97.8
EMP00035,Manager,Permanent,2024-09-01,Project Aurora,Billable,69.6
EMP00037,Analyst,Fixed-term,2024-09-01,Project Orion,Non-Billable,116.5
EMP00272,Senior Analyst,Contractor,2024-09-01,Project Zenith,Billable,61.9
EMP00265,Intern,Permanent,2024-09-01,Project Zenith,Non-Billable,118.3
EMP00266,Manager,Fixed-term,2024-09-01,Project Orion,Non-Billable,109.9
EMP00281,Analyst,Permanent,2024-09-01,Project Falcon,Non-Billable,116.9
EMP00045,Analyst,Fixed-term,2024-09-01,Project Atlas,Non-Billable,89.3
EMP00172,Senior Analyst,Part-time,2024-09-01,Project Zenith,Annual Leave,31.8
EMP00041,Intern,Permanent,2024-09-01,Project Vega,Non-Billable,140.4
EMP00124,Analyst,Permanent,2024-09-01,Project Atlas,Non-Billable,86.3
EMP00266,Manager,Fixed-term,2024-09-01,Project Orion,Billable,55.5
EMP00104,Junior,Permanent,2024-09-01,Project Falcon,Billable,68.3
EMP00036,Senior Manager,Permanent,2024-09-01,Project Nimbus,Billable,92.7
EMP00314,Senior Analyst,Permanent,2024-09-01,Project Atlas,Annual Leave,8.1
EMP00316,Analyst,Permanent,2024-09-01,Project Titan,Non-Billable,168.3
EMP00020,Senior Manager,Permanent,2024-09-01,Project Horizon,Non-Billable,78.4
EMP00058,Manager,Freelancer,2024-09-01,Project Zenith,Billable,66.6
EMP00129,Analyst,Permanent,2024-09-01,Project Atlas,Non-Billable,112.5
EMP00321,Manager,Part-time,2024-09-01,Project Zenith,Billable,35.9
EMP00305,Junior,Permanent,2024-09-01,Project Nova,Non-Billable,165.8
EMP00286,Analyst,Fixed-term,2024-09-01,Project Nimbus,Non-Billable,103.1
EMP00111,Senior Analyst,Fixed-term,2024-09-01,Project Nova,Annual Leave,8.5
EMP00206,Senior Analyst,Part-time,2024-09-01,Project Nimbus,Non-Billable,56.2
EMP00142,Analyst,Permanent,2024-09-01,Project Falcon,Billable,101.1
EMP00078,Analyst,Contractor,2024-09-01,Project Aurora,Billable,58.2
EMP00331,Senior Analyst,Permanent,2024-09-01,Project Aurora,Non-Billable,115.8
EMP00019,Senior Analyst,Permanent,2024-09-01,Project Zenith,Non-Billable,85.0
EMP00332,Senior Analyst,Permanent,2024-09-01,project falcon,Billable,63.7
EMP00267,Intern,Freelancer,2024-09-01,Project Atlas,Billable,60.4
EMP00100,Junior,Freelancer,2024-09-01,Project Titan,Non-Billable,132.5
EMP00056,Analyst,Permanent,2024-09-01,Project Aurora,Non-Billable,98.6
EMP00086,Senior Analyst,Part-time,2024-09-01,Project Falcon,Billable,15.0
EMP00033,Director,Fixed-term,2024-09-01,Project Horizon,Billable,58.0
EMP00326,Manager,Permanent,2024-09-01,Project Falcon,Non-Billable,97.7
EMP00119,Senior Analyst,Part-time,2024-09-01,Project Horizon,Annual Leave,26.9
EMP00177,Analyst,Contractor,2024-09-01,Project Falcon,Annual Leave,15.9
EMP00223,Senior Manager,Permanent,2024-09-01,Project Titan,Billable,119.6
EMP00125,Senior Analyst,Fixed-term,2024-09-01,Project Titan,Non-Billable,115.3
EMP00027,Senior Analyst,Permanent,2024-09-01,Project Titan,Non-Billable,111.1
EMP00308,Senior Analyst,Part-time,2024-09-01,Project Orion,Billable,27.3
EMP00106,Intern,Contractor,2024-09-01,Project Nova,Non-Billable,73.0
EMP00314,Senior Analyst,Permanent,2024-09-01,Project Atlas,Billable,42.8
EMP00074,Junior,Permanent,2024-09-01,Project Horizon,Non-Billable,75.6
EMP00146,Analyst,Permanent,2024-09-01,Project Aurora,Billable,117.0
EMP00263,Analyst,Part-time,2024-09-01,Project Zenith,Non-Billable,45.8
EMP00106,Intern,Contractor,2024-09-01,Project Nova,Billable,46.9
EMP00231,Intern,Fixed-term,2024-09-01,Project Atlas,Billable,37.0
EMP00273,Junior,Fixed-term,2024-09-01,Project Falcon,Non-Billable,60.3
EMP00269,Intern,Fixed-term,2024-09-01,Project Nimbus,Billable,60.0
EMP00185,Junior,Part-time,2024-09-01,Project Horizon,Non-Billable,44.4
EMP00040,Senior Analyst,Permanent,2024-09-01,Project Zenith,Non-Billable,115.5
EMP00300,Analyst,Fixed-term,2024-09-01,Project Nimbus,Non-Billable,88.8
EMP00223,Senior Manager,Permanent,2024-09-01,Project Titan,Non-Billable,38.8
EMP00291,Analyst,Fixed-term,2024-09-01,Project Horizon,Billable,67.0
EMP00263,Analyst,Part-time,2024-09-01,Project Zenith,Billable,34.8
EMP00096,Senior Analyst,Contractor,2024-09-01,Project Zenith,Non-Billable,89.9
EMP00229,Intern,Contractor,2024-09-01,Project Aurora,Annual Leave,16.7
EMP00018,Manager,Fixed-term,2024-09-01,Project Horizon,Non-Billable,93.4
EMP00024,Intern,Freelancer,2024-09-01,Project Zenith,Non-Billable,65.3
EMP00314,Senior Analyst,Permanent,2024-09-01,Project Atlas,Non-Billable,124.7
EMP00245,Senior Analyst,Fixed-term,2024-09-01,Project Falcon,Billable,89.3
EMP00012,Analyst,Fixed-term,2024-09-01,Project Nimbus,Non-Billable,115.2
EMP00047,Senior Analyst,Part-time,2024-09-01,Project Zenith,Billable,24.5
EMP00145,Junior,Permanent,2024-09-01,Project Atlas,Non-Billable,175.3
EMP00298,Junior,Freelancer,2024-09-01,Project Atlas,Billable,45.6
EMP00133,Analyst,Freelancer,2024-09-01,Project Zenith,Non-Billable,92.4
EMP00070,Junior,Permanent,2024-09-01, Project Nimbus,Billable,65.1
EMP00206,Senior Analyst,Part-time,2024-09-01,Project Nimbus,Billable,31.3
EMP00184,Junior,Permanent,2024-09-01,Project Falcon,Non-Billable,115.6
EMP00061,Analyst,Permanent,2024-09-01,Project Horizon,Non-Billable,79.4
EMP00224,Senior Manager,Fixed-term,2024-09-01,Project Falcon,Non-Billable,159.6
EMP00221,Intern,Contractor,2024-09-01,Project Titan,Non-Billable,138.6
EMP00284,Analyst,Permanent,2024-09-01,Project Falcon,Billable,139.9
EMP00301,Analyst,Freelancer,2024-09-01,Project Vega,Non-Billable,61.7
EMP00186,Junior,Part-time,2024-09-01,Project Orion,Non-Billable,100.3
EMP00261,Analyst,Part-time,2024-09-01,Project Titan,Billable,28.1
EMP00023,Junior,Permanent,2024-09-01,Project Aurora,Billable,64.2
EMP00083,Intern,Permanent,2024-09-01,Project Nimbus,Billable,57.0
EMP00317,Manager,Fixed-term,2024-09-01,Project Horizon,Billable,41.2
EMP00330,Senior Analyst,Part-time,2024-09-01,Project Nimbus,Billable,23.3
EMP00099,Analyst,Permanent,2024-09-01,Project Titan,Billable,34.3
EMP00084,Senior Manager,Contractor,2024-09-01,Project Falcon,Non-Billable,118.3
EMP00327,Intern,Fixed-term,2024-09-01,Project Aurora,Billable,107.4
EMP00307,Analyst,Part-time,2024-09-01,Project Horizon,Non-Billable,69.2
EMP00235,Analyst,Fixed-term,2024-09-01,Project Falcon,Billable,44.9
EMP00311,Analyst,Permanent,2024-09-01,Project Nimbus,Non-Billable,168.9
EMP00116,Manager,Fixed-term,2024-09-01,Project Zenith,Billable,89.2
EMP00178,Intern,Permanent,2024-09-01,Project Nova,Non-Billable,175.0
EMP00133,Analyst,Freelancer,2024-09-01,Project Zenith,Billable,35.2
EMP00320,Junior,Part-time,2024-09-01,Project Aurora,Billable,39.0
EMP00340,Analyst,Fixed-term,2024-09-01,Project Nova,Billable,45.4
EMP00306,Junior,Permanent,2024-09-01,Project Vega,Non-Billable,161.3
EMP00229,Intern,Contractor,2024-09-01,Project Aurora,Non-Billable,131.5
EMP00286,Analyst,Fixed-term,2024-09-01,Project Nimbus,Billable,67.2
EMP00189,Senior Analyst,Part-time,2024-09-01,Project Nimbus,Non-Billable,61.6
EMP00025,Senior Analyst,Contractor,2024-09-01,Project Titan,Non-Billable,87.8
EMP00301,Analyst,Freelancer,2024-09-01,Project Vega,Annual Leave,13.0
EMP00153,Analyst,Part-time,2024-09-01,Project Zenith,Annual Leave,23.8
EMP00327,Intern,Fixed-term,2024-09-01,Project Aurora,Non-Billable,35.4
EMP00124,Analyst,Permanent,2024-09-01,Project Atlas,Billable,80.7
EMP00244,Senior Analyst,Permanent,2024-09-01,Project Nimbus,Billable,123.6
EMP00109,Manager,Permanent,2024-09-01,Project Nimbus,Billable,80.6
EMP00064,Senior Analyst,Permanent,2024-09-01,Project Nimbus,Billable,144.1
EMP00108,Junior,Permanent,2024-09-01,Project Titan,Billable,83.7
EMP00233,Junior,Permanent,2024-09-01,Project Orion,Non-Billable,115.7
EMP00125,Senior Analyst,Fixed-term,2024-09-01,Project Titan,Billable,51.7
EMP00013,Analyst,Part-time,2024-09-01,Project Atlas,Billable,50.4
EMP00057,Intern,Part-time,2024-09-01,Project Nova,Non-Billable,101.3
EMP00078,Analyst,Contractor,2024-09-01,Project Aurora,Non-Billable,98.6
EMP00128,Manager,Fixed-term,2024-09-01,Project Vega,Non-Billable,80.5
EMP00003,Intern,Freelancer,2024-09-01,Project Zenith,Billable,49.2
EMP00034,Senior Manager,Permanent,2024-09-01,Project Atlas,Non-Billable,159.1
EMP00190,Junior,Freelancer,2024-09-01,Project Horizon,Billable,57.0
EMP00102,Analyst,Contractor,2024-09-01,Project Vega,Billable,44.1
EMP00030,Manager,Permanent,2024-09-01,Project Aurora,Non-Billable,103.5
EMP00301,Analyst,Freelancer,2024-09-01,Project Vega,Billable,58.6
EMP00131,Junior,Contractor,2024-09-01,Project Orion,Billable,61.0
EMP00126,Senior Manager,Part-time,2024-09-01,project vega,Non-Billable,51.1
EMP00029,Manager,Permanent,2024-09-01,Project Nimbus,Non-Billable,115.4
EMP00056,Analyst,Permanent,2024-09-01,Project Aurora,Billable,53.3
EMP00214,Senior Analyst,Freelancer,2024-09-01,Project Orion,Non-Billable,96.9
EMP00160,Junior,Contractor,2024-09-01,Project Atlas,Non-Billable,54.8
EMP00213,Senior Analyst,Permanent,2024-09-01,Project Horizon,Non-Billable,122.5
EMP00250,Senior Manager,Fixed-term,2024-09-01,Project Zenith,Non-Billable,127.6
EMP00044,Director,Permanent,2024-09-01,Project Orion,Non-Billable,96.9
EMP00330,Senior Analyst,Part-time,2024-09-01,Project Nimbus,Non-Billable,68.7
EMP00272,Senior Analyst,Contractor,2024-09-01,Project Zenith,Non-Billable,99.6
EMP00189,Senior Analyst,Part-time,2024-09-01,Project Nimbus,Billable,39.0
EMP00335,Senior Analyst,Permanent,2024-09-01,Project Falcon,Billable,72.7
EMP00067,Manager,Part-time,2024-09-01,Project Vega,Annual Leave,36.0
EMP00007,Junior,Permanent,2024-09-01,Project Vega,Non-Billable,133.6
EMP00232,Analyst,Permanent,2024-09-01,Project Falcon,Non-Billable,160.7
EMP00163,Senior Analyst,Part-time,2024-09-01,Project Aurora,Non-Billable,91.4
EMP00155,Junior,Permanent,2024-09-01,Project Vega,Billable,79.7
EMP00087,Analyst,Contractor,2024-09-01,Project Atlas,Non-Billable,79.2
EMP00028,Analyst,Permanent,2024-09-01,Project Vega,Non-Billable,166.2
EMP00094,Senior Analyst,Contractor,2024-09-01,Project Vega,Billable,64.1
EMP00310,Senior Analyst,Fixed-term,2024-09-01,Project Atlas,Non-Billable,153.4
EMP00195,Junior,Permanent,2024-09-01,Project Titan,Non-Billable,107.9
EMP00164,Junior,Contractor,2024-09-01,Project Nova,Non-Billable,157.3
EMP00251,Director,Fixed-term,2024-09-01,Project Falcon,Annual Leave,18.6
EMP00076,Intern,Permanent,2024-09-01,Project Titan,Billable,81.1
EMP00052,Analyst,Freelancer,2024-09-01,Project Falcon,Non-Billable,62.0
EMP00294,Senior Manager,Permanent,2024-09-01,Project Nova,Billable,137.9
EMP00103,Director,Fixed-term,2024-09-01,Project Nova,Billable,118.0
EMP00307,Analyst,Part-time,2024-09-01,Project Horizon,Billable,25.2
EMP00201,Analyst,Permanent,2024-09-01,Project Falcon,Non-Billable,116.2
EMP00239,Analyst,Freelancer,2024-09-01,Project Vega,Billable,106.9
EMP00212,Junior,Fixed-term,2024-09-01,Project Vega,Non-Billable,104.0
EMP00245,Senior Analyst,Fixed-term,2024-09-01,Project Falcon,Annual Leave,36.0
EMP00038,Analyst,Permanent,2024-09-01,Project Vega,Non-Billable,101.8
EMP00129,Analyst,Permanent,2024-09-01,Project Atlas,Billable,48.7
EMP00208,Analyst,Permanent,2024-09-01,Project Nimbus,Billable,63.0
EMP00070,Junior,Permanent,2024-09-01,project nimbus,Non-Billable,115.6
EMP00176,Senior Manager,Freelancer,2024-09-01,Project Nova,Non-Billable,86.8
EMP00021,Senior Analyst,Fixed-term,2024-09-01,Project Horizon,Billable,119.8
EMP00013,Analyst,Part-time,2024-09-01,Project Atlas,Non-Billable,51.1
EMP00043,Intern,Contractor,2024-09-01,Project Falcon ,Billable,64.4
EMP00338,Intern,Contractor,2024-09-01,Project Nova,Non-Billable,76.2
EMP00191,Intern,Freelancer,2024-09-01,Project Orion,Non-Billable,87.5
EMP00293,Manager,Fixed-term,2024-09-01,Project Aurora,Non-Billable,91.5
EMP00006,Analyst,Contractor,2024-09-01,Project Zenith,Billable,63.2
EMP00297,Junior,Permanent,2024-09-01,Project Vega,Billable,63.8
EMP00024,Intern,Freelancer,2024-09-01,Project Zenith,Billable,81.0
EMP00101,Manager,Permanent,2024-09-01,Project Zenith,Non-Billable,124.4
EMP00190,Junior,Freelancer,2024-09-01,Project Horizon,Annual Leave,17.1
EMP00064,Senior Analyst,Permanent,2024-09-01,Project Nimbus,Non-Billable,19.4
EMP00177,Analyst,Contractor,2024-09-01,Project Falcon,Non-Billable,72.4
EMP00285,Analyst,Fixed-term,2024-09-01,Project Aurora,Non-Billable,158.0
EMP00003,Intern,Freelancer,2024-09-01,Project Zenith,Non-Billable,81.8
EMP00218,Analyst,Fixed-term,2024-09-01,Project Nimbus,Non-Billable,106.2
EMP00180,Analyst,Fixed-term,2024-09-01,Project Orion,Billable,66.7
EMP00268,Senior Analyst,Permanent,2024-09-01,Project Horizon,Non-Billable,104.4
EMP00055,Senior Manager,Fixed-term,2024-09-01,Project Atlas,Billable,56.1
EMP00331,Senior Analyst,Permanent,2024-09-01,Project Aurora,Billable,50.9
EMP00212,Junior,Fixed-term,2024-09-01,Project Vega,Billable,56.7
EMP00049,Senior Manager,Fixed-term,2024-09-01,Project Vega,Billable,132.3
EMP00336,Manager,Freelancer,2024-09-01,Project Titan,Non-Billable,95.6
EMP00030,Manager,Permanent,2024-09-01,Project Aurora,Billable,56.7
EMP00091,Senior Analyst,Permanent,2024-09-01,Project Nova,Non-Billable,90.0
EMP00091,Senior Analyst,Permanent,2024-09-01,Project Nova,Billable,34.0
EMP00222,Senior Analyst,Permanent,2024-09-01,Project Vega,Non-Billable,166.4
EMP00185,Junior,Part-time,2024-09-01,Project Horizon,Billable,53.3
EMP00246,Manager,Part-time,2024-09-01,Project Zenith,Billable,62.7
EMP00105,Junior,Permanent,2024-09-01,Project Aurora,Billable,50.9
EMP00238,Intern,Permanent,2024-09-01,Project Nova,Non-Billable,90.4
EMP00149,Senior Analyst,Permanent,2024-09-01,Project Falcon,Non-Billable,168.1
EMP00151,Analyst,Fixed-term,2024-09-01,,Maternity Leave,27.0
EMP00083,Intern,Permanent,2024-09-01,Project Nimbus,Non-Billable,112.8
EMP00247,Junior,Fixed-term,2024-09-01,Project Titan,Non-Billable,86.0
EMP00018,Manager,Fixed-term,2024-09-01,Project Horizon,Non-Billable,93.4
EMP00134,Analyst,Permanent,2024-09-01,Project Orion,Non-Billable,161.3
EMP00097,Analyst,Freelancer,2024-09-01,Project Atlas,Billable,47.5
EMP00037,Analyst,Fixed-term,2024-09-01,Project Orion,Billable,46.3
EMP00173,Manager,Freelancer,2024-09-01,Project Aurora,Non-Billable,126.4
EMP00210,Director,Fixed-term,2024-09-01,Project Nova,Non-Billable,67.7
EMP00117,Intern,Fixed-term,2024-09-01,Project Horizon,Non-Billable,103.8
EMP00268,Senior Analyst,Permanent,2024-09-01,Project Horizon,Billable,39.9
EMP00109,Manager,Permanent,2024-09-01,Project Nimbus,Non-Billable,96.5
EMP00076,Intern,Permanent,2024-09-01,Project Titan,Annual Leave,8.5
EMP00066,Senior Analyst,Permanent,2024-09-01,Project Falcon,Non-Billable,123.7
EMP00201,Analyst,Permanent,2024-09-01,Project Falcon,Billable,52.1
EMP00153,Analyst,Part-time,2024-09-01,Project Zenith,Non-Billable,51.5
EMP00322,Senior Analyst,Part-time,2024-09-01,Project Vega,Non-Billable,43.7
EMP00153,Analyst,Part-time,2024-09-01,Project Zenith,Billable,19.3
EMP00255,Analyst,Freelancer,2024-09-01,Project Nova,Billable,60.5
EMP00194,Analyst,Freelancer,2024-09-01,Project Vega,Non-Billable,63.8
EMP00226,Senior Analyst,Part-time,2024-09-01,Project Vega,Non-Billable,72.8
EMP00180,Analyst,Fixed-term,2024-09-01,Project Orion,Non-Billable,104.2
EMP00264,Junior,Part-time,2024-09-01,Project Orion,Annual Leave,39.0
EMP00203,Analyst,Contractor,2024-09-01,Project Atlas,Non-Billable,147.1
EMP00169,Analyst,Fixed-term,2024-09-01,Project Falcon,Billable,91.4
EMP00284,Analyst,Permanent,2024-09-01,Project Falcon,Non-Billable,39.2
EMP00030,Manager,Permanent,2024-09-01,Project Aurora,Non-Billable,103.5
EMP00246,Manager,Part-time,2024-09-01,Project Zenith,Non-Billable,30.9
EMP00076,Intern,Permanent,2024-09-01,Project Titan,Non-Billable,78.6
EMP00005,Intern,Permanent,2024-09-01,Project Zenith,Non-Billable,134.9
EMP00082,Analyst,Permanent,2024-09-01,Project Nimbus,Non-Billable,170.0
EMP00195,Junior,Permanent,2024-09-01,Project Titan,Annual Leave,28.0
EMP00130,Junior,Permanent,2024-09-01,Project Nova,Non-Billable,117.4
EMP00038,Analyst,Permanent,2024-09-01,Project Vega,Billable,44.4
EMP00340,Analyst,Fixed-term,2024-09-01,Project Nova,Non-Billable,116.5
EMP00139,Intern,Permanent,2024-09-01,Project Titan,Non-Billable,154.6
EMP00288,Junior,Permanent,2024-09-01,Project Zenith,Non-Billable,129.9
EMP00204,Junior,Permanent,2024-09-01,Project Zenith,Billable,101.4
EMP00028,Analyst,Permanent,2024-09-01,Project Vega,Annual Leave,10.0
EMP00300,Analyst,Fixed-term,2024-09-01,Project Nimbus,Billable,73.7
EMP00047,Senior Analyst,Part-time,2024-09-01,Project Zenith,Non-Billable,74.3
EMP00128,Manager,Fixed-term,2024-09-01,Project Vega,Billable,91.6
EMP00108,Junior,Permanent,2024-09-01,Project Titan,Non-Billable,94.1
EMP00139,Intern,Permanent,2024-09-01,Project Titan,Annual Leave,10.8
EMP00006,Analyst,Contractor,2024-09-01,Project Zenith,Non-Billable,74.0
EMP00238,Intern,Permanent,2024-09-01,Project Nova,Billable,79.1
EMP00096,Senior Analyst,Contractor,2024-09-01,Project Zenith,Billable,63.8
EMP00035,Manager,Permanent,2024-09-01,Project Aurora,Non-Billable,108.1
EMP00140,Intern,Permanent,2024-09-01,Project Aurora,Non-Billable,86.0
EMP00052,Analyst,Freelancer,2024-09-01,Project Falcon,Billable,64.4
EMP00317,Manager,Fixed-term,2024-09-01,Project Horizon,Non-Billable,122.3
EMP00075,Analyst,Permanent,2024-09-01,Project Atlas,Non-Billable,173.4
EMP00167,Junior,Permanent,2024-09-01,Project Nimbus,Non-Billable,166.3
EMP00256,Manager,Part-time,2024-09-01,Project Atlas,Non-Billable,80.6
EMP00250,Senior Manager,Fixed-term,2024-09-01,Project Zenith,Billable,61.8
EMP00136,Senior Analyst,Fixed-term,2024-09-01,Project Orion,Non-Billable,156.7
EMP00103,Director,Fixed-term,2024-09-01,Project Nova,Non-Billable,47.4
EMP00058,Manager,Freelancer,2024-09-01,Project Zenith,Non-Billable,72.1
EMP00289,Junior,Fixed-term,2024-09-01,Project Nova,Non-Billable,164.1
EMP00113,Analyst,Permanent,2024-09-01,Project Atlas,Non-Billable,167.5
EMP00291,Analyst,Fixed-term,2024-09-01,Project Horizon,Non-Billable,95.0
EMP00138,Senior Analyst,Part-time,2024-09-01,Project Vega,Non-Billable,47.8
EMP00016,Junior,Permanent,2024-09-01,Project Horizon,Non-Billable,97.9
EMP00036,Senior Manager,Permanent,2024-09-01,Project Nimbus,Non-Billable,73.5
EMP00213,Senior Analyst,Permanent,2024-09-01,Project Horizon,Billable,51.6
EMP00174,Intern,Permanent,2024-09-01,Project Aurora,Non-Billable,70.1
EMP00324,Junior,Permanent,2024-09-01,Project Falcon,Billable,55.0
EMP00044,Director,Permanent,2024-09-01,Project Orion,Billable,79.2
EMP00110,Junior,Part-time,2024-09-01,Project Horizon,Non-Billable,59.6
EMP00263,Analyst,Part-time,2024-09-01,Project Zenith,Annual Leave,12.4
EMP00261,Analyst,Part-time,2024-09-01,Project Titan,Non-Billable,71.0
EMP00187,Analyst,Permanent,2024-09-01,Project Orion,Non-Billable,81.0
EMP00174,Intern,Permanent,2024-09-01,Project Aurora,Billable,76.6
EMP00200,Senior Manager,Fixed-term,2024-09-01,Project Vega,Non-Billable,102.8
EMP00256,Manager,Part-time,2024-09-01,Project Atlas,Annual Leave,15.9
EMP00063,Junior,Permanent,2024-09-01,Project Falcon,Billable,55.1
EMP00105,Junior,Permanent,2024-09-01,Project Aurora,Non-Billable,133.0
EMP00251,Director,Fixed-term,2024-09-01,Project Falcon,Non-Billable,71.9
EMP00045,Analyst,Fixed-term,2024-09-01,Project Atlas,Billable,73.5
EMP00130,Junior,Permanent,2024-09-01,Project Nova,Billable,55.3
EMP00159,Junior,Permanent,2024-09-01,Project Vega,Non-Billable,119.6
EMP00110,Junior,Part-time,2024-09-01,Project Horizon,Billable,37.6
EMP00184,Junior,Permanent,2024-09-01,Project Falcon,Billable,54.6
EMP00150,Senior Manager,Fixed-term,2024-09-01,Project Atlas,Billable,55.6
EMP00059,Manager,Fixed-term,2024-09-01,Project Titan,Billable,50.2
EMP00146,Analyst,Permanent,2024-09-01,Project Aurora,Non-Billable,49.8
EMP00211,Manager,Fixed-term,2024-09-01,Project Orion,Non-Billable,91.3
EMP00098,Intern,Fixed-term,2024-09-01,Project Atlas,Non-Billable,40.0
EMP00252,Intern,Part-time,2024-09-01,Project Titan,Annual Leave,28.1
EMP00059,Manager,Fixed-term,2024-09-01,Project Titan,Non-Billable,125.3
EMP00268,Senior Analyst,Permanent,2024-09-01,Project Horizon,Annual Leave,8.2
EMP00027,Senior Analyst,Permanent,2024-09-01,Project Titan,Billable,65.2
EMP00235,Analyst,Fixed-term,2024-09-01,Project Falcon,Non-Billable,121.4
EMP00137,Analyst,Permanent,2024-09-01,Project Atlas,Billable,54.3
EMP00061,Analyst,Permanent,2024-09-01,Project Horizon,Billable,89.5
EMP00177,Analyst,Contractor,2024-09-01,Project Falcon,Billable,65.1
EMP00081,Manager,Fixed-term,2024-09-01,Project Aurora,Non-Billable,80.8
EMP00245,Senior Analyst,Fixed-term,2024-09-01,Project Falcon,Non-Billable,24.6
EMP00218,Analyst,Fixed-term,2024-09-01,Project Nimbus,Billable,73.0
EMP00322,Senior Analyst,Part-time,2024-09-01,Project Vega,Annual Leave,19.3
EMP00148,Junior,Permanent,2024-09-01,Project Nova,Non-Billable,87.2
EMP00264,Junior,Part-time,2024-09-01,Project Orion,Non-Billable,39.7
EMP00131,Junior,Contractor,2024-09-01,Project Orion,Non-Billable,72.0
EMP00104,Junior,Permanent,2024-09-01,Project Falcon,Non-Billable,95.9
EMP00019,Senior Analyst,Permanent,2024-09-01,Project Zenith,Billable,94.2
EMP00339,Manager,Contractor,2024-09-01,Project Nova,Non-Billable,150.1
EMP00264,Junior,Part-time,2024-09-01,Project Orion,Billable,24.4
EMP00302,Junior,Fixed-term,2024-09-01,Project Zenith,Non-Billable,159.6
EMP00195,Junior,Permanent,2024-09-01,Project Titan,Billable,37.5
EMP00196,Analyst,Part-time,2024-09-01,Project Orion,Non-Billable,47.3
EMP00171,Analyst,Permanent,2024-09-01,Project Zenith,Non-Billable,89.3
EMP00247,Junior,Fixed-term,2024-09-01,Project Titan,Annual Leave,35.6
EMP00080,Analyst,Part-time,2024-09-01,Project Nova,Non-Billable,18.2
EMP00040,Senior Analyst,Permanent,2024-09-01,Project Zenith,Billable,54.8
EMP00297,Junior,Permanent,2024-09-01,Project Vega,Annual Leave,9.0
EMP00074,Junior,Permanent,2024-09-01,Project Horizon,Annual Leave,26.7
EMP00204,Junior,Permanent,2024-09-01,Project Zenith,Non-Billable,81.9
EMP00005,Intern,Permanent,2024-10-01,Project Zenith,Non-Billable,122.4
EMP00338,Intern,Contractor,2024-10-01,Project Nova,Annual Leave,20.5
EMP00128,Manager,Fixed-term,2024-10-01,Project Vega,Annual Leave,35.2
EMP00322,Senior Analyst,Part-time,2024-10-01,Project Vega,Non-Billable,53.6
EMP00300,Analyst,Fixed-term,2024-10-01,Project Nimbus,Billable,70.3
EMP00052,Analyst,Freelancer,2024-10-01,Project Falcon,Billable,70.3
EMP00245,Senior Analyst,Fixed-term,2024-10-01,Project Falcon,Annual Leave,37.4
EMP00102,Analyst,Contractor,2024-10-01,Project Vega,Non-Billable,106.3
EMP00019,Senior Analyst,Permanent,2024-10-01,Project Zenith,Annual Leave,25.4
EMP00081,Manager,Fixed-term,2024-10-01,Project Aurora,Non-Billable,78.3
EMP00136,Senior Analyst,Fixed-term,2024-10-01,Project Orion,Annual Leave,10.5
EMP00196,Analyst,Part-time,2024-10-01,Project Orion,Billable,44.7
EMP00310,Senior Analyst,Fixed-term,2024-10-01,Project Atlas,Non-Billable,138.4
EMP00251,Director,Fixed-term,2024-10-01,Project Falcon,Billable,91.0
EMP00137,Analyst,Permanent,2024-10-01,Project Atlas,Billable,45.9
EMP00138,Senior Analyst,Part-time,2024-10-01,Project Vega,Billable,46.1
EMP00266,Manager,Fixed-term,2024-10-01,Project Orion,Billable,40.4
EMP00022,Analyst,Permanent,2024-10-01,Project Orion,Non-Billable,119.3
EMP00275,Junior,Part-time,2024-10-01,Project Atlas,Billable,45.9
EMP00224,Senior Manager,Fixed-term,2024-10-01,Project Falcon,Non-Billable,179.5
EMP00340,Analyst,Fixed-term,2024-10-01,Project Nova,Billable,42.9
EMP00087,Analyst,Contractor,2024-10-01,Project Atlas,Non-Billable,46.6
EMP00093,Analyst,Fixed-term,2024-10-01,Project Orion,Non-Billable,76.6
EMP00019,Senior Analyst,Permanent,2024-10-01,Project Zenith,Billable,62.4
EMP00058,Manager,Freelancer,2024-10-01,Project Zenith,Billable,62.0
EMP00261,Analyst,Part-time,2024-10-01,Project Titan,Billable,26.4
EMP00174,Intern,Permanent,2024-10-01,Project Aurora,Non-Billable,81.0
EMP00291,Analyst,Fixed-term,2024-10-01,Project Horizon,Annual Leave,22.0
EMP00153,Analyst,Part-time,2024-10-01,Project Zenith,Non-Billable,73.8
EMP00140,Intern,Permanent,2024-10-01,Project Aurora,Billable,85.9
EMP00125,Senior Analyst,Fixed-term,2024-10-01,Project Titan,Billable,47.7
EMP00223,Senior Manager,Permanent,2024-10-01,Project Titan,Non-Billable,41.5
EMP00316,Analyst,Permanent,2024-10-01,Project Titan,Annual Leave,22.8
EMP00226,Senior Analyst,Part-time,2024-10-01,Project Vega,Billable,21.5
EMP00293,Manager,Fixed-term,2024-10-01,Project Aurora,Billable,90.6
EMP00185,Junior,Part-time,2024-10-01,Project Horizon,Billable,45.4
EMP00050,Manager,Freelancer,2024-10-01,Project Vega,Non-Billable,118.2
EMP00003,Intern,Freelancer,2024-10-01,Project Zenith,Non-Billable,74.9
EMP00235,Analyst,Fixed-term,2024-10-01,Project Falcon,Billable,45.7
EMP00217,Analyst,Permanent,2024-10-01,Project Falcon,Annual Leave,21.0
EMP00254,Manager,Freelancer,2024-10-01,Project Orion,Non-Billable,89.0
EMP00307,Analyst,Part-time,2024-10-01,Project Horizon,Non-Billable,68.2
EMP00103,Director,Fixed-term,2024-10-01,Project Nova,Non-Billable,52.6
EMP00058,Manager,Freelancer,2024-10-01,Project Zenith,Non-Billable,73.5
EMP00090,Director,Permanent,2024-10-01,Project Nova,Billable,58.9
EMP00137,Analyst,Permanent,2024-10-01,Project Atlas,Non-Billable,117.3
EMP00063,Junior,Permanent,2024-10-01,Project Falcon,Billable,75.6
EMP00024,Intern,Freelancer,2024-10-01,Project Zenith,Billable,73.9
EMP00093,Analyst,Fixed-term,2024-10-01,Project Orion,Billable,51.6
EMP00090,Director,Permanent,2024-10-01,Project Nova,Non-Billable,106.9
EMP00109,Manager,Permanent,2024-10-01,Project Nimbus,Billable,67.1
EMP00202,Junior,Permanent,2024-10-01,Project Atlas,Non-Billable,90.0
EMP00225,Senior Analyst,Permanent,2024-10-01,Project Vega,Billable,77.5
EMP00155,Junior,Permanent,2024-10-01,Project Vega,Billable,72.8
EMP00038,Analyst,Permanent,2024-10-01,Project Vega,Non-Billable,121.3
EMP00330,Senior Analyst,Part-time,2024-10-01,Project Nimbus,Billable,26.6
EMP00231,Intern,Fixed-term,2024-10-01,Project Atlas,Non-Billable,123.1
EMP00266,Manager,Fixed-term,2024-10-01,Project Orion,Annual Leave,22.7
EMP00080,Analyst,Part-time,2024-10-01,Project Nova,Non-Billable,34.3
EMP00050,Manager,Freelancer,2024-10-01,Project Vega,Annual Leave,8.8
EMP00045,Analyst,Fixed-term,2024-10-01,Project Atlas,Billable,72.2
EMP00074,Junior,Permanent,2024-10-01,Project Horizon,Non-Billable,85.6
EMP00066,Senior Analyst,Permanent,2024-10-01,Project Falcon,Billable,50.5
EMP00111,Senior Analyst,Fixed-term,2024-10-01,Project Nova,Non-Billable,146.3
EMP00064,Senior Analyst,Permanent,2024-10-01,Project Nimbus,Billable,144.6
EMP00309,Manager,Permanent,2024-10-01,Project Nova,Annual Leave,27.8
EMP00195,Junior,Permanent,2024-10-01,Project Titan,Non-Billable,136.4
EMP00226,Senior Analyst,Part-time,2024-10-01,Project Vega,Non-Billable,46.9
EMP00025,Senior Analyst,Contractor,2024-10-01,Project Titan,Non-Billable,62.6
EMP00108,Junior,Permanent,2024-10-01,Project Titan,Non-Billable,99.6
EMP00109,Manager,Permanent,2024-10-01,Project Nimbus,Non-Billable,114.3
EMP00211,Manager,Fixed-term,2024-10-01,Project Orion,Non-Billable,103.9
EMP00190,Junior,Freelancer,2024-10-01,Project Horizon,Non-Billable,70.0
EMP00084,Senior Manager,Contractor,2024-10-01,Project Falcon,Non-Billable,113.6
EMP00325,Director,Fixed-term,2024-10-01,Project Falcon,Annual Leave,25.2
EMP00044,Director,Permanent,2024-10-01,Project Orion,Billable,66.7
EMP00143,Analyst,Permanent,2024-10-01,Project Orion,Billable,42.6
EMP00028,Analyst,Permanent,2024-10-01,Project Vega,Non-Billable,162.9
EMP00034,Senior Manager,Permanent,2024-10-01,Project Atlas,Non-Billable,180.4
EMP00176,Senior Manager,Freelancer,2024-10-01,Project Nova,Billable,37.1
EMP00324,Junior,Permanent,2024-10-01,Project Falcon,Non-Billable,135.2
EMP00116,Manager,Fixed-term,2024-10-01,,Maternity Leave,13.9
EMP00291,Analyst,Fixed-term,2024-10-01,Project Horizon,Non-Billable,90.6
EMP00223,Senior Manager,Permanent,2024-10-01,Project Titan,Billable,125.7
EMP00027,Senior Analyst,Permanent,2024-10-01,Project Titan,Annual Leave,10.1
EMP00072,Senior Analyst,Permanent,2024-10-01,Project Titan,Non-Billable,157.5
EMP00282,Analyst,Fixed-term,2024-10-01,Project Aurora,Billable,64.2
EMP00196,Analyst,Part-time,2024-10-01,Project Orion,Annual Leave,14.5
EMP00022,Analyst,Permanent,2024-10-01,Project Orion,Billable,51.9
EMP00287,Senior Analyst,Contractor,2024-10-01,Project Aurora,Billable,66.0
EMP00221,Intern,Contractor,2024-10-01,Project Titan,Non-Billable,146.9
EMP00078,Analyst,Contractor,2024-10-01,Project Aurora,Non-Billable,91.9
EMP00104,Junior,Permanent,2024-10-01,Project Falcon,Billable,67.8
EMP00076,Intern,Permanent,2024-10-01,Project Titan,Non-Billable,92.5
EMP00078,Analyst,Contractor,2024-10-01,Project Aurora,Billable,71.0
EMP00314,Senior Analyst,Permanent,2024-10-01,Project Atlas,Billable,46.9
EMP00045,Analyst,Fixed-term,2024-10-01,Project Atlas,Non-Billable,71.6
EMP00014,Senior Manager,Contractor,2024-10-01,Project Horizon,Annual Leave,20.4
EMP00029,Manager,Permanent,2024-10-01,Project Nimbus,Billable,54.4
EMP00105,Junior,Permanent,2024-10-01,Project Aurora,Non-Billable,118.1
EMP00208,Analyst,Permanent,2024-10-01,Project Nimbus,Billable,48.4
EMP00043,Intern,Contractor,2024-10-01,Project Falcon,Billable,67.2
EMP00081,Manager,Fixed-term,2024-10-01,Project Aurora,Billable,101.8
EMP00191,Intern,Freelancer,2024-10-01,Project Orion,Non-Billable,82.6
EMP00153,Analyst,Part-time,2024-10-01,Project Zenith,Billable,25.9
EMP00045,Analyst,Fixed-term,2024-10-01,Project Atlas,Annual Leave,29.1
EMP00317,Manager,Fixed-term,2024-10-01,Project Horizon,Billable,48.4
EMP00116,Manager,Fixed-term,2024-10-01,Project Zenith,Non-Billable,82.4
EMP00185,Junior,Part-time,2024-10-01,Project Horizon,Non-Billable,51.9
EMP00204,Junior,Permanent,2024-10-01,Project Zenith,Non-Billable,64.1
EMP00301,Analyst,Freelancer,2024-10-01,Project Vega,Non-Billable,67.8
EMP00042,Junior,Permanent,2024-10-01,Project Zenith,Billable,120.7
EMP00239,Analyst,Freelancer,2024-10-01,Project Vega,Non-Billable,22.7
EMP00011,Executive,Permanent,2024-10-01,Project Falcon,Billable,69.2
EMP00113,Analyst,Permanent,2024-10-01,Project Atlas,Non-Billable,130.4
EMP00012,Analyst,Fixed-term,2024-10-01,Project Nimbus,Non-Billable,117.9
EMP00174,Intern,Permanent,2024-10-01,Project Aurora,Billable,78.9
EMP00042,Junior,Permanent,2024-10-01,Project Zenith,Non-Billable,43.0
EMP00272,Senior Analyst,Contractor,2024-10-01,Project Zenith,Billable,60.4
EMP00189,Senior Analyst,Part-time,2024-10-01,Project Nimbus,Non-Billable,54.1
EMP00332,Senior Analyst,Permanent,2024-10-01,Project Falcon,Non-Billable,103.8
EMP00263,Analyst,Part-time,2024-10-01,Project Zenith,Billable,40.6
EMP00074,Junior,Permanent,2024-10-01,Project Horizon,Billable,76.9
EMP00102,Analyst,Contractor,2024-10-01,Project Vega,Billable,44.4
EMP00139,Intern,Permanent,2024-10-01,Project Titan,Non-Billable,129.0
EMP00131,Junior,Contractor,2024-10-01,Project Orion,Billable,72.9
EMP00142,Analyst,Permanent,2024-10-01,Project Falcon,Non-Billable,66.7
EMP00126,Senior Manager,Part-time,2024-10-01,Project Vega,Annual Leave,32.0
EMP00285,Analyst,Fixed-term,2024-10-01,Project Aurora,Non-Billable,172.4
EMP00132,Junior,Fixed-term,2024-10-01,Project Nimbus,Non-Billable,178.4
EMP00032,Manager,Contractor,2024-10-01,Project Atlas,Non-Billable,146.7
EMP00213,Senior Analyst,Permanent,2024-10-01,Project Horizon,Billable,66.8
EMP00309,Manager,Permanent,2024-10-01,Project Nova,Non-Billable,146.9
EMP00094,Senior Analyst,Contractor,2024-10-01,Project Vega,Billable,56.1
EMP00006,Analyst,Contractor,2024-10-01,Project Zenith,Annual Leave,11.1
EMP00286,Analyst,Fixed-term,2024-10-01,Project Nimbus,Non-Billable,82.3
EMP00226,Senior Analyst,Part-time,2024-10-01,Project Vega,Annual Leave,26.4
EMP00076,Intern,Permanent,2024-10-01,Project Titan,Billable,69.2
EMP00096,Senior Analyst,Contractor,2024-10-01,Project Zenith,Billable,58.5
EMP00103,Director,Fixed-term,2024-10-01,Project Nova,Billable,122.8
EMP00044,Director,Permanent,2024-10-01,Project Orion,Non-Billable,90.7
EMP00037,Analyst,Fixed-term,2024-10-01,Project Orion,Annual Leave,25.8
EMP00162,Manager,Freelancer,2024-10-01,Project Orion,Non-Billable,124.5
EMP00131,Junior,Contractor,2024-10-01,Project Orion,Non-Billable,73.6
EMP00025,Senior Analyst,Contractor,2024-10-01,Project Titan,Billable,70.3
EMP00037,Analyst,Fixed-term,2024-10-01,Project Orion,Non-Billable,100.0
EMP00003,Intern,Freelancer,2024-10-01,Project Zenith,Billable,48.3
EMP00055,Senior Manager,Fixed-term,2024-10-01,Project Atlas,Non-Billable,104.5
EMP00287,Senior Analyst,Contractor,2024-10-01,Project Aurora,Non-Billable,99.1
EMP00006,Analyst,Contractor,2024-10-01,Project Zenith,Billable,69.0
EMP00040,Senior Analyst,Permanent,2024-10-01,Project Zenith,Billable,55.5
EMP00325,Director,Fixed-term,2024-10-01,Project Falcon,Non-Billable,127.2
EMP00281,Analyst,Permanent,2024-10-01,Project Falcon,Billable,47.7
EMP00130,Junior,Permanent,2024-10-01,Project Nova,Non-Billable,136.9
EMP00177,Analyst,Contractor,2024-10-01,Project Falcon,Billable,74.4
EMP00194,Analyst,Freelancer,2024-10-01,Project Vega,Non-Billable,73.2
EMP00331,Senior Analyst,Permanent,2024-10-01,Project Aurora,Billable,49.9
EMP00269,Intern,Fixed-term,2024-10-01,Project Nimbus,Non-Billable,102.3
EMP00293,Manager,Fixed-term,2024-10-01,Project Aurora,Non-Billable,94.5
EMP00160,Junior,Contractor,2024-10-01,Project Atlas,Billable,113.7
EMP00304,Senior Manager,Permanent,2024-10-01,Project Horizon,Billable,69.3
EMP00229,Intern,Contractor,2024-10-01,Project Aurora,Non-Billable,151.2
EMP00211,Manager,Fixed-term,2024-10-01,Project Orion,Billable,77.2
EMP00231,Intern,Fixed-term,2024-10-01,Project Atlas,Billable,44.5
EMP00256,Manager,Part-time,2024-10-01,Project Atlas,Non-Billable,99.0
EMP00280,Manager,Permanent,2024-10-01,Project Orion,Non-Billable,165.0
EMP00086,Senior Analyst,Part-time,2024-10-01,Project Falcon,Non-Billable,74.0
EMP00335,Senior Analyst,Permanent,2024-10-01,Project Falcon,Non-Billable,97.4
EMP00110,Junior,Part-time,2024-10-01,Project Horizon,Non-Billable,58.1
EMP00126,Senior Manager,Part-time,2024-10-01,Project Vega,Billable,33.9
EMP00096,Senior Analyst,Contractor,2024-10-01,Project Zenith,Annual Leave,34.1
EMP00184,Junior,Permanent,2024-10-01,Project Falcon,Non-Billable,93.9
EMP00184,Junior,Permanent,2024-10-01,Project Falcon,Billable,67.8
EMP00297,Junior,Permanent,2024-10-01,Project Vega,Billable,65.7
EMP00244,Senior Analyst,Permanent,2024-10-01,Project Nimbus,Non-Billable,45.3
EMP00335,Senior Analyst,Permanent,2024-10-01,Project Falcon,Billable,78.5
EMP00282,Analyst,Fixed-term,2024-10-01,Project Aurora,Non-Billable,101.7
EMP00143,Analyst,Permanent,2024-10-01,Project Orion,Non-Billable,118.1
EMP00300,Analyst,Fixed-term,2024-10-01,Project Nimbus,Non-Billable,95.7
EMP00047,Senior Analyst,Part-time,2024-10-01,Project Zenith,Billable,26.5
EMP00308,Senior Analyst,Part-time,2024-10-01,Project Orion,Billable,28.3
EMP00098,Intern,Fixed-term,2024-10-01,Project Atlas,Billable,145.0
EMP00320,Junior,Part-time,2024-10-01,Project Aurora,Non-Billable,59.1
EMP00222,Senior Analyst,Permanent,2024-10-01,Project Vega,Non-Billable,164.3
EMP00059,Manager,Fixed-term,2024-10-01,Project Titan,Non-Billable,131.4
EMP00017,Analyst,Permanent,2024-10-01,Project Atlas,Non-Billable,174.6
EMP00176,Senior Manager,Freelancer,2024-10-01,Project Nova,Non-Billable,96.6
EMP00321,Manager,Part-time,2024-10-01,Project Zenith,Billable,26.1
EMP00302,Junior,Fixed-term,2024-10-01,Project Zenith,Non-Billable,180.1
EMP00171,Analyst,Permanent,2024-10-01,Project Zenith,Billable,59.1
EMP00329,Analyst,Permanent,2024-10-01,Project Falcon,Billable,56.4
EMP00262,Analyst,Permanent,2024-10-01,Project Vega,Non-Billable,161.8
EMP00200,Senior Manager,Fixed-term,2024-10-01,Project Vega,Non-Billable,104.6
EMP00187,Analyst,Permanent,2024-10-01,Project Orion,Non-Billable,78.3
EMP00094,Senior Analyst,Contractor,2024-10-01,Project Vega,Non-Billable,86.8
EMP00213,Senior Analyst,Permanent,2024-10-01,Project Horizon,Non-Billable,102.0
EMP00167,Junior,Permanent,2024-10-01,Project Nimbus,Non-Billable,160.7
EMP00146,Analyst,Permanent,2024-10-01,Project Aurora,Billable,132.9
EMP00336,Manager,Freelancer,2024-10-01,Project Titan,Billable,38.8
EMP00188,Analyst,Fixed-term,2024-10-01,Project Orion,Non-Billable,91.0
EMP00100,Junior,Freelancer,2024-10-01,Project Titan,Non-Billable,139.1
EMP00196,Analyst,Part-time,2024-10-01,Project Orion,Non-Billable,42.1
EMP00191,Intern,Freelancer,2024-10-01,Project Orion,Billable,51.4
EMP00104,Junior,Permanent,2024-10-01,Project Falcon,Non-Billable,104.0
EMP00289,Junior,Fixed-term,2024-10-01,Project Nova,Non-Billable,177.9
EMP00299,Senior Analyst,Fixed-term,2024-10-01,Project Nova,Billable,55.3
EMP00329,Analyst,Permanent,2024-10-01,Project Falcon,Non-Billable,113.3
EMP00268,Senior Analyst,Permanent,2024-10-01,Project Horizon,Billable,41.1
EMP00301,Analyst,Freelancer,2024-10-01,Project Vega,Billable,75.8
EMP00225,Senior Analyst,Permanent,2024-10-01,Project Vega,Non-Billable,92.1
EMP00169,Analyst,Fixed-term,2024-10-01,Project Falcon,Non-Billable,99.7
EMP00210,Director,Fixed-term,2024-10-01,Project Nova,Non-Billable,55.0
EMP00326,Manager,Permanent,2024-10-01,Project Falcon,Billable,64.7
EMP00212,Junior,Fixed-term,2024-10-01,Project Vega,Billable,57.6
EMP00148,Junior,Permanent,2024-10-01,Project Nova,Non-Billable,101.4
EMP00018,Manager,Fixed-term,2024-10-01,Project Horizon,Non-Billable,92.4
EMP00186,Junior,Part-time,2024-10-01,Project Orion,Non-Billable,94.5
EMP00136,Senior Analyst,Fixed-term,2024-10-01,Project Orion,Non-Billable,179.5
EMP00056,Analyst,Permanent,2024-10-01,Project Aurora,Non-Billable,109.9
EMP00250,Senior Manager,Fixed-term,2024-10-01,Project Zenith,Annual Leave,19.0
EMP00244,Senior Analyst,Permanent,2024-10-01,Project Nimbus,Annual Leave,13.1
EMP00029,Manager,Permanent,2024-10-01,Project Nimbus,Non-Billable,121.2
EMP00305,Junior,Permanent,2024-10-01,Project Nova,Non-Billable,168.6
EMP00095,Junior,Fixed-term,2024-10-01,Project Vega,Non-Billable,97.5
EMP00027,Senior Analyst,Permanent,2024-10-01,Project Titan,Non-Billable,95.4
EMP00047,Senior Analyst,Part-time,2024-10-01, Project Zenith,Non-Billable,61.1
EMP00038,Analyst,Permanent,2024-10-01,Project Vega,Billable,41.8
EMP00202,Junior,Permanent,2024-10-01,,Maternity Leave,11.1
EMP00021,Senior Analyst,Fixed-term,2024-10-01,Project Horizon,Billable,115.7
EMP00267,Intern,Freelancer,2024-10-01, Project Atlas,Non-Billable,55.0
EMP00086,Senior Analyst,Part-time,2024-10-01,Project Falcon,Billable,30.4
EMP00128,Manager,Fixed-term,2024-10-01,Project Vega,Non-Billable,83.9
EMP00261,Analyst,Part-time,2024-10-01,Project Titan,Non-Billable,67.3
EMP00205,Manager,Permanent,2024-10-01,Project Atlas,Annual Leave,23.1
EMP00188,Analyst,Fixed-term,2024-10-01,Project Orion,Billable,76.9
EMP00177,Analyst,Contractor,2024-10-01,Project Falcon,Non-Billable,72.0
EMP00304,Senior Manager,Permanent,2024-10-01,Project Horizon,Non-Billable,108.0
EMP00275,Junior,Part-time,2024-10-01,Project Atlas,Non-Billable,54.5
EMP00179,Analyst,Part-time,2024-10-01,Project Nimbus,Billable,33.8
EMP00099,Analyst,Permanent,2024-10-01,Project Titan,Billable,42.8
EMP00246,Manager,Part-time,2024-10-01,Project Zenith,Non-Billable,23.0
EMP00012,Analyst,Fixed-term,2024-10-01,Project Nimbus,Billable,43.4
EMP00082,Analyst,Permanent,2024-10-01,Project Nimbus,Annual Leave,38.6
EMP00070,Junior,Permanent,2024-10-01,Project Nimbus,Non-Billable,105.1
EMP00125,Senior Analyst,Fixed-term,2024-10-01,Project Titan,Non-Billable,115.7
EMP00133,Analyst,Freelancer,2024-10-01,Project Zenith,Annual Leave,14.7
EMP00056,Analyst,Permanent,2024-10-01,Project Aurora,Billable,53.6
EMP00055,Senior Manager,Fixed-term,2024-10-01,Project Atlas,Billable,68.2
EMP00052,Analyst,Freelancer,2024-10-01,Project Falcon,Non-Billable,61.6
EMP00215,Junior,Contractor,2024-10-01,Project Zenith,Annual Leave,25.0
EMP00133,Analyst,Freelancer,2024-10-01,Project Zenith,Non-Billable,87.0
EMP00138,Senior Analyst,Part-time,2024-10-01,Project Vega,Non-Billable,50.0
EMP00116,Manager,Fixed-term,2024-10-01,Project Zenith,Billable,76.7
EMP00057,Intern,Part-time,2024-10-01,Project Nova,Non-Billable,93.3
EMP00148,Junior,Permanent,2024-10-01,Project Nova,Billable,65.2
EMP00041,Intern,Permanent,2024-10-01,Project Vega,Non-Billable,165.2
EMP00233,Junior,Permanent,2024-10-01,Project Orion,Non-Billable,124.7
EMP00235,Analyst,Fixed-term,2024-10-01,,Non-Billable,112.4
EMP00215,Junior,Contractor,2024-10-01,Project Zenith,Billable,58.4
EMP00101,Manager,Permanent,2024-10-01,Project Zenith,Non-Billable,165.8
EMP00317,Manager,Fixed-term,2024-10-01,Project Horizon,Non-Billable,117.5
EMP00119,Senior Analyst,Part-time,2024-10-01,Project Horizon,Billable,28.1
EMP00024,Intern,Freelancer,2024-10-01,Project Zenith,Non-Billable,61.1
EMP00020,Senior Manager,Permanent,2024-10-01,Project Horizon,Non-Billable,91.3
EMP00267,Intern,Freelancer,2024-10-01,Project Atlas,Billable,40.8
EMP00140,Intern,Permanent,2024-10-01,Project Aurora,Annual Leave,11.3
EMP00011,Executive,Permanent,2024-10-01,Project Falcon,Non-Billable,104.6
EMP00163,Senior Analyst,Part-time,2024-10-01,Project Aurora,Annual Leave,11.5
EMP00269,Intern,Fixed-term,2024-10-01,Project Nimbus,Billable,74.2
EMP00247,Junior,Fixed-term,2024-10-01,Project Titan,Annual Leave,21.1
EMP00258,Senior Manager,Permanent,2024-10-01,Project Vega,Billable,55.9
EMP00318,Junior,Contractor,2024-10-01,Project Nimbus,Non-Billable,159.9
EMP00180,Analyst,Fixed-term,2024-10-01,Project Orion,Non-Billable,81.6
EMP00321,Manager,Part-time,2024-10-01,Project Zenith,Annual Leave,21.8
EMP00195,Junior,Permanent,2024-10-01,Project Titan,Billable,53.6
EMP00218,Analyst,Fixed-term,2024-10-01,Project Nimbus,Billable,64.3
EMP00059,Manager,Fixed-term,2024-10-01,Project Titan,Billable,50.1
EMP00324,Junior,Permanent,2024-10-01,Project Falcon,Billable,45.1
EMP00145,Junior,Permanent,2024-10-01,Project Atlas,Non-Billable,165.1
EMP00264,Junior,Part-time,2024-10-01,Project Orion,Billable,35.7
EMP00314,Senior Analyst,Permanent,2024-10-01,Project Atlas,Annual Leave,14.7
EMP00336,Manager,Freelancer,2024-10-01,Project Titan,Non-Billable,98.6
EMP00201,Analyst,Permanent,2024-10-01,Project Falcon,Non-Billable,110.7
EMP00014,Senior Manager,Contractor,2024-10-01,Project Horizon,Non-Billable,68.7
EMP00312,Analyst,Fixed-term,2024-10-01,Project Atlas,Billable,115.5
EMP00164,Junior,Contractor,2024-10-01,Project Nova,Non-Billable,148.2
EMP00205,Manager,Permanent,2024-10-01,Project Atlas,Non-Billable,141.5
EMP00067,Manager,Part-time,2024-10-01,Project Vega,Non-Billable,93.5
EMP00007,Junior,Permanent,2024-10-01,Project Vega,Non-Billable,161.1
EMP00178,Intern,Permanent,2024-10-01,Project Nova,Non-Billable,160.5
EMP00150,Senior Manager,Fixed-term,2024-10-01,Project Atlas,Non-Billable,99.7
EMP00149,Senior Analyst,Permanent,2024-10-01,Project Falcon,Non-Billable,159.3
EMP00268,Senior Analyst,Permanent,2024-10-01,Project Horizon,Non-Billable,129.6
EMP00201,Analyst,Permanent,2024-10-01,Project Falcon,Billable,44.7
EMP00159,Junior,Permanent,2024-10-01,Project Vega,Billable,54.6
EMP00037,Analyst,Fixed-term,2024-10-01,Project Orion,Annual Leave,25.8
EMP00264,Junior,Part-time,2024-10-01,Project Orion,Non-Billable,65.4
EMP00091,Senior Analyst,Permanent,2024-10-01,Project Nova,Billable,45.9
EMP00110,Junior,Part-time,2024-10-01,Project Horizon,Billable,37.9
EMP00025,Senior Analyst,Contractor,2024-10-01,Project Titan,Annual Leave,8.9
EMP00314,Senior Analyst,Permanent,2024-10-01,Project Atlas,Non-Billable,128.4
EMP00338,Intern,Contractor,2024-10-01,Project Nova,Non-Billable,70.5
EMP00099,Analyst,Permanent,2024-10-01,Project Titan,Annual Leave,17.8
EMP00286,Analyst,Fixed-term,2024-10-01,Project Nimbus,Billable,83.2
EMP00306,Junior,Permanent,2024-10-01,Project Vega,Non-Billable,177.7
EMP00128,Manager,Fixed-term,2024-10-01,Project Vega,Billable,55.6
EMP00319,Analyst,Permanent,2024-10-01,Project Titan,Non-Billable,156.5
EMP00173,Manager,Freelancer,2024-10-01,Project Aurora,Non-Billable,120.9
EMP00244,Senior Analyst,Permanent,2024-10-01,Project Nimbus,Billable,117.9
EMP00037,Analyst,Fixed-term,2024-10-01,Project Orion,Billable,44.7
EMP00240,Senior Analyst,Permanent,2024-10-01,Project Titan,Non-Billable,40.9
EMP00202,Junior,Permanent,2024-10-01,Project Atlas,Billable,68.7
EMP00208,Analyst,Permanent,2024-10-01,Project Nimbus,Non-Billable,94.1
EMP00171,Analyst,Permanent,2024-10-01,Project Zenith,Non-Billable,112.9
EMP00298,Junior,Freelancer,2024-10-01,Project Atlas,Billable,45.3
EMP00061,Analyst,Permanent,2024-10-01,Project Horizon,Non-Billable,78.4
EMP00265,Intern,Permanent,2024-10-01,Project Zenith,Billable,42.5
EMP00035,Manager,Permanent,2024-10-01,Project Aurora,Non-Billable,72.0
EMP00308,Senior Analyst,Part-time,2024-10-01,Project Orion,Non-Billable,77.1
EMP00018,Manager,Fixed-term,2024-10-01,Project Horizon,Billable,79.2
EMP00027,Senior Analyst,Permanent,2024-10-01,Project Titan,Billable,79.1
EMP00200,Senior Manager,Fixed-term,2024-10-01,Project Vega,Billable,70.1
EMP00014,Senior Manager,Contractor,2024-10-01,Project Horizon,Billable,65.8
EMP00267,Intern,Freelancer,2024-10-01,Project Atlas,Annual Leave,33.9
EMP00146,Analyst,Permanent,2024-10-01,Project Aurora,Non-Billable,37.9
EMP00098,Intern,Fixed-term,2024-10-01,Project Atlas,Non-Billable,26.9
EMP00254,Manager,Freelancer,2024-10-01,Project Orion,Billable,35.7
EMP00035,Manager,Permanent,2024-10-01,Project Aurora,Annual Leave,28.2
EMP00099,Analyst,Permanent,2024-10-01,Project Titan,Non-Billable,112.4
EMP00061,Analyst,Permanent,2024-10-01,Project Horizon,Billable,88.1
EMP00327,Intern,Fixed-term,2024-10-01,Project Aurora,Billable,117.9
EMP00273,Junior,Fixed-term,2024-10-01,Project Falcon,Non-Billable,51.3
EMP00049,Senior Manager,Fixed-term,2024-10-01,Project Vega,Billable,106.4
EMP00163,Senior Analyst,Part-time,2024-10-01,Project Aurora,Non-Billable,81.1
EMP00215,Junior,Contractor,2024-10-01,Project Zenith,Non-Billable,63.4
EMP00169,Analyst,Fixed-term,2024-10-01,Project Falcon,Billable,73.0
EMP00105,Junior,Permanent,2024-10-01,Project Aurora,Billable,45.8
EMP00070,Junior,Permanent,2024-10-01,Project Nimbus,Billable,73.8
EMP00240,Senior Analyst,Permanent,2024-10-01,Project Titan,Billable,101.3
EMP00265,Intern,Permanent,2024-10-01,Project Zenith,Non-Billable,131.7
EMP00091,Senior Analyst,Permanent,2024-10-01,Project Nova,Non-Billable,124.2
EMP00106,Intern,Contractor,2024-10-01,Project Nova,Non-Billable,93.9
EMP00311,Analyst,Permanent,2024-10-01,Project Nimbus,Non-Billable,175.2
EMP00189,Senior Analyst,Part-time,2024-10-01,Project Nimbus,Billable,46.8
EMP00288,Junior,Permanent,2024-10-01,Project Zenith,Non-Billable,117.1
EMP00238,Intern,Permanent,2024-10-01,Project Nova,Billable,80.3
EMP00281,Analyst,Permanent,2024-10-01,Project Falcon,Annual Leave,36.9
EMP00013,Analyst,Part-time,2024-10-01,Project Atlas,Billable,48.2
EMP00021,Senior Analyst,Fixed-term,2024-10-01,Project Horizon,Non-Billable,52.5
EMP00204,Junior,Permanent,2024-10-01,Project Zenith,Billable,97.5
EMP00033,Director,Fixed-term,2024-10-01,Project Horizon,Billable,69.5
EMP00284,Analyst,Permanent,2024-10-01,Project Falcon,Billable,129.9
EMP00255,Analyst,Freelancer,2024-10-01,Project Nova,Billable,47.4
EMP00066,Senior Analyst,Permanent,2024-10-01,Project Falcon,Non-Billable,121.8
EMP00214,Senior Analyst,Freelancer,2024-10-01,Project Orion,Non-Billable,92.8
EMP00179,Analyst,Part-time,2024-10-01,Project Nimbus,Annual Leave,31.4
EMP00117,Intern,Fixed-term,2024-10-01,Project Horizon,Non-Billable,114.9
EMP00040,Senior Analyst,Permanent,2024-10-01,Project Zenith,Non-Billable,113.2
EMP00016,Junior,Permanent,2024-10-01,Project Horizon,Billable,80.1
EMP00049,Senior Manager,Fixed-term,2024-10-01,Project Vega,Non-Billable,29.8
EMP00210,Director,Fixed-term,2024-10-01,Project Nova,Billable,126.1
EMP00266,Manager,Fixed-term,2024-10-01,Project Orion,Non-Billable,98.2
EMP00258,Senior Manager,Permanent,2024-10-01,Project Vega,Non-Billable,66.6
EMP00020,Senior Manager,Permanent,2024-10-01,Project Horizon,Billable,72.8
EMP00294,Senior Manager,Permanent,2024-10-01,Project Nova,Billable,107.6
EMP00217,Analyst,Permanent,2024-10-01,Project Falcon,Non-Billable,137.1
EMP00321,Manager,Part-time,2024-10-01,Project Zenith,Non-Billable,51.7
EMP00247,Junior,Fixed-term,2024-10-01,Project Titan,Non-Billable,88.4
EMP00203,Analyst,Contractor,2024-10-01,Project Atlas,Non-Billable,140.7
EMP00194,Analyst,Freelancer,2024-10-01,Project Vega,Billable,52.1
EMP00326,Manager,Permanent,2024-10-01,Project Falcon,Non-Billable,103.8
EMP00294,Senior Manager,Permanent,2024-10-01,Project Nova,Non-Billable,50.4
EMP00030,Manager,Permanent,2024-10-01,Project Aurora,Non-Billable,88.6
EMP00083,Intern,Permanent,2024-10-01,Project Nimbus,Billable,55.0
EMP00117,Intern,Fixed-term,2024-10-01,Project Horizon,Billable,63.3
EMP00337,Senior Manager,Permanent,2024-10-01,Project Falcon,Non-Billable,176.2
EMP00291,Analyst,Fixed-term,2024-10-01,Project Horizon,Billable,57.5
EMP00031,Manager,Contractor,2024-10-01,Project Nimbus,Non-Billable,81.5
EMP00248,Analyst,Contractor,2024-10-01,Project Nova,Non-Billable,79.7
EMP00316,Analyst,Permanent,2024-10-01,Project Titan,Non-Billable,146.0
EMP00284,Analyst,Permanent,2024-10-01,Project Falcon,Non-Billable,42.5
EMP00332,Senior Analyst,Permanent,2024-10-01,Project Falcon,Billable,63.6
EMP00272,Senior Analyst,Contractor,2024-10-01,Project Zenith,Non-Billable,79.4
EMP00084,Senior Manager,Contractor,2024-10-01,Project Falcon,Annual Leave,33.3
EMP00339,Manager,Contractor,2024-10-01,Project Nova,Non-Billable,154.7
EMP00242,Intern,Permanent,2024-10-01,Project Nova,Billable,46.6
EMP00340,Analyst,Fixed-term,2024-10-01,Project Nova,Annual Leave,31.1
EMP00218,Analyst,Fixed-term,2024-10-01,Project Nimbus,Non-Billable,103.6
EMP00119,Senior Analyst,Part-time,2024-10-01,Project Horizon,Non-Billable,68.0
EMP00064,Senior Analyst,Permanent,2024-10-01,Project Nimbus,Non-Billable,37.9
EMP00035,Manager,Permanent,2024-10-01,Project Aurora,Billable,74.7
EMP00126,Senior Manager,Part-time,2024-10-01,Project Vega,Non-Billable,30.6
EMP00246,Manager,Part-time,2024-10-01,Project Zenith,Billable,74.1
EMP00075,Analyst,Permanent,2024-10-01,Project Atlas,Non-Billable,172.7
EMP00023,Junior,Permanent,2024-10-01,Project Aurora,Non-Billable,86.7
EMP00233,Junior,Permanent,2024-10-01,Project Orion,Billable,37.4
EMP00312,Analyst,Fixed-term,2024-10-01,Project Atlas,Annual Leave,13.8
EMP00168,Junior,Permanent,2024-10-01,Project Atlas,Non-Billable,167.2
EMP00206,Senior Analyst,Part-time,2024-10-01,Project Nimbus,Non-Billable,56.5
EMP00160,Junior,Contractor,2024-10-01,Project Atlas,Non-Billable,41.3
EMP00036,Senior Manager,Permanent,2024-10-01,Project Nimbus,Non-Billable,84.0
EMP00212,Junior,Fixed-term,2024-10-01,Project Vega,Annual Leave,22.7
EMP00322,Senior Analyst,Part-time,2024-10-01,Project Vega,Billable,40.8
EMP00288,Junior,Permanent,2024-10-01,Project Zenith,Billable,43.3
EMP00242,Intern,Permanent,2024-10-01,Project Nova,Annual Leave,34.7
EMP00187,Analyst,Permanent,2024-10-01,Project Orion,Billable,103.0
EMP00180,Analyst,Fixed-term,2024-10-01,Project Orion,Billable,86.1
EMP00082,Analyst,Permanent,2024-10-01,Project Nimbus,Non-Billable,124.4
EMP00248,Analyst,Contractor,2024-10-01,Project Nova,Billable,71.5
EMP00299,Senior Analyst,Fixed-term,2024-10-01,Project Nova,Non-Billable,113.5
EMP00340,Analyst,Fixed-term,2024-10-01,Project Nova,Non-Billable,94.8
EMP00151,Analyst,Fixed-term,2024-10-01,Project Vega,Billable,68.6
EMP00251,Director,Fixed-term,2024-10-01,Project Falcon,Non-Billable,77.2
EMP00113,Analyst,Permanent,2024-10-01,Project Atlas,Annual Leave,29.9
EMP00320,Junior,Part-time,2024-10-01,Project Aurora,Billable,38.5
EMP00030,Manager,Permanent,2024-10-01,Project Aurora,Billable,70.7
EMP00005,Intern,Permanent,2024-10-01,Project Zenith,Billable,52.9
EMP00208,Analyst,Permanent,2024-10-01,Project Nimbus,Annual Leave,29.0
EMP00250,Senior Manager,Fixed-term,2024-10-01,Project Zenith,Non-Billable,97.6
EMP00019,Senior Analyst,Permanent,2024-10-01,Project Zenith,Non-Billable,76.5
EMP00087,Analyst,Contractor,2024-10-01,Project Atlas ,Billable,102.3
EMP00106,Intern,Contractor,2024-10-01,Project Nova,Billable,52.0
EMP00140,Intern,Permanent,2024-10-01,Project Aurora,Non-Billable,79.6
EMP00150,Senior Manager,Fixed-term,2024-10-01,Project Atlas,Billable,71.7
EMP00298,Junior,Freelancer,2024-10-01,Project Atlas,Non-Billable,72.5
EMP00240,Senior Analyst,Permanent,2024-10-01,Project Titan,Annual Leave,34.0
EMP00258,Senior Manager,Permanent,2024-10-01,Project Vega,Annual Leave,37.9
EMP00096,Senior Analyst,Contractor,2024-10-01,Project Zenith,Non-Billable,63.7
EMP00199,Junior,Fixed-term,2024-10-01,Project Titan,Billable,50.8
EMP00121,Senior Analyst,Contractor,2024-10-01,Project Nimbus,Non-Billable,157.4
EMP00006,Analyst,Contractor,2024-10-01,Project Zenith,Non-Billable,77.0
EMP00232,Analyst,Permanent,2024-10-01,Project Falcon,Non-Billable,162.3
EMP00206,Senior Analyst,Part-time,2024-10-01,Project Nimbus,Billable,35.2
EMP00013,Analyst,Part-time,2024-10-01,Project Atlas,Non-Billable,47.0
EMP00190,Junior,Freelancer,2024-10-01,Project Horizon,Billable,64.0
EMP00281,Analyst,Permanent,2024-10-01,Project Falcon,Non-Billable,87.0
EMP00242,Intern,Permanent,2024-10-01,Project Nova,Non-Billable,72.7
EMP00049,Senior Manager,Fixed-term,2024-10-01,Project Vega,Annual Leave,15.8
EMP00023,Junior,Permanent,2024-10-01,Project Aurora,Billable,78.7
EMP00199,Junior,Fixed-term,2024-10-01,Project Titan,Annual Leave,30.0
EMP00179,Analyst,Part-time,2024-10-01,Project Nimbus,Non-Billable,35.8
EMP00129,Analyst,Permanent,2024-10-01,Project Atlas,Billable,40.5
EMP00016,Junior,Permanent,2024-10-01,Project Horizon,Non-Billable,90.7
EMP00036,Senior Manager,Permanent,2024-10-01,Project Nimbus,Billable,73.9
EMP00327,Intern,Fixed-term,2024-10-01,Project Aurora,Non-Billable,59.6
EMP00056,Analyst,Permanent,2024-10-01,Project Aurora,Annual Leave,12.5
EMP00330,Senior Analyst,Part-time,2024-10-01,Project Nimbus,Non-Billable,69.5
EMP00310,Senior Analyst,Fixed-term,2024-10-01,Project Atlas,Annual Leave,29.6
EMP00250,Senior Manager,Fixed-term,2024-10-01,Project Zenith,Billable,67.9
EMP00238,Intern,Permanent,2024-10-01,Project Nova,Non-Billable,95.5
EMP00155,Junior,Permanent,2024-10-01,Project Vega,Non-Billable,82.0
EMP00199,Junior,Fixed-term,2024-10-01,Project Titan,Non-Billable,83.6
EMP00083,Intern,Permanent,2024-10-01,Project Nimbus,Non-Billable,107.6
EMP00271,Senior Analyst,Permanent,2024-10-01,Project Aurora,Non-Billable,173.8
EMP00239,Analyst,Freelancer,2024-10-01,Project Vega,Billable,113.6
EMP00095,Junior,Fixed-term,2024-10-01,Project Vega,Billable,78.4
EMP00129,Analyst,Permanent,2024-10-01,Project Atlas,Non-Billable,112.9
EMP00297,Junior,Permanent,2024-10-01,Project Vega,Non-Billable,102.9
EMP00247,Junior,Fixed-term,2024-10-01,Project Titan,Billable,56.0
EMP00124,Analyst,Permanent,2024-10-01,Project Atlas,Billable,83.9
EMP00151,Analyst,Fixed-term,2024-10-01,Project Vega,Non-Billable,97.3
EMP00273,Junior,Fixed-term,2024-10-01,Project Falcon,Billable,119.3
EMP00252,Intern,Part-time,2024-10-01,Project Titan,Non-Billable,97.6
EMP00331,Senior Analyst,Permanent,2024-10-01,Project Aurora,Non-Billable,115.4
EMP00307,Analyst,Part-time,2024-10-01,Project Horizon,Billable,25.4
EMP00077,Senior Analyst,Fixed-term,2024-10-01,Project Horizon,Non-Billable,167.7
EMP00065,Director,Fixed-term,2024-10-01,Project Aurora,Non-Billable,120.7
EMP00142,Analyst,Permanent,2024-10-01,Project Falcon,Billable,98.6
EMP00093,Analyst,Fixed-term,2024-10-01,Project Orion,Annual Leave,26.0
EMP00198,Senior Manager,Freelancer,2024-10-01,Project Atlas,Non-Billable,140.4
EMP00312,Analyst,Fixed-term,2024-10-01,Project Atlas,Non-Billable,35.9
EMP00139,Intern,Permanent,2024-10-01,Project Titan,Annual Leave,20.8
EMP00031,Manager,Contractor,2024-10-01,Project Nimbus,Billable,77.8
EMP00263,Analyst,Part-time,2024-10-01,Project Zenith,Non-Billable,60.5
EMP00043,Intern,Contractor,2024-10-01,Project Falcon,Non-Billable,78.7
EMP00124,Analyst,Permanent,2024-10-01,Project Atlas,Non-Billable,86.2
EMP00108,Junior,Permanent,2024-10-01,Project Titan,Billable,65.4
EMP00214,Senior Analyst,Freelancer,2024-10-01,Project Orion,Billable,37.5
EMP00159,Junior,Permanent,2024-10-01,Project Vega,Non-Billable,135.4
EMP00111,Senior Analyst,Fixed-term,2024-10-01,Project Nova,Annual Leave,32.6
EMP00080,Analyst,Part-time,2024-10-01,Project Nova,Billable,69.7
EMP00172,Senior Analyst,Part-time,2024-10-01,Project Zenith,Non-Billable,98.0
EMP00245,Senior Analyst,Fixed-term,2024-10-01,Project Falcon,Billable,92.9
EMP00065,Director,Fixed-term,2024-10-01,Project Aurora,Annual Leave,38.0
EMP00047,Senior Analyst,Part-time,2024-10-01,Project Zenith,Annual Leave,11.5
EMP00130,Junior,Permanent,2024-10-01,Project Nova,Billable,37.8
EMP00134,Analyst,Permanent,2024-10-01,Project Orion,Non-Billable,155.9
EMP00338,Intern,Contractor,2024-10-01,Project Nova,Billable,55.4
EMP00039,Analyst,Permanent,2024-10-01,Project Atlas,Non-Billable,169.6
EMP00245,Senior Analyst,Fixed-term,2024-10-01,Project Falcon,Non-Billable,47.9
EMP00212,Junior,Fixed-term,2024-10-01,Project Vega,Non-Billable,87.2
EMP00133,Analyst,Freelancer,2024-10-01,Project Zenith,Billable,30.1
EMP00063,Junior,Permanent,2024-10-01,Project Falcon,Non-Billable,94.8
EMP00033,Director,Fixed-term,2024-10-01,Project Horizon,Non-Billable,105.3
EMP00255,Analyst,Freelancer,2024-10-01,Project Nova,Non-Billable,81.2
EMP00026,Analyst,Permanent,2024-11-01,Project Nimbus,Annual Leave,31.3
EMP00052,Analyst,Freelancer,2024-11-01,Project Falcon,Non-Billable,51.7
EMP00258,Senior Manager,Permanent,2024-11-01,Project Vega,Non-Billable,98.5
EMP00124,Analyst,Permanent,2024-11-01,Project Atlas,Annual Leave,35.4
EMP00042,Junior,Permanent,2024-11-01,Project Zenith,Billable,118.7
EMP00055,Senior Manager,Fixed-term,2024-11-01,Project Atlas ,Non-Billable,101.8
EMP00199,Junior,Fixed-term,2024-11-01,Project Titan,Non-Billable,87.6
EMP00126,Senior Manager,Part-time,2024-11-01,Project Vega,Non-Billable,42.7
EMP00202,Junior,Permanent,2024-11-01,Project Atlas,Billable,69.8
EMP00272,Senior Analyst,Contractor,2024-11-01,Project Zenith,Non-Billable,92.5
EMP00211,Manager,Fixed-term,2024-11-01,Project Orion,Billable,79.1
EMP00104,Junior,Permanent,2024-11-01,Project Falcon,Billable,65.5
EMP00201,Analyst,Permanent,2024-11-01,Project Falcon,Non-Billable,122.1
EMP00028,Analyst,Permanent,2024-11-01,Project Vega,Non-Billable,166.9
EMP00076,Intern,Permanent,2024-11-01,Project Titan,Annual Leave,25.7
EMP00125,Senior Analyst,Fixed-term,2024-11-01,Project Titan,Billable,46.6
EMP00005,Intern,Permanent,2024-11-01,Project Zenith,Non-Billable,91.0
EMP00327,Intern,Fixed-term,2024-11-01,Project Aurora,Non-Billable,42.4
EMP00311,Analyst,Permanent,2024-11-01,Project Nimbus,Non-Billable,169.7
EMP00298,Junior,Freelancer,2024-11-01,Project Atlas,Non-Billable,69.5
EMP00108,Junior,Permanent,2024-11-01,Project Titan,Billable,58.0
EMP00245,Senior Analyst,Fixed-term,2024-11-01,Project Falcon,Non-Billable,62.9
EMP00208,Analyst,Permanent,2024-11-01,Project Nimbus,Billable,57.4
EMP00200,Senior Manager,Fixed-term,2024-11-01,Project Vega,Non-Billable,109.1
EMP00033,Director,Fixed-term,2024-11-01,Project Horizon,Non-Billable,99.5
EMP00285,Analyst,Fixed-term,2024-11-01,Project Aurora,Non-Billable,129.4
EMP00074,Junior,Permanent,2024-11-01,Project Horizon,Billable,88.2
EMP00280,Manager,Permanent,2024-11-01,Project Orion,Annual Leave,11.9
EMP00059,Manager,Fixed-term,2024-11-01,Project Titan,Non-Billable,113.7
EMP00130,Junior,Permanent,2024-11-01,Project Nova,Annual Leave,35.2
EMP00251,Director,Fixed-term,2024-11-01,Project Falcon,Non-Billable,83.8
EMP00299,Senior Analyst,Fixed-term,2024-11-01,Project Nova,Billable,50.0
EMP00080,Analyst,Part-time,2024-11-01,Project Nova,Non-Billable,34.1
EMP00055,Senior Manager,Fixed-term,2024-11-01,Project Atlas,Billable,57.2
EMP00096,Senior Analyst,Contractor,2024-11-01,Project Zenith,Billable,53.5
EMP00093,Analyst,Fixed-term,2024-11-01,Project Orion,Billable,57.5
EMP00272,Senior Analyst,Contractor,2024-11-01,Project Zenith,Billable,62.3
EMP00300,Analyst,Fixed-term,2024-11-01,Project Nimbus,Non-Billable,95.6
EMP00077,Senior Analyst,Fixed-term,2024-11-01,Project Horizon,Annual Leave,17.9
EMP00272,Senior Analyst,Contractor,2024-11-01,Project Zenith,Annual Leave,11.3
EMP00244,Senior Analyst,Permanent,2024-11-01,Project Nimbus,Billable,128.7
EMP00331,Senior Analyst,Permanent,2024-11-01,Project Aurora,Non-Billable,122.3
EMP00131,Junior,Contractor,2024-11-01,Project Orion,Annual Leave,34.8
EMP00148,Junior,Permanent,2024-11-01,Project Nova,Billable,74.1
EMP00284,Analyst,Permanent,2024-11-01,Project Falcon,Non-Billable,15.6
EMP00091,Senior Analyst,Permanent,2024-11-01,Project Nova,Billable,53.1
EMP00248,Analyst,Contractor,2024-11-01,Project Nova,Non-Billable,73.3
EMP00226,Senior Analyst,Part-time,2024-11-01,Project Vega,Non-Billable,69.8
EMP00269,Intern,Fixed-term,2024-11-01,Project Nimbus,Annual Leave,14.2
EMP00213,Senior Analyst,Permanent,2024-11-01,Project Horizon,Non-Billable,92.2
EMP00128,Manager,Fixed-term,2024-11-01,Project Vega,Non-Billable,92.3
EMP00288,Junior,Permanent,2024-11-01,Project Zenith,Billable,37.0
EMP00064,Senior Analyst,Permanent,2024-11-01,Project Nimbus,Non-Billable,31.8
EMP00056,Analyst,Permanent,2024-11-01,Project Aurora,Billable,50.7
EMP00169,Analyst,Fixed-term,2024-11-01,Project Falcon,Billable,63.1
EMP00081,Manager,Fixed-term,2024-11-01,Project Aurora,Billable,92.8
EMP00041,Intern,Permanent,2024-11-01,Project Vega,Non-Billable,161.4
EMP00150,Senior Manager,Fixed-term,2024-11-01,Project Atlas,Billable,58.6
EMP00273,Junior,Fixed-term,2024-11-01,Project Falcon,Billable,135.3
EMP00269,Intern,Fixed-term,2024-11-01,Project Nimbus,Billable,60.0
EMP00215,Junior,Contractor,2024-11-01,Project Zenith,Billable,53.8
EMP00049,Senior Manager,Fixed-term,2024-11-01,Project Vega,Billable,140.7
EMP00095,Junior,Fixed-term,2024-11-01,Project Vega,Non-Billable,119.3
EMP00014,Senior Manager,Contractor,2024-11-01,Project Horizon,Billable,74.5
EMP00185,Junior,Part-time,2024-11-01,Project Horizon,Billable,44.2
EMP00110,Junior,Part-time,2024-11-01,Project Horizon,Non-Billable,52.5
EMP00094,Senior Analyst,Contractor,2024-11-01,Project Vega,Billable,64.2
EMP00031,Manager,Contractor,2024-11-01,Project Nimbus,Non-Billable,84.6
EMP00082,Analyst,Permanent,2024-11-01,Project Nimbus,Annual Leave,18.9
EMP00194,Analyst,Freelancer,2024-11-01,Project Vega,Non-Billable,62.6
EMP00210,Director,Fixed-term,2024-11-01,Project Nova,Non-Billable,44.4
EMP00266,Manager,Fixed-term,2024-11-01,Project Orion,Annual Leave,37.4
EMP00210,Director,Fixed-term,2024-11-01,Project Nova,Billable,113.6
EMP00146,Analyst,Permanent,2024-11-01,Project Aurora,Billable,126.5
EMP00177,Analyst,Contractor,2024-11-01,Project Falcon,Billable,62.6
EMP00052,Analyst,Freelancer,2024-11-01,Project Falcon,Annual Leave,15.1
EMP00266,Manager,Fixed-term,2024-11-01,Project Orion,Non-Billable,76.2
EMP00029,Manager,Permanent,2024-11-01,Project Nimbus,Non-Billable,134.1
EMP00238,Intern,Permanent,2024-11-01,Project Nova,Billable,95.2
EMP00289,Junior,Fixed-term,2024-11-01,Project Nova,Non-Billable,167.4
EMP00248,Analyst,Contractor,2024-11-01,Project Nova,Billable,70.3
EMP00336,Manager,Freelancer,2024-11-01,Project Titan,Non-Billable,102.5
EMP00282,Analyst,Fixed-term,2024-11-01,Project Aurora,Non-Billable,80.1
EMP00129,Analyst,Permanent,2024-11-01,Project Atlas,Non-Billable,136.7
EMP00117,Intern,Fixed-term,2024-11-01,Project Horizon,Annual Leave,8.9
EMP00019,Senior Analyst,Permanent,2024-11-01,Project Zenith,Billable,79.2
EMP00057,Intern,Part-time,2024-11-01,Project Nova,Non-Billable,97.8
EMP00029,Manager,Permanent,2024-11-01,Project Nimbus,Billable,44.5
EMP00267,Intern,Freelancer,2024-11-01,Project Atlas,Non-Billable,77.1
EMP00191,Intern,Freelancer,2024-11-01,Project Orion,Billable,46.7
EMP00143,Analyst,Permanent,2024-11-01,Project Orion,Billable,42.5
EMP00036,Senior Manager,Permanent,2024-11-01,Project Nimbus,Non-Billable,77.8
EMP00020,Senior Manager,Permanent,2024-11-01,Project Horizon,Billable,85.6
EMP00194,Analyst,Freelancer,2024-11-01,Project Vega,Annual Leave,23.7
EMP00324,Junior,Permanent,2024-11-01,Project Falcon,Non-Billable,118.2
EMP00111,Senior Analyst,Fixed-term,2024-11-01,Project Nova,Non-Billable,178.9
EMP00204,Junior,Permanent,2024-11-01,Project Zenith,Annual Leave,15.7
EMP00335,Senior Analyst,Permanent,2024-11-01,Project Falcon,Annual Leave,22.6
EMP00113,Analyst,Permanent,2024-11-01,Project Atlas,Non-Billable,163.5
EMP00220,Analyst,Contractor,2024-11-01,Project Titan,Billable,67.6
EMP00128,Manager,Fixed-term,2024-11-01,Project Vega,Annual Leave,8.9
EMP00222,Senior Analyst,Permanent,2024-11-01,Project Vega,Non-Billable,183.4
EMP00287,Senior Analyst,Contractor,2024-11-01,Project Aurora,Billable,58.7
EMP00238,Intern,Permanent,2024-11-01,Project Nova,Non-Billable,82.3
EMP00022,Analyst,Permanent,2024-11-01,Project Orion,Non-Billable,122.5
EMP00202,Junior,Permanent,2024-11-01,Project Atlas,Non-Billable,95.2
EMP00105,Junior,Permanent,2024-11-01,Project Aurora,Billable,41.8
EMP00131,Junior,Contractor,2024-11-01,Project Orion,Non-Billable,65.9
EMP00326,Manager,Permanent,2024-11-01,Project Falcon,Non-Billable,102.2
EMP00235,Analyst,Fixed-term,2024-11-01,Project Falcon,Non-Billable,118.2
EMP00026,Analyst,Permanent,2024-11-01,Project Nimbus,Non-Billable,96.3
EMP00020,Senior Manager,Permanent,2024-11-01,Project Horizon,Non-Billable,81.8
EMP00087,Analyst,Contractor,2024-11-01,Project Atlas,Non-Billable,82.3
EMP00246,Manager,Part-time,2024-11-01,Project Zenith,Non-Billable,28.0
EMP00233,Junior,Permanent,2024-11-01,Project Orion,Billable,44.7
EMP00138,Senior Analyst,Part-time,2024-11-01,Project Vega,Annual Leave,29.6
EMP00030,Manager,Permanent,2024-11-01,Project Aurora,Billable,75.6
EMP00056,Analyst,Permanent,2024-11-01,Project Aurora,Non-Billable,84.7
EMP00109,Manager,Permanent,2024-11-01,Project Nimbus,Non-Billable,92.6
EMP00312,Analyst,Fixed-term,2024-11-01,Project Atlas,Annual Leave,11.0
EMP00019,Senior Analyst,Permanent,2024-11-01,Project Zenith,Non-Billable,87.2
EMP00149,Senior Analyst,Permanent,2024-11-01,Project Falcon,Non-Billable,178.3
EMP00329,Analyst,Permanent,2024-11-01,Project Falcon,Billable,72.8
EMP00005,Intern,Permanent,2024-11-01,Project Zenith,Billable,36.6
EMP00261,Analyst,Part-time,2024-11-01,Project Titan,Non-Billable,75.6
EMP00173,Manager,Freelancer,2024-11-01,project aurora,Non-Billable,132.6
EMP00176,Senior Manager,Freelancer,2024-11-01,Project Nova,Non-Billable,74.7
EMP00142,Analyst,Permanent,2024-11-01,Project Falcon,Non-Billable,66.9
EMP00200,Senior Manager,Fixed-term,2024-11-01,Project Vega,Billable,56.3
EMP00332,Senior Analyst,Permanent,2024-11-01,Project Falcon,Billable,60.1
EMP00131,Junior,Contractor,2024-11-01,Project Orion,Billable,55.8
EMP00129,Analyst,Permanent,2024-11-01,Project Atlas,Billable,30.2
EMP00195,Junior,Permanent,2024-11-01,Project Titan,Non-Billable,114.7
EMP00265,Intern,Permanent,2024-11-01,Project Zenith,Non-Billable,124.2
EMP00312,Analyst,Fixed-term,2024-11-01,Project Atlas,Non-Billable,38.7
EMP00304,Senior Manager,Permanent,2024-11-01,Project Horizon,Billable,67.0
EMP00275,Junior,Part-time,2024-11-01,Project Atlas,Billable,40.1
EMP00128,Manager,Fixed-term,2024-11-01,Project Vega,Billable,72.0
EMP00174,Intern,Permanent,2024-11-01,Project Aurora,Non-Billable,77.0
EMP00204,Junior,Permanent,2024-11-01,Project Zenith,Billable,77.9
EMP00174,Intern,Permanent,2024-11-01,Project Aurora,Billable,83.0
EMP00171,Analyst,Permanent,2024-11-01,Project Zenith,Billable,70.1
EMP00091,Senior Analyst,Permanent,2024-11-01,Project Nova,Non-Billable,122.0
EMP00232,Analyst,Permanent,2024-11-01,Project Falcon,Non-Billable,172.4
EMP00299,Senior Analyst,Fixed-term,2024-11-01,Project Nova,Annual Leave,8.6
EMP00007,Junior,Permanent,2024-11-01,Project Vega,Non-Billable,173.0
EMP00298,Junior,Freelancer,2024-11-01,Project Atlas,Billable,60.3
EMP00239,Analyst,Freelancer,2024-11-01,Project Vega,Non-Billable,37.4
EMP00188,Analyst,Fixed-term,2024-11-01,Project Orion,Non-Billable,104.2
EMP00233,Junior,Permanent,2024-11-01,Project Orion,Non-Billable,129.6
EMP00032,Manager,Contractor,2024-11-01,Project Atlas,Non-Billable,153.2
EMP00093,Analyst,Fixed-term,2024-11-01,Project Orion,Non-Billable,98.5
EMP00221,Intern,Contractor,2024-11-01,Project Titan,Annual Leave,16.6
EMP00058,Manager,Freelancer,2024-11-01,Project Zenith,Billable,64.3
EMP00327,Intern,Fixed-term,2024-11-01,Project Aurora,Billable,131.2
EMP00031,Manager,Contractor,2024-11-01,Project Nimbus,Billable,70.6
EMP00106,Intern,Contractor,2024-11-01,Project Nova,Non-Billable,93.6
EMP00024,Intern,Freelancer,2024-11-01,Project Zenith,Billable,102.8
EMP00199,Junior,Fixed-term,2024-11-01,Project Titan,Billable,66.3
EMP00322,Senior Analyst,Part-time,2024-11-01,Project Vega,Billable,38.9
EMP00189,Senior Analyst,Part-time,2024-11-01,Project Nimbus,Billable,32.3
EMP00264,Junior,Part-time,2024-11-01,Project Orion,Billable,31.8
EMP00338,Intern,Contractor,2024-11-01,Project Nova,Non-Billable,93.8
EMP00155,Junior,Permanent,2024-11-01,Project Vega,Billable,57.2
EMP00218,Analyst,Fixed-term,2024-11-01,Project Nimbus,Non-Billable,104.8
EMP00096,Senior Analyst,Contractor,2024-11-01,Project Zenith,Annual Leave,20.3
EMP00176,Senior Manager,Freelancer,2024-11-01,Project Nova,Annual Leave,29.8
EMP00138,Senior Analyst,Part-time,2024-11-01,Project Vega,Billable,26.5
EMP00229,Intern,Contractor,2024-11-01,Project Aurora,Non-Billable,155.2
EMP00056,Analyst,Permanent,2024-11-01,Project Aurora,Annual Leave,32.8
EMP00242,Intern,Permanent,2024-11-01,Project Nova,Billable,61.9
EMP00016,Junior,Permanent,2024-11-01,Project Horizon,Billable,86.8
EMP00266,Manager,Fixed-term,2024-11-01,Project Orion,Billable,56.6
EMP00281,Analyst,Permanent,2024-11-01,Project Falcon,Billable,58.1
EMP00195,Junior,Permanent,2024-11-01,Project Titan,Billable,43.1
EMP00308,Senior Analyst,Part-time,2024-11-01,Project Orion,Non-Billable,65.4
EMP00090,Director,Permanent,2024-11-01,Project Nova,Non-Billable,108.4
EMP00320,Junior,Part-time,2024-11-01,Project Aurora,Annual Leave,10.4
EMP00087,Analyst,Contractor,2024-11-01,Project Atlas,Billable,78.2
EMP00162,Manager,Freelancer,2024-11-01,Project Orion,Non-Billable,137.4
EMP00335,Senior Analyst,Permanent,2024-11-01,Project Falcon,Billable,52.5
EMP00291,Analyst,Fixed-term,2024-11-01,Project Horizon,Billable,49.7
EMP00297,Junior,Permanent,2024-11-01,Project Vega,Billable,59.2
EMP00076,Intern,Permanent,2024-11-01,Project Titan,Non-Billable,83.5
EMP00306,Junior,Permanent,2024-11-01,Project Vega,Non-Billable,160.9
EMP00240,Senior Analyst,Permanent,2024-11-01,Project Titan,Billable,125.8
EMP00307,Analyst,Part-time,2024-11-01,Project Horizon,Non-Billable,74.0
EMP00180,Analyst,Fixed-term,2024-11-01,Project Orion,Non-Billable,107.3
EMP00262,Analyst,Permanent,2024-11-01,Project Vega,Non-Billable,164.9
EMP00045,Analyst,Fixed-term,2024-11-01,Project Atlas,Billable,77.1
EMP00178,Intern,Permanent,2024-11-01,Project Nova,Non-Billable,174.7
EMP00187,Analyst,Permanent,2024-11-01,Project Orion,Non-Billable,65.6
EMP00215,Junior,Contractor,2024-11-01,Project Zenith,Non-Billable,90.0
EMP00153,Analyst,Part-time,2024-11-01,Project Zenith,Billable,25.5
EMP00063,Junior,Permanent,2024-11-01,Project Falcon,Non-Billable,78.1
EMP00104,Junior,Permanent,2024-11-01,Project Falcon,Non-Billable,105.8
EMP00340,Analyst,Fixed-term,2024-11-01,Project Nova,Non-Billable,127.8
EMP00163,Senior Analyst,Part-time,2024-11-01,Project Aurora,Non-Billable,93.3
EMP00256,Manager,Part-time,2024-11-01,Project Atlas,Non-Billable,89.5
EMP00003,Intern,Freelancer,2024-11-01,Project Zenith,Billable,47.3
EMP00330,Senior Analyst,Part-time,2024-11-01,Project Nimbus,Non-Billable,78.6
EMP00246,Manager,Part-time,2024-11-01,Project Zenith,Billable,61.8
EMP00339,Manager,Contractor,2024-11-01,Project Nova,Non-Billable,132.3
EMP00024,Intern,Freelancer,2024-11-01,Project Zenith,Non-Billable,22.0
EMP00186,Junior,Part-time,2024-11-01,Project Orion,Non-Billable,53.7
EMP00075,Analyst,Permanent,2024-11-01,Project Atlas,Non-Billable,162.3
EMP00300,Analyst,Fixed-term,2024-11-01,Project Nimbus,Billable,67.0
EMP00023,Junior,Permanent,2024-11-01,Project Aurora,Non-Billable,95.1
EMP00250,Senior Manager,Fixed-term,2024-11-01,Project Zenith,Billable,65.0
EMP00325,Director,Fixed-term,2024-11-01,Project Falcon,Non-Billable,174.2
EMP00196,Analyst,Part-time,2024-11-01,Project Orion,Billable,36.3
EMP00168,Junior,Permanent,2024-11-01,Project Atlas,Non-Billable,170.8
EMP00324,Junior,Permanent,2024-11-01,Project Falcon,Billable,50.5
EMP00061,Analyst,Permanent,2024-11-01,Project Horizon,Billable,95.6
EMP00314,Senior Analyst,Permanent,2024-11-01,Project Atlas,Non-Billable,119.7
EMP00206,Senior Analyst,Part-time,2024-11-01,Project Nimbus,Non-Billable,68.1
EMP00189,Senior Analyst,Part-time,2024-11-01,Project Nimbus,Annual Leave,23.9
EMP00105,Junior,Permanent,2024-11-01,Project Aurora,Non-Billable,129.0
EMP00287,Senior Analyst,Contractor,2024-11-01,Project Aurora,Non-Billable,95.2
EMP00310,Senior Analyst,Fixed-term,2024-11-01,Project Atlas,Non-Billable,161.1
EMP00022,Analyst,Permanent,2024-11-01,Project Orion,Billable,47.1
EMP00240,Senior Analyst,Permanent,2024-11-01,Project Titan,Non-Billable,46.1
EMP00125,Senior Analyst,Fixed-term,2024-11-01,Project Titan,Non-Billable,117.9
EMP00214,Senior Analyst,Freelancer,2024-11-01,Project Orion,Non-Billable,86.3
EMP00179,Analyst,Part-time,2024-11-01,Project Nimbus,Billable,41.7
EMP00155,Junior,Permanent,2024-11-01,Project Vega,Non-Billable,104.0
EMP00121,Senior Analyst,Contractor,2024-11-01,Project Nimbus,Non-Billable,151.8
EMP00176,Senior Manager,Freelancer,2024-11-01,Project Nova,Billable,34.6
EMP00017,Analyst,Permanent,2024-11-01,Project Atlas,Non-Billable,172.6
EMP00103,Director,Fixed-term,2024-11-01,Project Nova,Non-Billable,41.2
EMP00039,Analyst,Permanent,2024-11-01,Project Atlas,Non-Billable,179.5
EMP00280,Manager,Permanent,2024-11-01,Project Orion,Non-Billable,151.7
EMP00258,Senior Manager,Permanent,2024-11-01,Project Vega,Billable,77.9
EMP00318,Junior,Contractor,2024-11-01,Project Nimbus,Non-Billable,140.8
EMP00018,Manager,Fixed-term,2024-11-01,Project Horizon,Non-Billable,97.2
EMP00110,Junior,Part-time,2024-11-01,Project Horizon,Billable,42.4
EMP00213,Senior Analyst,Permanent,2024-11-01,Project Horizon,Billable,69.1
EMP00045,Analyst,Fixed-term,2024-11-01,Project Atlas,Non-Billable,84.1
EMP00136,Senior Analyst,Fixed-term,2024-11-01,Project Orion,Non-Billable,166.0
EMP00027,Senior Analyst,Permanent,2024-11-01,Project Titan,Billable,64.2
EMP00320,Junior,Part-time,2024-11-01,Project Aurora,Billable,33.0
EMP00322,Senior Analyst,Part-time,2024-11-01,Project Vega,Non-Billable,50.3
EMP00083,Intern,Permanent,2024-11-01,Project Nimbus,Billable,75.2
EMP00037,Analyst,Fixed-term,2024-11-01,Project Orion,Billable,43.4
EMP00184,Junior,Permanent,2024-11-01,Project Falcon,Non-Billable,112.8
EMP00101,Manager,Permanent,2024-11-01,Project Zenith,Non-Billable,175.1
EMP00335,Senior Analyst,Permanent,2024-11-01,Project Falcon,Non-Billable,85.8
EMP00027,Senior Analyst,Permanent,2024-11-01,Project Titan,Non-Billable,100.7
EMP00095,Junior,Fixed-term,2024-11-01,Project Vega,Billable,53.5
EMP00011,Executive,Permanent,2024-11-01,Project Falcon,Annual Leave,37.7
EMP00117,Intern,Fixed-term,2024-11-01,Project Horizon,Billable,55.5
EMP00203,Analyst,Contractor,2024-11-01,Project Atlas,Non-Billable,152.7
EMP00320,Junior,Part-time,2024-11-01,Project Aurora,Non-Billable,49.8
EMP00037,Analyst,Fixed-term,2024-11-01,Project Orion,Non-Billable,131.9
EMP00321,Manager,Part-time,2024-11-01,Project Zenith,Annual Leave,27.2
EMP00042,Junior,Permanent,2024-11-01,Project Zenith,Non-Billable,45.0
EMP00305,Junior,Permanent,2024-11-01,Project Nova,Non-Billable,156.7
EMP00286,Analyst,Fixed-term,2024-11-01,Project Nimbus,Non-Billable,98.0
EMP00309,Manager,Permanent,2024-11-01,Project Nova,Non-Billable,166.4
EMP00179,Analyst,Part-time,2024-11-01,Project Nimbus,Non-Billable,43.3
EMP00269,Intern,Fixed-term,2024-11-01,Project Nimbus,Non-Billable,88.0
EMP00187,Analyst,Permanent,2024-11-01,Project Orion,Billable,95.0
EMP00268,Senior Analyst,Permanent,2024-11-01,Project Horizon,Non-Billable,107.9
EMP00319,Analyst,Permanent,2024-11-01,Project Titan,Non-Billable,169.2
EMP00063,Junior,Permanent,2024-11-01,Project Falcon,Billable,80.2
EMP00214,Senior Analyst,Freelancer,2024-11-01,Project Orion,Billable,40.8
EMP00288,Junior,Permanent,2024-11-01,Project Zenith,Non-Billable,120.2
EMP00308,Senior Analyst,Part-time,2024-11-01,Project Orion,Billable,30.0
EMP00084,Senior Manager,Contractor,2024-11-01,Project Falcon,Non-Billable,156.9
EMP00140,Intern,Permanent,2024-11-01,Project Aurora,Billable,81.8
EMP00100,Junior,Freelancer,2024-11-01,Project Titan,Non-Billable,130.6
EMP00194,Analyst,Freelancer,2024-11-01,Project Vega,Billable,45.6
EMP00185,Junior,Part-time,2024-11-01,Project Horizon,Non-Billable,50.8
EMP00139,Intern,Permanent,2024-11-01,Project Titan,Non-Billable,166.8
EMP00117,Intern,Fixed-term,2024-11-01,Project Horizon,Non-Billable,106.2
EMP00026,Analyst,Permanent,2024-11-01,Project Nimbus,Billable,45.4
EMP00093,Analyst,Fixed-term,2024-11-01,Project Orion,Annual Leave,10.5
EMP00338,Intern,Contractor,2024-11-01,Project Nova,Billable,60.3
EMP00012,Analyst,Fixed-term,2024-11-01,Project Nimbus,Non-Billable,124.7
EMP00036,Senior Manager,Permanent,2024-11-01,Project Nimbus,Billable,75.0
EMP00103,Director,Fixed-term,2024-11-01,Project Nova,Billable,127.8
EMP00337,Senior Manager,Permanent,2024-11-01,Project Falcon,Non-Billable,165.6
EMP00302,Junior,Fixed-term,2024-11-01,Project Zenith,Non-Billable,159.9
EMP00006,Analyst,Contractor,2024-11-01,Project Zenith,Billable,52.7
EMP00151,Analyst,Fixed-term,2024-11-01,PROJECT VEGA,Billable,73.5
EMP00160,Junior,Contractor,2024-11-01,Project Atlas,Billable,105.4
EMP00070,Junior,Permanent,2024-11-01,Project Nimbus,Non-Billable,84.6
EMP00201,Analyst,Permanent,2024-11-01,Project Falcon,Billable,40.8
EMP00180,Analyst,Fixed-term,2024-11-01,Project Orion,Billable,77.0
EMP00293,Manager,Fixed-term,2024-11-01,Project Aurora,Billable,60.5
EMP00265,Intern,Permanent,2024-11-01,Project Zenith,Billable,42.1
EMP00011,Executive,Permanent,2024-11-01,Project Falcon,Billable,55.1
EMP00003,Intern,Freelancer,2024-11-01,Project Zenith,Non-Billable,81.5
EMP00078,Analyst,Contractor,2024-11-01,Project Aurora,Non-Billable,95.7
EMP00226,Senior Analyst,Part-time,2024-11-01,Project Vega,Billable,26.4
EMP00159,Junior,Permanent,2024-11-01,Project Vega,Non-Billable,113.3
EMP00143,Analyst,Permanent,2024-11-01,Project Orion,Non-Billable,120.0
EMP00065,Director,Fixed-term,2024-11-01,Project Aurora,Non-Billable,167.7
EMP00223,Senior Manager,Permanent,2024-11-01,Project Titan,Billable,128.5
EMP00102,Analyst,Contractor,2024-11-01,Project Vega,Non-Billable,105.9
EMP00025,Senior Analyst,Contractor,2024-11-01,Project Titan,Billable,76.2
EMP00254,Manager,Freelancer,2024-11-01,Project Orion,Non-Billable,97.4
EMP00016,Junior,Permanent,2024-11-01,Project Horizon,Annual Leave,35.2
EMP00058,Manager,Freelancer,2024-11-01,Project Zenith,Non-Billable,70.1
EMP00235,Analyst,Fixed-term,2024-11-01,Project Falcon,Billable,45.5
EMP00261,Analyst,Part-time,2024-11-01,Project Titan,Billable,27.0
EMP00294,Senior Manager,Permanent,2024-11-01,Project Nova,Non-Billable,50.3
EMP00013,Analyst,Part-time,2024-11-01,Project Atlas,Billable,33.3
EMP00281,Analyst,Permanent,2024-11-01,Project Falcon,Non-Billable,90.9
EMP00145,Junior,Permanent,2024-11-01,Project Atlas,Non-Billable,167.1
EMP00291,Analyst,Fixed-term,2024-11-01,Project Horizon,Non-Billable,108.0
EMP00096,Senior Analyst,Contractor,2024-11-01,Project Zenith,Non-Billable,75.0
EMP00263,Analyst,Part-time,2024-11-01,Project Zenith,Billable,38.3
EMP00119,Senior Analyst,Part-time,2024-11-01,Project Horizon,Non-Billable,73.8
EMP00038,Analyst,Permanent,2024-11-01,Project Vega,Billable,43.9
EMP00330,Senior Analyst,Part-time,2024-11-01,Project Nimbus,Billable,25.1
EMP00208,Analyst,Permanent,2024-11-01,Project Nimbus,Non-Billable,88.8
EMP00223,Senior Manager,Permanent,2024-11-01,Project Titan,Non-Billable,29.7
EMP00273,Junior,Fixed-term,2024-11-01,Project Falcon,Non-Billable,34.1
EMP00267,Intern,Freelancer,2024-11-01,Project Atlas,Billable,59.4
EMP00116,Manager,Fixed-term,2024-11-01,Project Zenith,Non-Billable,86.3
EMP00177,Analyst,Contractor,2024-11-01,Project Falcon,Non-Billable,71.4
EMP00336,Manager,Freelancer,2024-11-01,Project Titan,Billable,28.4
EMP00189,Senior Analyst,Part-time,2024-11-01,Project Nimbus,Non-Billable,40.8
EMP00133,Analyst,Freelancer,2024-11-01,Project Zenith,Non-Billable,96.1
EMP00109,Manager,Permanent,2024-11-01,Project Nimbus,Billable,56.4
EMP00078,Analyst,Contractor,2024-11-01,Project Aurora,Billable,54.5
EMP00167,Junior,Permanent,2024-11-01,Project Nimbus,Annual Leave,11.8
EMP00061,Analyst,Permanent,2024-11-01,Project Horizon,Non-Billable,69.0
EMP00108,Junior,Permanent,2024-11-01,Project Titan,Non-Billable,111.3
EMP00286,Analyst,Fixed-term,2024-11-01,Project Nimbus,Billable,66.3
EMP00220,Analyst,Contractor,2024-11-01,Project Titan,Non-Billable,61.5
EMP00005,Intern,Permanent,2024-11-01,Project Zenith,Annual Leave,39.7
EMP00155,Junior,Permanent,2024-11-01,Project Vega,Billable,57.2
EMP00332,Senior Analyst,Permanent,2024-11-01,Project Falcon,Non-Billable,111.9
EMP00218,Analyst,Fixed-term,2024-11-01,Project Nimbus,Billable,62.7
EMP00012,Analyst,Fixed-term,2024-11-01,Project Nimbus,Billable,42.8
EMP00301,Analyst,Freelancer,2024-11-01,Project Vega,Billable,53.3
EMP00186,Junior,Part-time,2024-11-01,Project Orion,Annual Leave,36.3
EMP00211,Manager,Fixed-term,2024-11-01,Project Orion,Non-Billable,87.5
EMP00340,Analyst,Fixed-term,2024-11-01,Project Nova,Billable,41.3
EMP00116,Manager,Fixed-term,2024-11-01,Project Zenith,Billable,77.9
EMP00132,Junior,Fixed-term,2024-11-01,Project Nimbus,Non-Billable,152.4
EMP00282,Analyst,Fixed-term,2024-11-01,Project Aurora,Annual Leave,-12.9
EMP00124,Analyst,Permanent,2024-11-01,Project Atlas,Billable,64.2
EMP00052,Analyst,Freelancer,2024-11-01,Project Falcon,Billable,76.2
EMP00040,Senior Analyst,Permanent,2024-11-01,Project Zenith,Non-Billable,132.6
EMP00050,Manager,Freelancer,2024-11-01,Project Vega,Annual Leave,10.9
EMP00205,Manager,Permanent,2024-11-01,Project Atlas,Non-Billable,147.1
EMP00013,Analyst,Part-time,2024-11-01,Project Atlas,Non-Billable,35.0
EMP00074,Junior,Permanent,2024-11-01,Project Horizon,Non-Billable,79.9
EMP00167,Junior,Permanent,2024-11-01,Project Nimbus,Non-Billable,170.1
EMP00282,Analyst,Fixed-term,2024-11-01,Project Aurora,Billable,92.0
EMP00184,Junior,Permanent,2024-11-01,Project Falcon,Billable,56.8
EMP00314,Senior Analyst,Permanent,2024-11-01,Project Atlas,Billable,49.5
EMP00034,Senior Manager,Permanent,2024-11-01,Project Atlas,Non-Billable,163.2
EMP00169,Analyst,Fixed-term,2024-11-01,Project Falcon,Non-Billable,100.0
EMP00070,Junior,Permanent,2024-11-01,Project Nimbus,Billable,57.9
EMP00086,Senior Analyst,Part-time,2024-11-01,Project Falcon,Non-Billable,69.9
EMP00050,Manager,Freelancer,2024-11-01,Project Vega,Non-Billable,128.1
EMP00252,Intern,Part-time,2024-11-01,Project Titan,Non-Billable,97.5
EMP00098,Intern,Fixed-term,2024-11-01,Project Atlas,Billable,128.0
EMP00254,Manager,Freelancer,2024-11-01,Project Orion,Billable,35.3
EMP00206,Senior Analyst,Part-time,2024-11-01,Project Nimbus,Billable,37.7
EMP00284,Analyst,Permanent,2024-11-01,Project Falcon,Billable,163.7
EMP00023,Junior,Permanent,2024-11-01,Project Aurora,Billable,81.8
EMP00221,Intern,Contractor,2024-11-01,Project Titan,Non-Billable,139.6
EMP00247,Junior,Fixed-term,2024-11-01,Project Titan,Non-Billable,111.0
EMP00247,Junior,Fixed-term,2024-11-01,Project Titan,Billable,58.9
EMP00099,Analyst,Permanent,2024-11-01,Project Titan,Non-Billable,99.2
EMP00212,Junior,Fixed-term,2024-11-01,Project Vega,Non-Billable,101.6
EMP00099,Analyst,Permanent,2024-11-01,project titan,Billable,43.1
EMP00140,Intern,Permanent,2024-11-01,Project Aurora,Non-Billable,77.0
EMP00159,Junior,Permanent,2024-11-01,Project Vega,Billable,50.4
EMP00251,Director,Fixed-term,2024-11-01,Project Falcon,Billable,70.0
EMP00035,Manager,Permanent,2024-11-01,Project Aurora,Non-Billable,97.7
EMP00142,Analyst,Permanent,2024-11-01,Project Falcon,Annual Leave,16.0
EMP00171,Analyst,Permanent,2024-11-01,Project Zenith,Non-Billable,93.8
EMP00244,Senior Analyst,Permanent,2024-11-01,Project Nimbus,Non-Billable,34.7
EMP00102,Analyst,Contractor,2024-11-01,Project Vega,Billable,46.6
EMP00231,Intern,Fixed-term,2024-11-01,Project Atlas,Non-Billable,131.2
EMP00044,Director,Permanent,2024-11-01,Project Orion,Billable,70.5
EMP00242,Intern,Permanent,2024-11-01,Project Nova,Non-Billable,102.0
EMP00146,Analyst,Permanent,2024-11-01,Project Aurora,Non-Billable,38.7
EMP00047,Senior Analyst,Part-time,2024-11-01,Project Zenith,Billable,26.6
EMP00212,Junior,Fixed-term,2024-11-01,Project Vega,Billable,73.8
EMP00018,Manager,Fixed-term,2024-11-01,Project Horizon,Billable,60.4
EMP00040,Senior Analyst,Permanent,2024-11-01,Project Zenith,Billable,54.2
EMP00013,Analyst,Part-time,2024-11-01,Project Atlas,Annual Leave,29.4
EMP00126,Senior Manager,Part-time,2024-11-01,Project Vega,Billable,52.9
EMP00245,Senior Analyst,Fixed-term,2024-11-01,Project Falcon,Billable,95.2
EMP00301,Analyst,Freelancer,2024-11-01,Project Vega,Non-Billable,74.4
EMP00025,Senior Analyst,Contractor,2024-11-01,Project Titan,Non-Billable,61.6
EMP00264,Junior,Part-time,2024-11-01,Project Orion,Non-Billable,70.9
EMP00208,Analyst,Permanent,2024-11-01,Project Nimbus,Annual Leave,16.5
EMP00090,Director,Permanent,2024-11-01,Project Nova,Billable,78.5
EMP00204,Junior,Permanent,2024-11-01,Project Zenith,Non-Billable,76.9
EMP00081,Manager,Fixed-term,2024-11-01,Project Aurora,Non-Billable,79.9
EMP00035,Manager,Permanent,2024-11-01,Project Aurora,Billable,62.1
EMP00293,Manager,Fixed-term,2024-11-01,Project Aurora,Annual Leave,24.3
EMP00307,Analyst,Part-time,2024-11-01,Project Horizon,Billable,23.1
EMP00082,Analyst,Permanent,2024-11-01,Project Nimbus,Non-Billable,148.6
EMP00142,Analyst,Permanent,2024-11-01,Project Falcon,Billable,68.8
EMP00188,Analyst,Fixed-term,2024-11-01,Project Orion,Billable,58.5
EMP00066,Senior Analyst,Permanent,2024-11-01,Project Falcon,Billable,43.8
EMP00130,Junior,Permanent,2024-11-01,Project Nova,Billable,36.8
EMP00164,Junior,Contractor,2024-11-01,Project Nova,Non-Billable,143.9
EMP00038,Analyst,Permanent,2024-11-01,Project Vega,Non-Billable,122.4
EMP00024,Intern,Freelancer,2024-11-01,Project Zenith,Non-Billable,22.0
EMP00321,Manager,Part-time,2024-11-01,Project Zenith,Non-Billable,39.1
EMP00151,Analyst,Fixed-term,2024-11-01,Project Vega,Non-Billable,97.8
EMP00150,Senior Manager,Fixed-term,2024-11-01,Project Atlas,Non-Billable,104.4
EMP00250,Senior Manager,Fixed-term,2024-11-01,Project Zenith,Non-Billable,108.3
EMP00326,Manager,Permanent,2024-11-01,Project Falcon,Billable,58.0
EMP00329,Analyst,Permanent,2024-11-01,Project Falcon,Non-Billable,98.0
EMP00251,Director,Fixed-term,2024-11-01,Project Falcon,Annual Leave,19.7
EMP00080,Analyst,Part-time,2024-11-01,PROJECT NOVA,Billable,63.3
EMP00021,Senior Analyst,Fixed-term,2024-11-01,Project Horizon,Non-Billable,59.1
EMP00072,Senior Analyst,Permanent,2024-11-01,Project Titan,Non-Billable,173.4
EMP00014,Senior Manager,Contractor,2024-11-01,Project Horizon,Non-Billable,75.1
EMP00294,Senior Manager,Permanent,2024-11-01,Project Nova,Billable,115.6
EMP00016,Junior,Permanent,2024-11-01,Project Horizon,Non-Billable,66.5
EMP00275,Junior,Part-time,2024-11-01,Project Atlas,Non-Billable,59.7
EMP00231,Intern,Fixed-term,2024-11-01,Project Atlas,Billable,39.3
EMP00047,Senior Analyst,Part-time,2024-11-01,Project Zenith,Non-Billable,68.0
EMP00064,Senior Analyst,Permanent,2024-11-01,Project Nimbus,Billable,129.7
EMP00059,Manager,Fixed-term,2024-11-01,Project Titan,Billable,60.0
EMP00106,Intern,Contractor,2024-11-01,Project Nova,Billable,58.7
EMP00225,Senior Analyst,Permanent,2024-11-01,Project Vega,Non-Billable,99.2
EMP00239,Analyst,Freelancer,2024-11-01,Project Vega,Billable,102.4
EMP00304,Senior Manager,Permanent,2024-11-01,Project Horizon,Non-Billable,107.8
EMP00177,Analyst,Contractor,2024-11-01,Project Falcon,Annual Leave,22.5
EMP00255,Analyst,Freelancer,2024-11-01,Project Nova,Billable,56.9
EMP00263,Analyst,Part-time,2024-11-01,Project Zenith,Non-Billable,57.5
EMP00153,Analyst,Part-time,2024-11-01,Project Zenith,Non-Billable,78.1
EMP00094,Senior Analyst,Contractor,2024-11-01,Project Vega,Non-Billable,87.8
EMP00138,Senior Analyst,Part-time,2024-11-01,Project Vega,Non-Billable,32.3
EMP00331,Senior Analyst,Permanent,2024-11-01,Project Aurora,Billable,42.5
EMP00312,Analyst,Fixed-term,2024-11-01,Project Atlas,Billable,124.2
EMP00160,Junior,Contractor,2024-11-01,Project Atlas,Non-Billable,45.9
EMP00293,Manager,Fixed-term,2024-11-01,Project Aurora,Non-Billable,74.5
EMP00297,Junior,Permanent,2024-11-01,Project Vega,Non-Billable,108.4
EMP00044,Director,Permanent,2024-11-01,Project Orion,Non-Billable,93.5
EMP00148,Junior,Permanent,2024-11-01,Project Nova,Non-Billable,101.6
EMP00124,Analyst,Permanent,2024-11-01,Project Atlas,Non-Billable,63.2
EMP00134,Analyst,Permanent,2024-11-01,Project Orion,Non-Billable,186.2
EMP00302,Junior,Fixed-term,2024-11-01,Project Zenith,Annual Leave,13.5
EMP00225,Senior Analyst,Permanent,2024-11-01,Project Vega,Billable,74.2
EMP00191,Intern,Freelancer,2024-11-01,Project Orion,Non-Billable,82.7
EMP00133,Analyst,Freelancer,2024-11-01,Project Zenith,Billable,41.9
EMP00299,Senior Analyst,Fixed-term,2024-11-01,Project Nova,Non-Billable,128.0
EMP00224,Senior Manager,Fixed-term,2024-11-01,Project Falcon,Non-Billable,173.6
EMP00288,Junior,Permanent,2024-11-01,Project Zenith,Annual Leave,26.1
EMP00033,Director,Fixed-term,2024-11-01,Project Horizon,Billable,61.6
EMP00066,Senior Analyst,Permanent,2024-11-01,Project Falcon,Non-Billable,132.1
EMP00043,Intern,Contractor,2024-11-01,Project Falcon,Non-Billable,91.6
EMP00006,Analyst,Contractor,2024-11-01,Project Zenith,Non-Billable,103.5
EMP00255,Analyst,Freelancer,2024-11-01,Project Nova,Non-Billable,69.9
EMP00076,Intern,Permanent,2024-11-01,Project Titan,Billable,59.1
EMP00285,Analyst,Fixed-term,2024-11-01,Project Aurora,Annual Leave,40.0
EMP00198,Senior Manager,Freelancer,2024-11-01,Project Atlas,Non-Billable,134.4
EMP00172,Senior Analyst,Part-time,2024-11-01,project zenith,Non-Billable,95.2
EMP00217,Analyst,Permanent,2024-11-01,Project Falcon,Non-Billable,177.3
EMP00271,Senior Analyst,Permanent,2024-11-01,project aurora,Non-Billable,167.0
EMP00067,Manager,Part-time,2024-11-01,Project Vega,Non-Billable,92.0
EMP00119,Senior Analyst,Part-time,2024-11-01,Project Horizon,Billable,25.1
EMP00083,Intern,Permanent,2024-11-01,Project Nimbus,Non-Billable,96.7
EMP00196,Analyst,Part-time,2024-11-01,Project Orion,Non-Billable,54.9
EMP00049,Senior Manager,Fixed-term,2024-11-01,Project Vega,Non-Billable,34.1
EMP00043,Intern,Contractor,2024-11-01,Project Falcon,Billable,64.1
EMP00316,Analyst,Permanent,2024-11-01,Project Titan,Non-Billable,166.7
EMP00011,Executive,Permanent,2024-11-01,Project Falcon,Non-Billable,69.5
EMP00098,Intern,Fixed-term,2024-11-01,Project Atlas,Non-Billable,38.2
EMP00077,Senior Analyst,Fixed-term,2024-11-01,Project Horizon,Non-Billable,146.4
EMP00030,Manager,Permanent,2024-11-01, Project Aurora,Non-Billable,112.4
EMP00086,Senior Analyst,Part-time,2024-11-01,Project Falcon,Billable,27.9
EMP00321,Manager,Part-time,2024-11-01,Project Zenith,Billable,25.5
EMP00130,Junior,Permanent,2024-11-01,Project Nova,Non-Billable,94.9
EMP00268,Senior Analyst,Permanent,2024-11-01,Project Horizon,Billable,41.5
EMP00021,Senior Analyst,Fixed-term,2024-11-01,Project Horizon,Billable,111.9
EMP00319,Analyst,Permanent,2024-12-01,Project Titan,Annual Leave,20.1
EMP00167,Junior,Permanent,2024-12-01,Project Nimbus,Non-Billable,149.0
EMP00153,Analyst,Part-time,2024-12-01,Project Zenith,Billable,23.7
EMP00308,Senior Analyst,Part-time,2024-12-01,Project Orion,Annual Leave,9.1
EMP00188,Analyst,Fixed-term,2024-12-01,,Maternity Leave,24.8
EMP00264,Junior,Part-time,2024-12-01,Project Orion,Annual Leave,12.4
EMP00270,Senior Analyst,Contractor,2024-12-01,Project Nimbus,Billable,59.2
EMP00070,Junior,Permanent,2024-12-01,Project Nimbus,Non-Billable,71.0
EMP00057,Intern,Part-time,2024-12-01,Project Nova,Annual Leave,36.5
EMP00102,Analyst,Contractor,2024-12-01,Project Vega,Non-Billable,96.4
EMP00155,Junior,Permanent,2024-12-01,Project Vega,Non-Billable,88.0
EMP00273,Junior,Fixed-term,2024-12-01,Project Falcon,Non-Billable,36.6
EMP00126,Senior Manager,Part-time,2024-12-01,Project Vega,Annual Leave,27.6
EMP00138,Senior Analyst,Part-time,2024-12-01,Project Vega,Annual Leave,12.8
EMP00339,Manager,Contractor,2024-12-01,Project Nova,Non-Billable,125.2
EMP00140,Intern,Permanent,2024-12-01,Project Aurora,Billable,83.6
EMP00247,Junior,Fixed-term,2024-12-01,Project Titan,Billable,73.0
EMP00213,Senior Analyst,Permanent,2024-12-01,Project Horizon,Annual Leave,17.6
EMP00337,Senior Manager,Permanent,2024-12-01,Project Falcon,Non-Billable,127.3
EMP00205,Manager,Permanent,2024-12-01,Project Atlas,Annual Leave,16.2
EMP00204,Junior,Permanent,2024-12-01,Project Zenith,Annual Leave,8.7
EMP00319,Analyst,Permanent,2024-12-01,Project Titan,Non-Billable,147.1
EMP00271,Senior Analyst,Permanent,2024-12-01,Project Aurora,Annual Leave,29.3
EMP00069,Senior Manager,Fixed-term,2024-12-01,Project Titan,Non-Billable,90.4
EMP00299,Senior Analyst,Fixed-term,2024-12-01,Project Nova,Non-Billable,110.9
EMP00040,Senior Analyst,Permanent,2024-12-01,Project Zenith,Billable,42.8
EMP00242,Intern,Permanent,2024-12-01,Project Nova,Annual Leave,28.5
EMP00204,Junior,Permanent,2024-12-01,Project Zenith,Billable,71.3
EMP00022,Analyst,Permanent,2024-12-01,Project Orion,Billable,38.2
EMP00124,Analyst,Permanent,2024-12-01,Project Atlas,Non-Billable,76.1
EMP00028,Analyst,Permanent,2024-12-01,Project Vega,Annual Leave,21.0
EMP00281,Analyst,Permanent,2024-12-01,Project Falcon,Billable,53.9
EMP00263,Analyst,Part-time,2024-12-01,Project Zenith,Billable,29.9
EMP00165,Executive,Permanent,2024-12-01,Project Orion,Non-Billable,84.8
EMP00029,Manager,Permanent,2024-12-01,Project Nimbus,Billable,48.4
EMP00289,Junior,Fixed-term,2024-12-01,Project Nova,Non-Billable,145.2
EMP00335,Senior Analyst,Permanent,2024-12-01,Project Falcon,Billable,69.7
EMP00245,Senior Analyst,Fixed-term,2024-12-01,Project Falcon,Annual Leave,10.2
EMP00270,Senior Analyst,Contractor,2024-12-01,Project Nimbus,Annual Leave,14.9
EMP00270,Senior Analyst,Contractor,2024-12-01,Project Nimbus,Non-Billable,72.5
EMP00101,Manager,Permanent,2024-12-01,Project Zenith,Non-Billable,140.8
EMP00282,Analyst,Fixed-term,2024-12-01,Project Aurora,Billable,52.3
EMP00146,Analyst,Permanent,2024-12-01,Project Aurora,Annual Leave,26.6
EMP00007,Junior,Permanent,2024-12-01,Project Vega,Non-Billable,149.6
EMP00174,Intern,Permanent,2024-12-01,Project Aurora,Non-Billable,71.5
EMP00306,Junior,Permanent,2024-12-01,Project Vega,Non-Billable,158.0
EMP00332,Senior Analyst,Permanent,2024-12-01,Project Falcon,Billable,-72.8
EMP00201,Analyst,Permanent,2024-12-01,Project Falcon,Billable,44.5
EMP00162,Manager,Freelancer,2024-12-01,Project Orion,Annual Leave,24.4
EMP00324,Junior,Permanent,2024-12-01,Project Falcon,Billable,33.6
EMP00231,Intern,Fixed-term,2024-12-01,Project Atlas,Annual Leave,16.4
EMP00311,Analyst,Permanent,2024-12-01,Project Nimbus,Non-Billable,167.9
EMP00163,Senior Analyst,Part-time,2024-12-01,Project Aurora,Non-Billable,68.1
EMP00268,Senior Analyst,Permanent,2024-12-01,Project Horizon,Billable,32.4
EMP00024,Intern,Freelancer,2024-12-01,Project Zenith,Annual Leave,38.3
EMP00272,Senior Analyst,Contractor,2024-12-01,Project Zenith,Non-Billable,73.4
EMP00024,Intern,Freelancer,2024-12-01,Project Zenith,Billable,64.6
EMP00086,Senior Analyst,Part-time,2024-12-01,Project Falcon,Annual Leave,30.7
EMP00291,Analyst,Fixed-term,2024-12-01,Project Horizon,Annual Leave,26.5
EMP00064,Senior Analyst,Permanent,2024-12-01,Project Nimbus,Non-Billable,49.9
EMP00211,Manager,Fixed-term,2024-12-01,Project Orion,Annual Leave,30.6
EMP00331,Senior Analyst,Permanent,2024-12-01,Project Aurora,Annual Leave,37.7
EMP00224,Senior Manager,Fixed-term,2024-12-01,Project Falcon,Non-Billable,136.6
EMP00282,Analyst,Fixed-term,2024-12-01,Project Aurora,Annual Leave,38.1
EMP00311,Analyst,Permanent,2024-12-01,Project Nimbus,Annual Leave,10.3
EMP00328,Analyst,Permanent,2024-12-01,Project Falcon,Annual Leave,14.7
EMP00298,Junior,Freelancer,2024-12-01,Project Atlas,Non-Billable,74.3
EMP00026,Analyst,Permanent,2024-12-01,Project Nimbus,Non-Billable,123.2
EMP00238,Intern,Permanent,2024-12-01,Project Nova,Billable,79.9
EMP00080,Analyst,Part-time,2024-12-01,Project Nova,Non-Billable,24.2
EMP00186,Junior,Part-time,2024-12-01,Project Orion,Non-Billable,55.0
EMP00291,Analyst,Fixed-term,2024-12-01,Project Horizon,Non-Billable,77.1
EMP00011,Executive,Permanent,2024-12-01,Project Falcon,Annual Leave,15.6
EMP00261,Analyst,Part-time,2024-12-01,Project Titan,Non-Billable,52.4
EMP00266,Manager,Fixed-term,2024-12-01,Project Orion,Annual Leave,38.0
EMP00326,Manager,Permanent,2024-12-01,Project Falcon,Annual Leave,31.1
EMP00005,Intern,Permanent,2024-12-01,Project Zenith,Billable,47.6
EMP00220,Analyst,Contractor,2024-12-01,Project Titan,Annual Leave,33.7
EMP00264,Junior,Part-time,2024-12-01,Project Orion,Billable,27.8
EMP00309,Manager,Permanent,2024-12-01,Project Nova,Annual Leave,24.2
EMP00044,Director,Permanent,2024-12-01,Project Orion,Annual Leave,31.7
EMP00186,Junior,Part-time,2024-12-01,Project Orion,Annual Leave,39.5
EMP00100,Junior,Freelancer,2024-12-01,Project Titan,Non-Billable,97.2
EMP00093,Analyst,Fixed-term,2024-12-01,Project Orion,Non-Billable,81.0
EMP00014,Senior Manager,Contractor,2024-12-01,Project Horizon,Billable,57.1
EMP00020,Senior Manager,Permanent,2024-12-01,Project Horizon,Annual Leave,24.5
EMP00078,Analyst,Contractor,2024-12-01,Project Aurora,Billable,43.1
EMP00048,Intern,Permanent,2024-12-01,Project Atlas,Non-Billable,57.1
EMP00247,Junior,Fixed-term,2024-12-01,Project Titan,Non-Billable,92.6
EMP00316,Analyst,Permanent,2024-12-01,Project Titan,Annual Leave,30.6
EMP00149,Senior Analyst,Permanent,2024-12-01,Project Falcon,Non-Billable,146.6
EMP00308,Senior Analyst,Part-time,2024-12-01,Project Orion,Billable,24.2
EMP00187,Analyst,Permanent,2024-12-01,Project Orion,Non-Billable,68.1
EMP00080,Analyst,Part-time,2024-12-01,Project Nova,Billable,53.2
EMP00074,Junior,Permanent,2024-12-01,Project Horizon,Annual Leave,19.5
EMP00169,Analyst,Fixed-term,2024-12-01,Project Falcon,Annual Leave,20.9
EMP00339,Manager,Contractor,2024-12-01,Project Nova,Annual Leave,24.9
EMP00252,Intern,Part-time,2024-12-01,Project Titan,Non-Billable,80.6
EMP00134,Analyst,Permanent,2024-12-01,Project Orion,Non-Billable,136.7
EMP00150,Senior Manager,Fixed-term,2024-12-01,Project Atlas,Billable,71.5
EMP00324,Junior,Permanent,2024-12-01,Project Falcon,Non-Billable,101.3
EMP00335,Senior Analyst,Permanent,2024-12-01,Project Falcon,Annual Leave,17.7
EMP00087,Analyst,Contractor,2024-12-01,Project Atlas,Non-Billable,92.8
EMP00135,Senior Analyst,Fixed-term,2024-12-01,Project Horizon,Annual Leave,31.3
EMP00036,Senior Manager,Permanent,2024-12-01,Project Nimbus,Billable,90.6
EMP00034,Senior Manager,Permanent,2024-12-01,Project Atlas,Annual Leave,36.4
EMP00165,Executive,Permanent,2024-12-01,Project Orion,Billable,66.2
EMP00284,Analyst,Permanent,2024-12-01,Project Falcon,Billable,96.6
EMP00261,Analyst,Part-time,2024-12-01,Project Titan,Annual Leave,23.9
EMP00030,Manager,Permanent,2024-12-01,Project Aurora,Billable,69.5
EMP00185,Junior,Part-time,2024-12-01,Project Horizon,Billable,25.2
EMP00056,Analyst,Permanent,2024-12-01,Project Aurora,Billable,48.3
EMP00325,Director,Fixed-term,2024-12-01,PROJECT FALCON,Annual Leave,25.7
EMP00093,Analyst,Fixed-term,2024-12-01,Project Orion,Billable,69.2
EMP00288,Junior,Permanent,2024-12-01,Project Zenith,Non-Billable,106.2
EMP00056,Analyst,Permanent,2024-12-01,Project Aurora,Non-Billable,111.1
EMP00136,Senior Analyst,Fixed-term,2024-12-01,Project Orion,Non-Billable,132.5
EMP00083,Intern,Permanent,2024-12-01,Project Nimbus,Billable,63.1
EMP00332,Senior Analyst,Permanent,2024-12-01,Project Falcon,Annual Leave,9.7
EMP00256,Manager,Part-time,2024-12-01,Project Atlas,Non-Billable,71.2
EMP00321,Manager,Part-time,2024-12-01,Project Zenith,Annual Leave,14.7
EMP00338,Intern,Contractor,2024-12-01,Project Nova,Billable,52.8
EMP00235,Analyst,Fixed-term,2024-12-01,Project Falcon,Billable,41.2
EMP00124,Analyst,Permanent,2024-12-01,Project Atlas,Billable,69.1
EMP00094,Senior Analyst,Contractor,2024-12-01,Project Vega,Non-Billable,87.7
EMP00265,Intern,Permanent,2024-12-01,Project Zenith,Non-Billable,92.5
EMP00029,Manager,Permanent,2024-12-01,Project Nimbus,Annual Leave,27.8
EMP00005,Intern,Permanent,2024-12-01,Project Zenith,Non-Billable,116.0
EMP00185,Junior,Part-time,2024-12-01,Project Horizon,Non-Billable,40.4
EMP00200,Senior Manager,Fixed-term,2024-12-01,Project Vega,Non-Billable,73.1
EMP00043,Intern,Contractor,2024-12-01,Project Falcon,Billable,64.8
EMP00033,Director,Fixed-term,2024-12-01,Project Horizon,Billable,55.4
EMP00175,Manager,Permanent,2024-12-01,Project Atlas,Annual Leave,15.5
EMP00194,Analyst,Freelancer,2024-12-01,Project Vega,Billable,41.9
EMP00055,Senior Manager,Fixed-term,2024-12-01,Project Atlas,Non-Billable,79.9
EMP00050,Manager,Freelancer,2024-12-01,Project Vega,Non-Billable,107.8
EMP00200,Senior Manager,Fixed-term,2024-12-01,Project Vega,Billable,55.9
EMP00160,Junior,Contractor,2024-12-01,Project Atlas,Billable,89.2
EMP00148,Junior,Permanent,2024-12-01,Project Nova,Annual Leave,31.8
EMP00163,Senior Analyst,Part-time,2024-12-01,,Paternity Leave,29.8
EMP00132,Junior,Fixed-term,2024-12-01,Project Nimbus,Non-Billable,149.8
EMP00185,Junior,Part-time,2024-12-01,Project Horizon,Annual Leave,30.4
EMP00214,Senior Analyst,Freelancer,2024-12-01,Project Orion,Billable,26.5
EMP00083,Intern,Permanent,2024-12-01,Project Nimbus,Non-Billable,84.4
EMP00154,Junior,Part-time,2024-12-01,Project Nimbus,Billable,34.7
EMP00138,Senior Analyst,Part-time,2024-12-01,Project Vega,Billable,37.5
EMP00142,Analyst,Permanent,2024-12-01,Project Falcon,Annual Leave,14.0
EMP00206,Senior Analyst,Part-time,2024-12-01,Project Nimbus,Billable,22.6
EMP00229,Intern,Contractor,2024-12-01,Project Aurora,Annual Leave,23.9
EMP00040,Senior Analyst,Permanent,2024-12-01,Project Zenith,Non-Billable,97.4
EMP00199,Junior,Fixed-term,2024-12-01,Project Titan,Annual Leave,25.9
EMP00132,Junior,Fixed-term,2024-12-01,Project Nimbus,Annual Leave,20.4
EMP00202,Junior,Permanent,2024-12-01,Project Atlas,Annual Leave,35.2
EMP00322,Senior Analyst,Part-time,2024-12-01,Project Vega,Billable,28.4
EMP00285,Analyst,Fixed-term,2024-12-01,Project Aurora,Annual Leave,31.2
EMP00189,Senior Analyst,Part-time,2024-12-01,Project Nimbus,Billable,31.6
EMP00063,Junior,Permanent,2024-12-01,Project Falcon,Non-Billable,74.0
EMP00233,Junior,Permanent,2024-12-01,Project Orion,Billable,37.2
EMP00023,Junior,Permanent,2024-12-01,Project Aurora,Annual Leave,30.0
EMP00021,Senior Analyst,Fixed-term,2024-12-01,,Non-Billable,50.1
EMP00056,Analyst,Permanent,2024-12-01,Project Aurora,Annual Leave,11.1
EMP00069,Senior Manager,Fixed-term,2024-12-01,Project Titan,Billable,58.1
EMP00045,Analyst,Fixed-term,2024-12-01,Project Atlas,Billable,61.5
EMP00240,Senior Analyst,Permanent,2024-12-01,Project Titan,Non-Billable,41.1
EMP00245,Senior Analyst,Fixed-term,2024-12-01,Project Falcon,Non-Billable,30.8
EMP00187,Analyst,Permanent,2024-12-01,Project Orion,Annual Leave,15.2
EMP00117,Intern,Fixed-term,2024-12-01,Project Horizon,Annual Leave,31.6
EMP00104,Junior,Permanent,2024-12-01,Project Falcon,Non-Billable,83.7
EMP00301,Analyst,Freelancer,2024-12-01,Project Vega,Annual Leave,33.8
EMP00240,Senior Analyst,Permanent,2024-12-01,Project Titan,Annual Leave,28.7
EMP00258,Senior Manager,Permanent,2024-12-01,Project Vega,Billable,72.6
EMP00066,Senior Analyst,Permanent,2024-12-01,Project Falcon,Non-Billable,94.4
EMP00275,Junior,Part-time,2024-12-01,Project Atlas,Billable,27.1
EMP00328,Analyst,Permanent,2024-12-01,Project Falcon,Billable,67.2
EMP00160,Junior,Contractor,2024-12-01,,Paternity Leave,23.8
EMP00239,Analyst,Freelancer,2024-12-01,Project Vega,Non-Billable,33.4
EMP00140,Intern,Permanent,2024-12-01,Project Aurora,Non-Billable,72.9
EMP00009,Manager,Freelancer,2024-12-01,Project Nova,Non-Billable,39.2
EMP00086,Senior Analyst,Part-time,2024-12-01,Project Falcon,Non-Billable,41.9
EMP00154,Junior,Part-time,2024-12-01,Project Nimbus,Annual Leave,10.6
EMP00096,Senior Analyst,Contractor,2024-12-01,Project Zenith,Billable,72.2
EMP00249,Junior,Permanent,2024-12-01,Project Horizon,Annual Leave,14.6
EMP00009,Manager,Freelancer,2024-12-01,Project Nova,Annual Leave,9.5
EMP00016,Junior,Permanent,2024-12-01,Project  Horizon,Billable,75.4
EMP00211,Manager,Fixed-term,2024-12-01,Project Orion,Billable,60.9
EMP00306,Junior,Permanent,2024-12-01,,Paternity Leave,17.6
EMP00103,Director,Fixed-term,2024-12-01,Project Nova,Non-Billable,39.0
EMP00022,Analyst,Permanent,2024-12-01,Project Orion,Non-Billable,100.8
EMP00202,Junior,Permanent,2024-12-01,Project Atlas,Billable,49.5
EMP00294,Senior Manager,Permanent,2024-12-01,Project Nova,Non-Billable,29.6
EMP00233,Junior,Permanent,2024-12-01,Project Orion,Annual Leave,20.7
EMP00020,Senior Manager,Permanent,2024-12-01,Project Horizon,Billable,60.0
EMP00304,Senior Manager,Permanent,2024-12-01,Project Horizon,Non-Billable,86.6
EMP00232,Analyst,Permanent,2024-12-01,Project Falcon,Annual Leave,32.9
EMP00105,Junior,Permanent,2024-12-01,Project Aurora,Annual Leave,20.6
EMP00064,Senior Analyst,Permanent,2024-12-01,Project Nimbus,Annual Leave,12.0
EMP00297,Junior,Permanent,2024-12-01,Project Vega,Billable,49.6
EMP00140,Intern,Permanent,2024-12-01,Project Aurora,Annual Leave,15.1
EMP00146,Analyst,Permanent,2024-12-01,Project Aurora,Non-Billable,45.7
EMP00101,Manager,Permanent,2024-12-01,,Maternity Leave,34.0
EMP00012,Analyst,Fixed-term,2024-12-01,Project Nimbus,Non-Billable,91.5
EMP00007,Junior,Permanent,2024-12-01,Project Vega,Annual Leave,16.0
EMP00109,Manager,Permanent,2024-12-01,Project Nimbus,Non-Billable,87.2
EMP00077,Senior Analyst,Fixed-term,2024-12-01,Project Horizon,Non-Billable,155.7
EMP00307,Analyst,Part-time,2024-12-01,Project Horizon,Non-Billable,47.4
EMP00148,Junior,Permanent,2024-12-01,Project Nova,Billable,58.6
EMP00023,Junior,Permanent,2024-12-01,Project Aurora,Billable,71.7
EMP00195,Junior,Permanent,2024-12-01,Project Titan,Annual Leave,27.6
EMP00082,Analyst,Permanent,2024-12-01,Project Nimbus,Non-Billable,148.6
EMP00087,Analyst,Contractor,2024-12-01,Project Atlas,Billable,53.1
EMP00310,Senior Analyst,Fixed-term,2024-12-01,Project Atlas,Non-Billable,155.1
EMP00294,Senior Manager,Permanent,2024-12-01,Project Nova,Annual Leave,38.1
EMP00031,Manager,Contractor,2024-12-01,Project Nimbus,Billable,52.6
EMP00226,Senior Analyst,Part-time,2024-12-01,Project Vega,Annual Leave,30.0
EMP00291,Analyst,Fixed-term,2024-12-01,Project Horizon,Billable,56.3
EMP00058,Manager,Freelancer,2024-12-01,Project Zenith,Billable,48.1
EMP00110,Junior,Part-time,2024-12-01,Project Horizon,Billable,27.7
EMP00104,Junior,Permanent,2024-12-01,Project Falcon,Billable,59.2
EMP00250,Senior Manager,Fixed-term,2024-12-01,Project Zenith,Billable,65.4
EMP00254,Manager,Freelancer,2024-12-01,Project Orion,Non-Billable,70.2
EMP00019,Senior Analyst,Permanent,2024-12-01,Project Zenith,Annual Leave,26.9
EMP00128,Manager,Fixed-term,2024-12-01,Project Vega,Non-Billable,98.1
EMP00184,Junior,Permanent,2024-12-01,Project Falcon,Billable,53.0
EMP00233,Junior,Permanent,2024-12-01,Project Orion,Non-Billable,96.8
EMP00126,Senior Manager,Part-time,2024-12-01,Project Vega,Billable,34.3
EMP00179,Analyst,Part-time,2024-12-01,Project Nimbus,Annual Leave,28.6
EMP00014,Senior Manager,Contractor,2024-12-01,Project Horizon,Annual Leave,32.2
EMP00012,Analyst,Fixed-term,2024-12-01,Project Nimbus,Annual Leave,38.9
EMP00006,Analyst,Contractor,2024-12-01,Project Zenith,Billable,62.9
EMP00055,Senior Manager,Fixed-term,2024-12-01,Project Atlas,Annual Leave,26.3
EMP00075,Analyst,Permanent,2024-12-01,Project Atlas,Annual Leave,38.9
EMP00042,Junior,Permanent,2024-12-01,Project Zenith,Annual Leave,21.7
EMP00255,Analyst,Freelancer,2024-12-01,Project Nova,Annual Leave,29.4
EMP00293,Manager,Fixed-term,2024-12-01,Project Aurora,Non-Billable,84.2
EMP00293,Manager,Fixed-term,2024-12-01,Project Aurora,Annual Leave,25.9
EMP00263,Analyst,Part-time,2024-12-01,Project Zenith,Annual Leave,11.5
EMP00162,Manager,Freelancer,2024-12-01,Project Orion,Non-Billable,103.4
EMP00150,Senior Manager,Fixed-term,2024-12-01,Project Atlas,Annual Leave,12.5
EMP00199,Junior,Fixed-term,2024-12-01,Project Titan,Non-Billable,85.9
EMP00041,Intern,Permanent,2024-12-01,Project Vega,Non-Billable,153.5
EMP00256,Manager,Part-time,2024-12-01,Project Atlas,Annual Leave,25.8
EMP00252,Intern,Part-time,2024-12-01,Project Titan,Annual Leave,14.0
EMP00275,Junior,Part-time,2024-12-01,Project Atlas,Non-Billable,44.4
EMP00124,Analyst,Permanent,2024-12-01,Project Atlas,Annual Leave,27.3
EMP00021,Senior Analyst,Fixed-term,2024-12-01,Project Horizon,Annual Leave,25.6
EMP00267,Intern,Freelancer,2024-12-01,Project Atlas ,Billable,51.5
EMP00135,Senior Analyst,Fixed-term,2024-12-01,Project Horizon,Non-Billable,60.2
EMP00284,Analyst,Permanent,2024-12-01,Project Falcon,Annual Leave,29.5
EMP00052,Analyst,Freelancer,2024-12-01,Project Falcon,Billable,58.0
EMP00091,Senior Analyst,Permanent,2024-12-01,Project Nova,Annual Leave,30.4
EMP00047,Senior Analyst,Part-time,2024-12-01,Project Zenith,Annual Leave,30.2
EMP00246,Manager,Part-time,2024-12-01,Project Zenith,Billable,51.1
EMP00050,Manager,Freelancer,2024-12-01,Project Vega,Annual Leave,10.6
EMP00005,Intern,Permanent,2024-12-01,Project Zenith,Annual Leave,13.9
EMP00110,Junior,Part-time,2024-12-01,Project Horizon,Non-Billable,49.7
EMP00067,Manager,Part-time,2024-12-01,Project Vega,Annual Leave,22.8
EMP00266,Manager,Fixed-term,2024-12-01,Project Orion,Non-Billable,75.7
EMP00222,Senior Analyst,Permanent,2024-12-01,Project Vega,Annual Leave,33.9
EMP00159,Junior,Permanent,2024-12-01,Project Vega,Annual Leave,33.9
EMP00151,Analyst,Fixed-term,2024-12-01,Project Vega,Non-Billable,65.0
EMP00250,Senior Manager,Fixed-term,2024-12-01,Project Zenith,Non-Billable,97.9
EMP00018,Manager,Fixed-term,2024-12-01,Project Horizon,Billable,69.0
EMP00318,Junior,Contractor,2024-12-01,Project Nimbus,Non-Billable,143.3
EMP00031,Manager,Contractor,2024-12-01,Project Nimbus,Non-Billable,57.5
EMP00168,Junior,Permanent,2024-12-01,Project Atlas,Non-Billable,149.1
EMP00286,Analyst,Fixed-term,2024-12-01,Project Nimbus,Non-Billable,89.4
EMP00212,Junior,Fixed-term,2024-12-01,Project Vega,Annual Leave,12.6
EMP00116,Manager,Fixed-term,2024-12-01,Project Zenith,Annual Leave,35.3
EMP00155,Junior,Permanent,2024-12-01,Project Vega,Billable,62.4
EMP00299,Senior Analyst,Fixed-term,2024-12-01,Project Nova,Billable,40.7
EMP00143,Analyst,Permanent,2024-12-01,Project Orion,Billable,47.9
EMP00032,Manager,Contractor,2024-12-01,Project Atlas,Annual Leave,37.4
EMP00041,Intern,Permanent,2024-12-01,,Paternity Leave,24.8
EMP00008,Director,Permanent,2024-12-01,Project Nimbus,Billable,68.0
EMP00176,Senior Manager,Freelancer,2024-12-01,Project Nova,Non-Billable,73.1
EMP00090,Director,Permanent,2024-12-01,Project Nova,Billable,61.0
EMP00172,Senior Analyst,Part-time,2024-12-01,Project Zenith,Annual Leave,12.3
EMP00121,Senior Analyst,Contractor,2024-12-01,Project Nimbus,Annual Leave,32.4
EMP00280,Manager,Permanent,2024-12-01,Project Orion,Non-Billable,143.7
EMP00212,Junior,Fixed-term,2024-12-01,Project Vega,Billable,48.7
EMP00215,Junior,Contractor,2024-12-01,Project Zenith,Annual Leave,30.2
EMP00134,Analyst,Permanent,2024-12-01,Project Orion,Annual Leave,23.9
EMP00102,Analyst,Contractor,2024-12-01,Project Vega,Annual Leave,19.4
EMP00251,Director,Fixed-term,2024-12-01,Project Falcon,Billable,74.7
EMP00238,Intern,Permanent,2024-12-01,Project Nova,Annual Leave,11.9
EMP00159,Junior,Permanent,2024-12-01,Project Vega,Non-Billable,92.6
EMP00248,Analyst,Contractor,2024-12-01,Project Nova,Billable,53.3
EMP00225,Senior Analyst,Permanent,2024-12-01,Project Vega,Annual Leave,24.6
EMP00083,Intern,Permanent,2024-12-01,Project Nimbus,Annual Leave,25.0
EMP00331,Senior Analyst,Permanent,2024-12-01,Project Aurora,Billable,41.2
EMP00265,Intern,Permanent,2024-12-01,Project Zenith,Annual Leave,39.3
EMP00109,Manager,Permanent,2024-12-01,Project Nimbus,Annual Leave,34.8
EMP00214,Senior Analyst,Freelancer,2024-12-01,Project Orion,Annual Leave,39.5
EMP00200,Senior Manager,Fixed-term,2024-12-01,Project Vega,Annual Leave,23.4
EMP00066,Senior Analyst,Permanent,2024-12-01,Project Falcon,Billable,39.9
EMP00300,Analyst,Fixed-term,2024-12-01,Project Nimbus,Annual Leave,35.5
EMP00139,Intern,Permanent,2024-12-01,Project Titan,Annual Leave,11.5
EMP00117,Intern,Fixed-term,2024-12-01,Project Horizon,Billable,49.5
EMP00203,Analyst,Contractor,2024-12-01,Project Atlas,Non-Billable,141.4
EMP00105,Junior,Permanent,2024-12-01,Project Aurora,Non-Billable,108.1
EMP00030,Manager,Permanent,2024-12-01,Project Aurora,Non-Billable,77.3
EMP00212,Junior,Fixed-term,2024-12-01,Project Vega,Non-Billable,90.1
EMP00226,Senior Analyst,Part-time,2024-12-01,Project Vega,Non-Billable,47.4
EMP00047,Senior Analyst,Part-time,2024-12-01,Project Zenith,Non-Billable,45.5
EMP00281,Analyst,Permanent,2024-12-01,Project Falcon,Non-Billable,100.5
EMP00210,Director,Fixed-term,2024-12-01,Project Nova,Annual Leave,16.2
EMP00201,Analyst,Permanent,2024-12-01,Project Falcon,Non-Billable,105.6
EMP00131,Junior,Contractor,2024-12-01,Project Orion,Billable,66.7
EMP00235,Analyst,Fixed-term,2024-12-01,Project Falcon,Non-Billable,90.9
EMP00242,Intern,Permanent,2024-12-01,Project Nova,Non-Billable,91.1
EMP00330,Senior Analyst,Part-time,2024-12-01,Project Nimbus,Billable,19.5
EMP00106,Intern,Contractor,2024-12-01,Project Nova,Non-Billable,64.4
EMP00081,Manager,Fixed-term,2024-12-01,Project  Aurora,Annual Leave,26.5
EMP00269,Intern,Fixed-term,2024-12-01,Project Nimbus,Billable,52.1
EMP00217,Analyst,Permanent,2024-12-01,Project Falcon,Annual Leave,11.7
EMP00327,Intern,Fixed-term,2024-12-01,Project Aurora,Billable,113.7
EMP00042,Junior,Permanent,2024-12-01,Project Zenith,Billable,100.6
EMP00048,Intern,Permanent,2024-12-01,Project Atlas,Annual Leave,34.8
EMP00098,Intern,Fixed-term,2024-12-01,Project Atlas,Non-Billable,49.4
EMP00035,Manager,Permanent,2024-12-01,Project Aurora,Billable,73.0
EMP00151,Analyst,Fixed-term,2024-12-01,Project Vega,Billable,56.0
EMP00231,Intern,Fixed-term,2024-12-01,Project Atlas,Non-Billable,102.2
EMP00110,Junior,Part-time,2024-12-01,Project Horizon,Annual Leave,20.7
EMP00218,Analyst,Fixed-term,2024-12-01,Project Nimbus,Non-Billable,85.6
EMP00129,Analyst,Permanent,2024-12-01,Project Atlas,Annual Leave,38.4
EMP00040,Senior Analyst,Permanent,2024-12-01,Project Zenith,Annual Leave,25.2
EMP00035,Manager,Permanent,2024-12-01,Project Aurora,Non-Billable,79.7
EMP00244,Senior Analyst,Permanent,2024-12-01,Project Nimbus,Non-Billable,40.4
EMP00325,Director,Fixed-term,2024-12-01,Project Falcon,Non-Billable,142.1
EMP00102,Analyst,Contractor,2024-12-01,Project Vega,Billable,31.2
EMP00173,Manager,Freelancer,2024-12-01,Project Aurora,Non-Billable,100.4
EMP00286,Analyst,Fixed-term,2024-12-01,Project Nimbus,Annual Leave,18.5
EMP00171,Analyst,Permanent,2024-12-01,Project Zenith,Non-Billable,83.8
EMP00119,Senior Analyst,Part-time,2024-12-01,Project Horizon,Non-Billable,58.2
EMP00322,Senior Analyst,Part-time,2024-12-01,Project Vega,Annual Leave,31.5
EMP00126,Senior Manager,Part-time,2024-12-01,Project Vega,Non-Billable,34.0
EMP00204,Junior,Permanent,2024-12-01,Project Zenith,Non-Billable,87.2
EMP00116,Manager,Fixed-term,2024-12-01,Project Zenith,Non-Billable,40.4
EMP00127,Analyst,Freelancer,2024-12-01,Project Nova,Non-Billable,59.1
EMP00263,Analyst,Part-time,2024-12-01,Project Zenith,Non-Billable,48.6
EMP00308,Senior Analyst,Part-time,2024-12-01,Project Orion,Non-Billable,64.8
EMP00113,Analyst,Permanent,2024-12-01,Project Atlas,Non-Billable,137.0
EMP00003,Intern,Freelancer,2024-12-01,Project Zenith,Non-Billable,57.0
EMP00103,Director,Fixed-term,2024-12-01,Project Nova,Annual Leave,11.1
EMP00196,Analyst,Part-time,2024-12-01,Project Orion,Annual Leave,35.1
EMP00093,Analyst,Fixed-term,2024-12-01,Project Orion,Annual Leave,22.4
EMP00172,Senior Analyst,Part-time,2024-12-01,Project Zenith,Non-Billable,86.3
EMP00070,Junior,Permanent,2024-12-01,Project Nimbus,Billable,50.0
EMP00039,Analyst,Permanent,2024-12-01,Project Atlas,Annual Leave,13.6
EMP00188,Analyst,Fixed-term,2024-12-01,Project Orion,Non-Billable,76.1
EMP00030,Manager,Permanent,2024-12-01,Project Aurora,Annual Leave,23.6
EMP00136,Senior Analyst,Fixed-term,2024-12-01,Project Orion,Annual Leave,38.8
EMP00087,Analyst,Contractor,2024-12-01,Project Atlas,Annual Leave,10.1
EMP00287,Senior Analyst,Contractor,2024-12-01,Project Aurora,Billable,37.7
EMP00064,Senior Analyst,Permanent,2024-12-01,Project Nimbus,Billable,99.5
EMP00044,Director,Permanent,2024-12-01,Project Orion,Billable,58.0
EMP00240,Senior Analyst,Permanent,2024-12-01,Project Titan,Billable,92.5
EMP00173,Manager,Freelancer,2024-12-01,Project Aurora,Annual Leave,32.8
EMP00138,Senior Analyst,Part-time,2024-12-01,Project Vega,Non-Billable,42.6
EMP00025,Senior Analyst,Contractor,2024-12-01,Project Titan,Non-Billable,59.4
EMP00248,Analyst,Contractor,2024-12-01,Project Nova,Non-Billable,55.7
EMP00180,Analyst,Fixed-term,2024-12-01,Project Orion,Annual Leave,30.6
EMP00047,Senior Analyst,Part-time,2024-12-01,Project Zenith,Billable,17.4
EMP00113,Analyst,Permanent,2024-12-01,Project Atlas,Annual Leave,37.2
EMP00289,Junior,Fixed-term,2024-12-01,Project Nova,Annual Leave,36.1
EMP00273,Junior,Fixed-term,2024-12-01,Project Falcon,Billable,123.4
EMP00194,Analyst,Freelancer,2024-12-01,Project Vega,Non-Billable,65.7
EMP00322,Senior Analyst,Part-time,2024-12-01,Project Vega,Non-Billable,40.5
EMP00258,Senior Manager,Permanent,2024-12-01,Project Vega,Non-Billable,55.1
EMP00082,Analyst,Permanent,2024-12-01,Project Nimbus,Annual Leave,20.0
EMP00076,Intern,Permanent,2024-12-01,Project Titan,Billable,47.6
EMP00099,Analyst,Permanent,2024-12-01,Project Titan,Annual Leave,35.7
EMP00272,Senior Analyst,Contractor,2024-12-01,Project Zenith,Billable,55.3
EMP00023,Junior,Permanent,2024-12-01,Project Aurora,Non-Billable,85.1
EMP00153,Analyst,Part-time,2024-12-01,Project Zenith,Annual Leave,17.8
EMP00086,Senior Analyst,Part-time,2024-12-01,Project Falcon,Annual Leave,30.7
EMP00049,Senior Manager,Fixed-term,2024-12-01,Project Vega,Billable,102.4
EMP00223,Senior Manager,Permanent,2024-12-01,Project Titan,Billable,96.6
EMP00255,Analyst,Freelancer,2024-12-01,Project Nova,Billable,34.8
EMP00019,Senior Analyst,Permanent,2024-12-01,Project Zenith,Billable,69.8
EMP00027,Senior Analyst,Permanent,2024-12-01,Project Titan,Non-Billable,89.7
EMP00008,Director,Permanent,2024-12-01,Project Nimbus,Annual Leave,9.2
EMP00133,Analyst,Freelancer,2024-12-01,Project Zenith,Non-Billable,78.0
EMP00235,Analyst,Fixed-term,2024-12-01,Project Falcon,Annual Leave,32.0
EMP00312,Analyst,Fixed-term,2024-12-01,Project Atlas,Annual Leave,12.3
EMP00135,Senior Analyst,Fixed-term,2024-12-01,Project Horizon,Billable,79.1
EMP00024,Intern,Freelancer,2024-12-01,Project Zenith,Non-Billable,29.8
EMP00206,Senior Analyst,Part-time,2024-12-01,Project Nimbus,Non-Billable,42.0
EMP00020,Senior Manager,Permanent,2024-12-01,Project Horizon,Non-Billable,80.2
EMP00286,Analyst,Fixed-term,2024-12-01,Project Nimbus,Billable,54.5
EMP00208,Analyst,Permanent,2024-12-01,Project Nimbus,Annual Leave,12.7
EMP00059,Manager,Fixed-term,2024-12-01,Project Titan,Non-Billable,114.3
EMP00035,Manager,Permanent,2024-12-01,Project Aurora,Annual Leave,26.8
EMP00287,Senior Analyst,Contractor,2024-12-01,Project Aurora,Annual Leave,36.7
EMP00013,Analyst,Part-time,2024-12-01,Project Atlas,Billable,24.6
EMP00029,Manager,Permanent,2024-12-01,Project Nimbus,Non-Billable,93.4
EMP00125,Senior Analyst,Fixed-term,2024-12-01,Project Titan,Non-Billable,97.3
EMP00195,Junior,Permanent,2024-12-01,Project Titan,Non-Billable,110.7
EMP00108,Junior,Permanent,2024-12-01,Project Titan,Non-Billable,71.5
EMP00108,Junior,Permanent,2024-12-01,Project Titan,Annual Leave,35.1
EMP00072,Senior Analyst,Permanent,2024-12-01,Project Titan,Annual Leave,25.4
EMP00245,Senior Analyst,Fixed-term,2024-12-01,Project Falcon,Billable,129.5
EMP00310,Senior Analyst,Fixed-term,2024-12-01,Project Atlas,Annual Leave,8.4
EMP00090,Director,Permanent,2024-12-01,Project Nova,Non-Billable,95.0
EMP00099,Analyst,Permanent,2024-12-01,Project Titan,Billable,30.4
EMP00258,Senior Manager,Permanent,2024-12-01,Project Vega,Annual Leave,39.0
EMP00251,Director,Fixed-term,2024-12-01,Project Falcon,Non-Billable,66.8
EMP00282,Analyst,Fixed-term,2024-12-01,Project Aurora,Non-Billable,81.6
EMP00294,Senior Manager,Permanent,2024-12-01,Project Nova,Billable,105.4
EMP00133,Analyst,Freelancer,2024-12-01,Project Zenith,Annual Leave,26.8
EMP00080,Analyst,Part-time,2024-12-01,Project Nova,Annual Leave,20.4
EMP00111,Senior Analyst,Fixed-term,2024-12-01,Project Nova,Annual Leave,30.3
EMP00159,Junior,Permanent,2024-12-01,Project Vega,Billable,39.8
EMP00012,Analyst,Fixed-term,2024-12-01,Project Nimbus,Billable,36.5
EMP00338,Intern,Contractor,2024-12-01,Project Nova,Non-Billable,65.1
EMP00297,Junior,Permanent,2024-12-01,Project Vega,Annual Leave,11.9
EMP00063,Junior,Permanent,2024-12-01,Project Falcon,Annual Leave,27.2
EMP00086,Senior Analyst,Part-time,2024-12-01,Project Falcon,Billable,19.5
EMP00210,Director,Fixed-term,2024-12-01,Project Nova,Non-Billable,41.9
EMP00094,Senior Analyst,Contractor,2024-12-01,Project Vega,Annual Leave,21.0
EMP00003,Intern,Freelancer,2024-12-01,Project Zenith,Annual Leave,38.1
EMP00302,Junior,Fixed-term,2024-12-01,Project Zenith,Non-Billable,142.4
EMP00171,Analyst,Permanent,2024-12-01,Project Zenith,Annual Leave,19.0
EMP00033,Director,Fixed-term,2024-12-01,Project Horizon,Non-Billable,85.3
EMP00177,Analyst,Contractor,2024-12-01,Project Falcon,Billable,46.3
EMP00154,Junior,Part-time,2024-12-01,Project Nimbus,Non-Billable,42.6
EMP00158,Senior Analyst,Fixed-term,2024-12-01,,Maternity Leave,25.0
EMP00268,Senior Analyst,Permanent,2024-12-01,Project Horizon,Non-Billable,107.8
EMP00304,Senior Manager,Permanent,2024-12-01,Project Horizon,Annual Leave,29.0
EMP00271,Senior Analyst,Permanent,2024-12-01,Project Aurora,Non-Billable,134.1
EMP00169,Analyst,Fixed-term,2024-12-01,Project Falcon,Non-Billable,86.2
EMP00218,Analyst,Fixed-term,2024-12-01,Project Nimbus,Annual Leave,15.4
EMP00105,Junior,Permanent,2024-12-01,Project Aurora,Billable,42.5
EMP00312,Analyst,Fixed-term,2024-12-01,Project Atlas,Billable,125.3
EMP00328,Analyst,Permanent,2024-12-01,Project Falcon,Non-Billable,75.5
EMP00129,Analyst,Permanent,2024-12-01,Project Atlas,Non-Billable,87.3
EMP00176,Senior Manager,Freelancer,2024-12-01,Project Nova,Billable,28.5
EMP00057,Intern,Part-time,2024-12-01,Project Nova,Non-Billable,61.5
EMP00098,Intern,Fixed-term,2024-12-01,Project Atlas,Billable,102.3
EMP00266,Manager,Fixed-term,2024-12-01,Project Orion,Billable,51.1
EMP00045,Analyst,Fixed-term,2024-12-01,Project Atlas,Annual Leave,29.2
EMP00153,Analyst,Part-time,2024-12-01,Project Zenith,Non-Billable,55.2
EMP00326,Manager,Permanent,2024-12-01,Project Falcon,Billable,49.7
EMP00330,Senior Analyst,Part-time,2024-12-01,Project Nimbus,Annual Leave,26.7
EMP00335,Senior Analyst,Permanent,2024-12-01,Project Falcon,Non-Billable,97.1
EMP00211,Manager,Fixed-term,2024-12-01,Project Orion,Non-Billable,89.0
EMP00164,Junior,Contractor,2024-12-01,Project Nova,Annual Leave,23.8
EMP00106,Intern,Contractor,2024-12-01,Project Nova,Annual Leave,37.9
EMP00025,Senior Analyst,Contractor,2024-12-01,Project Titan,Billable,64.3
EMP00049,Senior Manager,Fixed-term,2024-12-01,Project Vega,Annual Leave,26.7
EMP00128,Manager,Fixed-term,2024-12-01,Project Vega,Billable,61.1
EMP00075,Analyst,Permanent,2024-12-01,Project Atlas,Non-Billable,119.6
EMP00095,Junior,Fixed-term,2024-12-01,Project Vega,Non-Billable,91.3
EMP00287,Senior Analyst,Contractor,2024-12-01,PROJECT AURORA,Non-Billable,81.6
EMP00131,Junior,Contractor,2024-12-01,Project Orion,Annual Leave,10.6
EMP00273,Junior,Fixed-term,2024-12-01,Project Falcon,Annual Leave,20.6
EMP00210,Director,Fixed-term,2024-12-01,Project Nova,Billable,113.7
EMP00293,Manager,Fixed-term,2024-12-01,Project Aurora,Annual Leave,25.9
EMP00031,Manager,Contractor,2024-12-01,Project Nimbus,Annual Leave,39.4
EMP00155,Junior,Permanent,2024-12-01,Project Vega,Annual Leave,19.8
EMP00187,Analyst,Permanent,2024-12-01,Project Orion,Billable,86.5
EMP00084,Senior Manager,Contractor,2024-12-01,Project Falcon,Non-Billable,119.1
EMP00324,Junior,Permanent,2024-12-01,Project Falcon,Annual Leave,39.3
EMP00178,Intern,Permanent,2024-12-01,Project Nova,Non-Billable,166.8
EMP00202,Junior,Permanent,2024-12-01,Project Atlas,Non-Billable,99.0
EMP00025,Senior Analyst,Contractor,2024-12-01,Project Titan,Annual Leave,20.3
EMP00332,Senior Analyst,Permanent,2024-12-01,Project Falcon,Non-Billable,76.4
EMP00042,Junior,Permanent,2024-12-01,Project Zenith,Non-Billable,38.8
EMP00129,Analyst,Permanent,2024-12-01,Project Atlas,Billable,35.8
EMP00337,Senior Manager,Permanent,2024-12-01,Project Falcon,Annual Leave,37.2
EMP00226,Senior Analyst,Part-time,2024-12-01,Project Vega,Billable,17.3
EMP00213,Senior Analyst,Permanent,2024-12-01,Project Horizon,Billable,55.2
EMP00244,Senior Analyst,Permanent,2024-12-01,Project Nimbus,Annual Leave,38.5
EMP00130,Junior,Permanent,2024-12-01,Project Nova,Annual Leave,36.4
EMP00239,Analyst,Freelancer,2024-12-01,Project Vega,Billable,75.3
EMP00125,Senior Analyst,Fixed-term,2024-12-01,Project Titan,Annual Leave,22.1
EMP00061,Analyst,Permanent,2024-12-01,Project Horizon,Annual Leave,9.2
EMP00247,Junior,Fixed-term,2024-12-01,Project Titan,Annual Leave,9.8
EMP00281,Analyst,Permanent,2024-12-01,Project Falcon,Annual Leave,8.5
EMP00165,Executive,Permanent,2024-12-01,,Maternity Leave,16.9
EMP00043,Intern,Contractor,2024-12-01,Project Falcon,Non-Billable,57.2
EMP00044,Director,Permanent,2024-12-01,Project Orion,Non-Billable,74.3
EMP00244,Senior Analyst,Permanent,2024-12-01,Project Nimbus,Billable,92.0
EMP00006,Analyst,Contractor,2024-12-01,Project Zenith,Non-Billable,79.1
EMP00301,Analyst,Freelancer,2024-12-01,Project Vega,Billable,42.7
EMP00049,Senior Manager,Fixed-term,2024-12-01,Project Vega,Non-Billable,32.1
EMP00301,Analyst,Freelancer,2024-12-01,Project Vega,Non-Billable,48.5
EMP00133,Analyst,Freelancer,2024-12-01,Project Zenith,Billable,26.6
EMP00206,Senior Analyst,Part-time,2024-12-01,,Maternity Leave,32.8
EMP00175,Manager,Permanent,2024-12-01,Project Atlas,Billable,61.6
EMP00254,Manager,Freelancer,2024-12-01,Project Orion,Billable,33.6
EMP00189,Senior Analyst,Part-time,2024-12-01,Project Nimbus,Non-Billable,46.2
EMP00280,Manager,Permanent,2024-12-01,Project Orion,Annual Leave,32.9
EMP00127,Analyst,Freelancer,2024-12-01,Project Nova,Billable,48.0
EMP00174,Intern,Permanent,2024-12-01,Project Aurora,Billable,83.3
EMP00058,Manager,Freelancer,2024-12-01,Project Zenith,Annual Leave,39.5
EMP00059,Manager,Fixed-term,2024-12-01,Project Titan,Annual Leave,27.1
EMP00011,Executive,Permanent,2024-12-01,Project Falcon,Non-Billable,87.8
EMP00180,Analyst,Fixed-term,2024-12-01,Project Orion,Billable,64.4
EMP00032,Manager,Contractor,2024-12-01,Project Atlas,Non-Billable,106.5
EMP00125,Senior Analyst,Fixed-term,2024-12-01,Project Titan,Billable,42.2
EMP00130,Junior,Permanent,2024-12-01,Project Nova,Billable,34.1
EMP00239,Analyst,Freelancer,2024-12-01,Project Vega,Annual Leave,24.8
EMP00018,Manager,Fixed-term,2024-12-01,Project Horizon,Non-Billable,90.6
EMP00331,Senior Analyst,Permanent,2024-12-01,Project Aurora,Non-Billable,96.7
EMP00314,Senior Analyst,Permanent,2024-12-01,Project Atlas,Non-Billable,98.9
EMP00026,Analyst,Permanent,2024-12-01,Project Nimbus,Billable,41.6
EMP00104,Junior,Permanent,2024-12-01,Project Falcon,Annual Leave,13.2
EMP00285,Analyst,Fixed-term,2024-12-01,Project Aurora,Non-Billable,143.7
EMP00307,Analyst,Part-time,2024-12-01,Project Horizon,Billable,23.3
EMP00269,Intern,Fixed-term,2024-12-01,Project Nimbus,Non-Billable,101.2
EMP00076,Intern,Permanent,2024-12-01,Project Titan,Annual Leave,37.8
EMP00014,Senior Manager,Contractor,2024-12-01,Project Horizon,Non-Billable,53.4
EMP00320,Junior,Part-time,2024-12-01,Project Aurora,Non-Billable,38.7
EMP00167,Junior,Permanent,2024-12-01,Project Nimbus,Annual Leave,25.6
EMP00078,Analyst,Contractor,2024-12-01,Project Aurora,Annual Leave,23.7
EMP00150,Senior Manager,Fixed-term,2024-12-01,Project Atlas,Annual Leave,12.5
EMP00013,Analyst,Part-time,2024-12-01,Project Atlas,Non-Billable,42.3
EMP00288,Junior,Permanent,2024-12-01,Project Zenith,Annual Leave,28.3
EMP00066,Senior Analyst,Permanent,2024-12-01,project falcon,Annual Leave,22.5
EMP00069,Senior Manager,Fixed-term,2024-12-01,Project Titan,Annual Leave,17.3
EMP00008,Director,Permanent,2024-12-01,Project Nimbus,Non-Billable,91.5
EMP00169,Analyst,Fixed-term,2024-12-01,Project Falcon,Billable,59.4
EMP00217,Analyst,Permanent,2024-12-01,Project Falcon,Non-Billable,148.9
EMP00246,Manager,Part-time,2024-12-01,Project Zenith,Annual Leave,32.7
EMP00221,Intern,Contractor,2024-12-01,Project Titan,Non-Billable,119.7
EMP00250,Senior Manager,Fixed-term,2024-12-01,Project Zenith,Annual Leave,11.8
EMP00059,Manager,Fixed-term,2024-12-01,Project Titan,Billable,40.7
EMP00096,Senior Analyst,Contractor,2024-12-01,Project Zenith,Non-Billable,74.2
EMP00220,Analyst,Contractor,2024-12-01,Project Titan,Non-Billable,62.4
EMP00034,Senior Manager,Permanent,2024-12-01,Project Atlas,Non-Billable,150.3
EMP00037,Analyst,Fixed-term,2024-12-01,Project Orion,Billable,37.2
EMP00096,Senior Analyst,Contractor,2024-12-01,Project Zenith,Annual Leave,11.1
EMP00246,Manager,Part-time,2024-12-01,Project Zenith,Non-Billable,10.1
EMP00074,Junior,Permanent,2024-12-01,Project Horizon,Non-Billable,77.7
EMP00121,Senior Analyst,Contractor,2024-12-01,Project Nimbus,Non-Billable,115.3
EMP00201,Analyst,Permanent,2024-12-01,Project Falcon,Annual Leave,28.3
EMP00327,Intern,Fixed-term,2024-12-01,Project Aurora,Annual Leave,32.3
EMP00336,Manager,Freelancer,2024-12-01,Project Titan,Non-Billable,82.2
EMP00145,Junior,Permanent,2024-12-01,Project Atlas,Annual Leave,26.5
EMP00326,Manager,Permanent,2024-12-01,Project Falcon,Non-Billable,90.7
EMP00072,Senior Analyst,Permanent,2024-12-01,Project Titan,Non-Billable,123.7
EMP00320,Junior,Part-time,2024-12-01,Project Aurora,Billable,19.1
EMP00150,Senior Manager,Fixed-term,2024-12-01,Project Atlas,Non-Billable,80.6
EMP00065,Director,Fixed-term,2024-12-01,Project Aurora ,Annual Leave,11.1
EMP00095,Junior,Fixed-term,2024-12-01,Project Vega,Annual Leave,10.9
EMP00321,Manager,Part-time,2024-12-01,Project Zenith,Non-Billable,51.6
EMP00095,Junior,Fixed-term,2024-12-01,project vega,Billable,59.0
EMP00103,Director,Fixed-term,2024-12-01,Project Nova,Billable,135.8
EMP00215,Junior,Contractor,2024-12-01,Project Zenith,Non-Billable,53.1
EMP00191,Intern,Freelancer,2024-12-01,Project Orion,Non-Billable,53.9
EMP00016,Junior,Permanent,2024-12-01,Project Horizon,Non-Billable,68.3
EMP00091,Senior Analyst,Permanent,2024-12-01,Project Nova,Billable,36.9
EMP00100,Junior,Freelancer,2024-12-01,Project Titan,Annual Leave,35.7
EMP00094,Senior Analyst,Contractor,2024-12-01,Project Vega,Billable,43.0
EMP00017,Analyst,Permanent,2024-12-01,Project Atlas,Non-Billable,138.4
EMP00320,Junior,Part-time,2024-12-01,Project Aurora,Annual Leave,34.3
EMP00084,Senior Manager,Contractor,2024-12-01,Project Falcon,Annual Leave,32.7
EMP00272,Senior Analyst,Contractor,2024-12-01,Project Zenith,Annual Leave,31.3
EMP00065,Director,Fixed-term,2024-12-01,Project Aurora,Non-Billable,147.4
EMP00026,Analyst,Permanent,2024-12-01,Project Nimbus,Annual Leave,18.6
EMP00305,Junior,Permanent,2024-12-01,Project Nova,Non-Billable,122.7
EMP00261,Analyst,Part-time,2024-12-01,Project Titan,Billable,18.9
EMP00307,Analyst,Part-time,2024-12-01,Project Horizon,Annual Leave,23.7
EMP00019,Senior Analyst,Permanent,2024-12-01,Project Zenith,Non-Billable,76.9
EMP00142,Analyst,Permanent,2024-12-01,Project Falcon,Non-Billable,70.4
EMP00188,Analyst,Fixed-term,2024-12-01,Project Orion,Billable,53.5
EMP00070,Junior,Permanent,2024-12-01,Project Nimbus,Annual Leave,37.1
EMP00033,Director,Fixed-term,2024-12-01,Project Horizon,Annual Leave,21.4
EMP00189,Senior Analyst,Part-time,2024-12-01,Project Nimbus,Annual Leave,14.6
EMP00309,Manager,Permanent,2024-12-01,Project Nova,Non-Billable,126.4
EMP00225,Senior Analyst,Permanent,2024-12-01,Project Vega,Non-Billable,67.1
EMP00177,Analyst,Contractor,2024-12-01,Project Falcon,Annual Leave,33.3
EMP00148,Junior,Permanent,2024-12-01,Project Nova,Non-Billable,70.8
EMP00222,Senior Analyst,Permanent,2024-12-01,Project Vega,Non-Billable,129.4
EMP00238,Intern,Permanent,2024-12-01,Project Nova,Non-Billable,70.0
EMP00191,Intern,Freelancer,2024-12-01,Project Orion,Billable,38.0
EMP00037,Analyst,Fixed-term,2024-12-01,Project Orion,Annual Leave,29.8
EMP00108,Junior,Permanent,2024-12-01,Project Titan,Billable,68.8
EMP00194,Analyst,Freelancer,2024-12-01,Project Vega,Annual Leave,23.1
EMP00255,Analyst,Freelancer,2024-12-01,Project Nova,Non-Billable,59.1
EMP00028,Analyst,Permanent,2024-12-01,Project Vega,Non-Billable,138.7
EMP00090,Director,Permanent,2024-12-01,Project Nova,Annual Leave,18.1
EMP00016,Junior,Permanent,2024-12-01,Project Horizon,Annual Leave,26.1
EMP00142,Analyst,Permanent,2024-12-01,Project Falcon,Billable,93.6
EMP00199,Junior,Fixed-term,2024-12-01,Project Titan,Billable,62.8
EMP00081,Manager,Fixed-term,2024-12-01,Project Aurora,Non-Billable,63.0
EMP00232,Analyst,Permanent,2024-12-01,Project Falcon,Non-Billable,120.1
EMP00299,Senior Analyst,Fixed-term,2024-12-01,Project Nova,Annual Leave,22.0
EMP00196,Analyst,Part-time,2024-12-01,Project Orion,Non-Billable,35.1
EMP00267,Intern,Freelancer,2024-12-01,Project Atlas,Non-Billable,61.7
EMP00254,Manager,Freelancer,2024-12-01,Project Orion,Annual Leave,28.4
EMP00205,Manager,Permanent,2024-12-01,Project Atlas,Non-Billable,158.7
EMP00184,Junior,Permanent,2024-12-01,Project Falcon,Non-Billable,90.1
EMP00098,Intern,Fixed-term,2024-12-01,Project Atlas,Annual Leave,21.9
EMP00220,Analyst,Contractor,2024-12-01,Project Titan,Billable,49.4
EMP00284,Analyst,Permanent,2024-12-01,Project Falcon,Non-Billable,30.4
EMP00275,Junior,Part-time,2024-12-01,Project Atlas,Annual Leave,25.3
EMP00146,Analyst,Permanent,2024-12-01,Project Aurora,Billable,89.7
EMP00177,Analyst,Contractor,2024-12-01,Project Falcon,Non-Billable,60.9
EMP00300,Analyst,Fixed-term,2024-12-01,Project Nimbus,Non-Billable,77.4
EMP00009,Manager,Freelancer,2024-12-01,Project Nova,Billable,89.1
EMP00037,Analyst,Fixed-term,2024-12-01,Project Orion,Non-Billable,96.8
EMP00003,Intern,Freelancer,2024-12-01,Project Zenith,Billable,43.7
EMP00117,Intern,Fixed-term,2024-12-01,Project Horizon,Non-Billable,87.3
EMP00111,Senior Analyst,Fixed-term,2024-12-01,Project Nova,Non-Billable,132.2
EMP00076,Intern,Permanent,2024-12-01,Project Titan,Non-Billable,79.3
EMP00330,Senior Analyst,Part-time,2024-12-01,Project Nimbus,Non-Billable,54.2
EMP00242,Intern,Permanent,2024-12-01,Project Nova,Billable,46.0
EMP00248,Analyst,Contractor,2024-12-01,Project Nova,Annual Leave,37.2
EMP00338,Intern,Contractor,2024-12-01,Project Nova,Annual Leave,28.8
EMP00074,Junior,Permanent,2024-12-01,Project Horizon,Billable,72.4
EMP00329,Analyst,Permanent,2024-12-01,Project Falcon,Annual Leave,34.5
EMP00264,Junior,Part-time,2024-12-01,Project Orion,Non-Billable,55.1
EMP00160,Junior,Contractor,2024-12-01,Project Atlas,Non-Billable,31.1
EMP00336,Manager,Freelancer,2024-12-01,Project Titan,Annual Leave,11.0
EMP00300,Analyst,Fixed-term,2024-12-01,Project Nimbus,Billable,58.0
EMP00251,Director,Fixed-term,2024-12-01,Project Falcon,Annual Leave,20.6
EMP00288,Junior,Permanent,2024-12-01,Project Zenith,Billable,31.9
EMP00052,Analyst,Freelancer,2024-12-01,Project Falcon,Non-Billable,51.1
EMP00175,Manager,Permanent,2024-12-01,Project Atlas,Non-Billable,90.4
EMP00336,Manager,Freelancer,2024-12-01,Project Titan,Billable,36.1
EMP00151,Analyst,Fixed-term,2024-12-01,Project Vega,Annual Leave,37.1
EMP00196,Analyst,Part-time,2024-12-01,Project Orion,Billable,24.4
EMP00249,Junior,Permanent,2024-12-01,Project Horizon,Billable,37.8
EMP00168,Junior,Permanent,2024-12-01,Project Atlas,Annual Leave,30.7
EMP00191,Intern,Freelancer,2024-12-01,Project Orion,Annual Leave,37.3
EMP00061,Analyst,Permanent,2024-12-01,Project Horizon,Non-Billable,89.1
EMP00321,Manager,Part-time,2024-12-01,Project Zenith,Billable,33.1
EMP00131,Junior,Contractor,2024-12-01,Project Orion,Non-Billable,82.0
EMP00269,Intern,Fixed-term,2024-12-01,Project Nimbus,Annual Leave,8.8
EMP00052,Analyst,Freelancer,2024-12-01,Project Falcon,Annual Leave,25.7
EMP00297,Junior,Permanent,2024-12-01,Project Vega,Non-Billable,104.7
EMP00268,Senior Analyst,Permanent,2024-12-01,Project Horizon,Annual Leave,15.7
EMP00214,Senior Analyst,Freelancer,2024-12-01,Project Orion,Non-Billable,66.8
EMP00249,Junior,Permanent,2024-12-01,Project Horizon,Non-Billable,123.8
EMP00106,Intern,Contractor,2024-12-01,Project Nova,Billable,43.3
EMP00198,Senior Manager,Freelancer,2024-12-01,Project Atlas,Annual Leave,27.0
EMP00176,Senior Manager,Freelancer,2024-12-01,Project Nova,Annual Leave,20.8
EMP00022,Analyst,Permanent,2024-12-01,Project Orion,Annual Leave,29.6
EMP00302,Junior,Fixed-term,2024-12-01,Project Zenith,Annual Leave,23.2
EMP00223,Senior Manager,Permanent,2024-12-01,Project Titan,Non-Billable,36.4
EMP00021,Senior Analyst,Fixed-term,2024-12-01,Project Horizon,Billable,98.9
EMP00116,Manager,Fixed-term,2024-12-01,Project Zenith,Billable,89.7
EMP00139,Intern,Permanent,2024-12-01,Project Titan,Non-Billable,153.2
EMP00305,Junior,Permanent,2024-12-01,Project Nova,Annual Leave,31.6
EMP00180,Analyst,Fixed-term,2024-12-01,Project Orion,Non-Billable,70.1
EMP00164,Junior,Contractor,2024-12-01,Project Nova,Non-Billable,125.5
EMP00174,Intern,Permanent,2024-12-01,Project Aurora,Annual Leave,35.2
EMP00208,Analyst,Permanent,2024-12-01,Project Nimbus,Billable,61.9
EMP00045,Analyst,Fixed-term,2024-12-01,Project Atlas,Non-Billable,79.3
EMP00265,Intern,Permanent,2024-12-01,Project Zenith,Billable,32.6
EMP00224,Senior Manager,Fixed-term,2024-12-01, Project Falcon,Annual Leave,25.0
EMP00119,Senior Analyst,Part-time,2024-12-01,Project Horizon,Billable,23.6
EMP00231,Intern,Fixed-term,2024-12-01,Project Atlas,Billable,46.2
EMP00213,Senior Analyst,Permanent,2024-12-01,Project Horizon,Non-Billable,97.6
EMP00027,Senior Analyst,Permanent,2024-12-01,Project Titan,Annual Leave,34.0
EMP00225,Senior Analyst,Permanent,2024-12-01,Project Vega,Billable,75.6
EMP00304,Senior Manager,Permanent,2024-12-01,Project Horizon,Billable,51.2
EMP00109,Manager,Permanent,2024-12-01,Project Nimbus,Billable,56.0
EMP00145,Junior,Permanent,2024-12-01,Project Atlas,Non-Billable,143.3
EMP00055,Senior Manager,Fixed-term,2024-12-01,Project Atlas,Billable,54.5
EMP00215,Junior,Contractor,2024-12-01,Project Zenith,Billable,50.7
EMP00171,Analyst,Permanent,2024-12-01,Project Zenith,Billable,54.0
EMP00267,Intern,Freelancer,2024-12-01,Project Atlas,Annual Leave,15.1
EMP00327,Intern,Fixed-term,2024-12-01,Project Aurora,Non-Billable,34.1
EMP00027,Senior Analyst,Permanent,2024-12-01,Project Titan,Billable,38.7
EMP00198,Senior Manager,Freelancer,2024-12-01,Project Atlas,Non-Billable,112.7
EMP00195,Junior,Permanent,2024-12-01,Project Titan,Billable,42.2
EMP00048,Intern,Permanent,2024-12-01,Project Atlas,Billable,67.4
EMP00133,Analyst,Freelancer,2024-12-01,Project Zenith,Non-Billable,78.0
EMP00312,Analyst,Fixed-term,2024-12-01,Project Atlas,Non-Billable,28.7
EMP00178,Intern,Permanent,2024-12-01,Project Nova,Annual Leave,8.7
EMP00036,Senior Manager,Permanent,2024-12-01,Project Nimbus,Annual Leave,13.8
EMP00058,Manager,Freelancer,2024-12-01,Project Zenith,Non-Billable,49.8
EMP00293,Manager,Fixed-term,2024-12-01,Project Aurora,Billable,66.8
EMP00179,Analyst,Part-time,2024-12-01,Project Nimbus,Non-Billable,24.1
EMP00229,Intern,Contractor,2024-12-01,Project Aurora,Non-Billable,125.9
EMP00149,Senior Analyst,Permanent,2024-12-01,Project Falcon,Annual Leave,25.8
EMP00329,Analyst,Permanent,2024-12-01,Project Falcon,Billable,52.6
EMP00316,Analyst,Permanent,2024-12-01,Project Titan,Non-Billable,144.7
EMP00067,Manager,Part-time,2024-12-01,Project Vega,Non-Billable,75.4
EMP00298,Junior,Freelancer,2024-12-01,Project Atlas,Annual Leave,13.8
EMP00184,Junior,Permanent,2024-12-01,Project Falcon,Annual Leave,12.6
EMP00017,Analyst,Permanent,2024-12-01,Project Atlas,Annual Leave,27.3
EMP00218,Analyst,Fixed-term,2024-12-01,Project Nimbus,Billable,60.3
EMP00061,Analyst,Permanent,2024-12-01,Project Horizon,Billable,91.5
EMP00143,Analyst,Permanent,2024-12-01,Project Orion,Non-Billable,104.3
EMP00314,Senior Analyst,Permanent,2024-12-01,Project Atlas,Billable,54.9
EMP00143,Analyst,Permanent,2024-12-01,Project Orion,Annual Leave,16.4
EMP00127,Analyst,Freelancer,2024-12-01,Project Nova,Annual Leave,16.8
EMP00298,Junior,Freelancer,2024-12-01,Project Atlas,Billable,44.5
EMP00208,Analyst,Permanent,2024-12-01,Project Nimbus,Non-Billable,90.2
EMP00063,Junior,Permanent,2024-12-01,Project Falcon,Billable,64.5
EMP00081,Manager,Fixed-term,2024-12-01,Project Aurora,Billable,70.7
EMP00078,Analyst,Contractor,2024-12-01,Project Aurora,Non-Billable,73.0
EMP00223,Senior Manager,Permanent,2024-12-01,Project Titan,Annual Leave,29.7
EMP00011,Executive,Permanent,2024-12-01,Project Falcon,Billable,64.9
EMP00262,Analyst,Permanent,2024-12-01,Project Vega,Non-Billable,156.2
EMP00203,Analyst,Contractor,2024-12-01,Project Atlas,Annual Leave,19.0
EMP00329,Analyst,Permanent,2024-12-01,Project Falcon,Non-Billable,73.4
EMP00221,Intern,Contractor,2024-12-01,Project Titan,Annual Leave,32.8
EMP00262,Analyst,Permanent,2024-12-01,Project Vega,Annual Leave,11.5
EMP00099,Analyst,Permanent,2024-12-01,Project Titan,Non-Billable,101.5
EMP00036,Senior Manager,Permanent,2024-12-01,Project Nimbus,Non-Billable,67.2
EMP00091,Senior Analyst,Permanent,2024-12-01,Project Nova,Non-Billable,83.8
EMP00077,Senior Analyst,Fixed-term,2024-12-01,Project Horizon,Annual Leave,10.4
EMP00130,Junior,Permanent,2024-12-01,Project Nova,Non-Billable,86.1
EMP00119,Senior Analyst,Part-time,2024-12-01,Project Horizon,Annual Leave,10.6
EMP00128,Manager,Fixed-term,2024-12-01,Project Vega,Annual Leave,8.7
EMP00314,Senior Analyst,Permanent,2024-12-01,Project Atlas,Annual Leave,13.9
EMP00179,Analyst,Part-time,2024-12-01,Project Nimbus,Billable,38.2
EMP00018,Manager,Fixed-term,2024-12-01,Project Horizon,Annual Leave,8.5
EMP00318,Junior,Contractor,2024-12-01,Project Nimbus,Annual Leave,22.1
EMP00039,Analyst,Permanent,2024-12-01,Project Atlas,Non-Billable,162.6
EMP00043,Intern,Contractor,2024-12-01,Project Falcon,Annual Leave,33.9
EMP00013,Analyst,Part-time,2024-12-01,Project Atlas,Annual Leave,24.5
EMP00158,Senior Analyst,Fixed-term,2024-12-01,Project Atlas,Non-Billable,143.9
EMP00006,Analyst,Contractor,2024-12-01,Project Zenith,Annual Leave,15.5
EMP00287,Senior Analyst,Contractor,2025-01-01,Project Aurora,Non-Billable,84.6
EMP00024,Intern,Freelancer,2025-01-01,Project Zenith,Annual Leave,22.0
EMP00133,Analyst,Freelancer,2025-01-01,Project Zenith,Non-Billable,67.1
EMP00267,Intern,Freelancer,2025-01-01,Project Atlas,Non-Billable,59.7
EMP00261,Analyst,Part-time,2025-01-01,Project Titan,Annual Leave,14.7
EMP00289,Junior,Fixed-term,2025-01-01,Project Nova,Non-Billable,162.4
EMP00238,Intern,Permanent,2025-01-01,Project Nova,Non-Billable,79.2
EMP00235,Analyst,Fixed-term,2025-01-01,Project Falcon,Non-Billable,131.9
EMP00339,Manager,Contractor,2025-01-01,Project Nova,Non-Billable,148.9
EMP00052,Analyst,Freelancer,2025-01-01,Project Falcon,Billable,46.9
EMP00117,Intern,Fixed-term,2025-01-01,Project Horizon,Billable,58.9
EMP00187,Analyst,Permanent,2025-01-01,Project Orion,Billable,76.3
EMP00082,Analyst,Permanent,2025-01-01,Project Nimbus,Non-Billable,164.9
EMP00245,Senior Analyst,Fixed-term,2025-01-01,Project Falcon,Non-Billable,56.8
EMP00327,Intern,Fixed-term,2025-01-01,Project Aurora,Non-Billable,36.2
EMP00240,Senior Analyst,Permanent,2025-01-01,Project Titan,Non-Billable,36.4
EMP00282,Analyst,Fixed-term,2025-01-01,Project Aurora,Billable,91.4
EMP00066,Senior Analyst,Permanent,2025-01-01,Project Falcon,Billable,43.4
EMP00337,Senior Manager,Permanent,2025-01-01,Project Falcon,Non-Billable,173.3
EMP00234,Analyst,Permanent,2025-01-01,Project Vega,Non-Billable,114.5
EMP00297,Junior,Permanent,2025-01-01,Project Vega,Non-Billable,115.4
EMP00034,Senior Manager,Permanent,2025-01-01,Project Atlas,Non-Billable,164.1
EMP00075,Analyst,Permanent,2025-01-01,Project Atlas,Non-Billable,155.5
EMP00083,Intern,Permanent,2025-01-01,Project Nimbus,Billable,77.8
EMP00135,Senior Analyst,Fixed-term,2025-01-01,Project Horizon,Non-Billable,89.0
EMP00019,Senior Analyst,Permanent,2025-01-01,Project Zenith,Billable,82.1
EMP00200,Senior Manager,Fixed-term,2025-01-01,Project Vega,Annual Leave,19.4
EMP00211,Manager,Fixed-term,2025-01-01,Project Orion,Non-Billable,90.5
EMP00220,Analyst,Contractor,2025-01-01,Project Titan,Non-Billable,82.7
EMP00142,Analyst,Permanent,2025-01-01,,Maternity Leave,38.3
EMP00049,Senior Manager,Fixed-term,2025-01-01,Project Vega,Billable,130.5
EMP00023,Junior,Permanent,2025-01-01,Project Aurora,Non-Billable,89.9
EMP00104,Junior,Permanent,2025-01-01,Project Falcon,Non-Billable,96.1
EMP00305,Junior,Permanent,2025-01-01,Project Nova,Non-Billable,173.9
EMP00152,Executive,Part-time,2025-01-01,Project Titan,Annual Leave,13.2
EMP00011,Executive,Permanent,2025-01-01,Project Falcon,Non-Billable,88.7
EMP00146,Analyst,Permanent,2025-01-01,Project Aurora,Non-Billable,60.4
EMP00102,Analyst,Contractor,2025-01-01,Project Vega,Billable,46.0
EMP00310,Senior Analyst,Fixed-term,2025-01-01,Project Atlas,Non-Billable,162.4
EMP00313,Intern,Fixed-term,2025-01-01,Project Titan,Billable,111.8
EMP00013,Analyst,Part-time,2025-01-01,Project Atlas,Non-Billable,51.3
EMP00261,Analyst,Part-time,2025-01-01,Project Titan,Non-Billable,60.1
EMP00218,Analyst,Fixed-term,2025-01-01,Project Nimbus,Billable,61.0
EMP00148,Junior,Permanent,2025-01-01,Project Nova,Non-Billable,105.8
EMP00067,Manager,Part-time,2025-01-01,Project Vega,Annual Leave,15.9
EMP00037,Analyst,Fixed-term,2025-01-01,Project Orion,Billable,42.9
EMP00203,Analyst,Contractor,2025-01-01,Project Atlas,Non-Billable,153.7
EMP00248,Analyst,Contractor,2025-01-01,Project Nova,Non-Billable,81.3
EMP00242,Intern,Permanent,2025-01-01,Project Nova,Billable,65.9
EMP00199,Junior,Fixed-term,2025-01-01,Project Titan,Annual Leave,10.5
EMP00205,Manager,Permanent,2025-01-01,Project Atlas,Non-Billable,130.4
EMP00204,Junior,Permanent,2025-01-01,Project Zenith,Non-Billable,54.5
EMP00135,Senior Analyst,Fixed-term,2025-01-01,Project Horizon,Billable,68.2
EMP00103,Director,Fixed-term,2025-01-01,Project Nova,Billable,117.4
EMP00026,Analyst,Permanent,2025-01-01,Project Nimbus,Non-Billable,108.6
EMP00314,Senior Analyst,Permanent,2025-01-01,Project Atlas,Non-Billable,119.1
EMP00225,Senior Analyst,Permanent,2025-01-01,Project Vega,Billable,77.4
EMP00251,Director,Fixed-term,2025-01-01,Project Falcon,Non-Billable,68.5
EMP00173,Manager,Freelancer,2025-01-01,Project Aurora,Non-Billable,137.1
EMP00249,Junior,Permanent,2025-01-01,Project Horizon,Billable,48.6
EMP00063,Junior,Permanent,2025-01-01,Project Falcon,Billable,73.9
EMP00138,Senior Analyst,Part-time,2025-01-01,Project Vega,Non-Billable,43.6
EMP00035,Manager,Permanent,2025-01-01,Project Aurora,Non-Billable,91.4
EMP00199,Junior,Fixed-term,2025-01-01,Project Titan,Non-Billable,86.7
EMP00246,Manager,Part-time,2025-01-01,Project Zenith,Non-Billable,29.3
EMP00265,Intern,Permanent,2025-01-01,Project Zenith,Non-Billable,120.7
EMP00328,Analyst,Permanent,2025-01-01,Project Falcon,Billable,86.3
EMP00031,Manager,Contractor,2025-01-01,Project Nimbus,Billable,65.5
EMP00179,Analyst,Part-time,2025-01-01,Project Nimbus,Non-Billable,29.2
EMP00048,Intern,Permanent,2025-01-01,Project Atlas,Billable,100.0
EMP00017,Analyst,Permanent,2025-01-01,Project Atlas,Non-Billable,175.4
EMP00284,Analyst,Permanent,2025-01-01,Project Falcon,Billable,113.8
EMP00101,Manager,Permanent,2025-01-01,Project Zenith,Non-Billable,182.3
EMP00059,Manager,Fixed-term,2025-01-01,Project Titan,Billable,44.1
EMP00247,Junior,Fixed-term,2025-01-01,Project Titan,Non-Billable,113.6
EMP00332,Senior Analyst,Permanent,2025-01-01,Project Falcon,Billable,78.4
EMP00027,Senior Analyst,Permanent,2025-01-01,Project Titan,Non-Billable,83.8
EMP00169,Analyst,Fixed-term,2025-01-01,Project Falcon,Billable,63.5
EMP00016,Junior,Permanent,2025-01-01,Project Horizon,Non-Billable,59.2
EMP00285,Analyst,Fixed-term,2025-01-01,Project Aurora,Annual Leave,22.9
EMP00026,Analyst,Permanent,2025-01-01,Project Nimbus,Billable,56.0
EMP00142,Analyst,Permanent,2025-01-01,Project Falcon,Non-Billable,53.5
EMP00109,Manager,Permanent,2025-01-01,Project Nimbus,Billable,51.7
EMP00226,Senior Analyst,Part-time,2025-01-01,Project Vega,Billable,28.3
EMP00066,Senior Analyst,Permanent,2025-01-01,Project Falcon,Non-Billable,94.3
EMP00174,Intern,Permanent,2025-01-01,Project Aurora,Non-Billable,86.3
EMP00165,Executive,Permanent,2025-01-01,Project Orion,Annual Leave,11.3
EMP00282,Analyst,Fixed-term,2025-01-01,Project Aurora,Non-Billable,90.6
EMP00160,Junior,Contractor,2025-01-01,Project Atlas,Billable,92.1
EMP00325,Director,Fixed-term,2025-01-01,Project Falcon,Annual Leave,8.9
EMP00095,Junior,Fixed-term,2025-01-01,Project Vega,Billable,49.6
EMP00328,Analyst,Permanent,2025-01-01,Project Falcon,Non-Billable,85.9
EMP00338,Intern,Contractor,2025-01-01,Project Nova,Billable,65.7
EMP00003,Intern,Freelancer,2025-01-01,Project Zenith,Billable,43.7
EMP00020,Senior Manager,Permanent,2025-01-01,Project Horizon,Billable,82.2
EMP00198,Senior Manager,Freelancer,2025-01-01,Project Atlas,Non-Billable,135.6
EMP00031,Manager,Contractor,2025-01-01,Project Nimbus,Non-Billable,84.2
EMP00194,Analyst,Freelancer,2025-01-01,Project Vega,Billable,39.7
EMP00176,Senior Manager,Freelancer,2025-01-01,Project Nova,Annual Leave,13.2
EMP00306,Junior,Permanent,2025-01-01,Project Vega,Non-Billable,178.2
EMP00174,Intern,Permanent,2025-01-01,Project Aurora,Billable,91.0
EMP00189,Senior Analyst,Part-time,2025-01-01,Project Nimbus,Non-Billable,58.6
EMP00146,Analyst,Permanent,2025-01-01,Project Aurora,Billable,97.6
EMP00142,Analyst,Permanent,2025-01-01,Project Falcon,Billable,64.9
EMP00006,Analyst,Contractor,2025-01-01,Project Zenith,Non-Billable,89.2
EMP00108,Junior,Permanent,2025-01-01,Project Titan,Billable,67.7
EMP00330,Senior Analyst,Part-time,2025-01-01,Project Nimbus,Billable,29.1
EMP00275,Junior,Part-time,2025-01-01,Project Atlas,Billable,38.0
EMP00151,Analyst,Fixed-term,2025-01-01,Project Vega,Annual Leave,12.8
EMP00188,Analyst,Fixed-term,2025-01-01,Project Orion,Non-Billable,101.6
EMP00025,Senior Analyst,Contractor,2025-01-01,Project Titan,Non-Billable,74.4
EMP00229,Intern,Contractor,2025-01-01,Project Aurora,Non-Billable,151.3
EMP00121,Senior Analyst,Contractor,2025-01-01,Project Nimbus,Annual Leave,26.9
EMP00224,Senior Manager,Fixed-term,2025-01-01,Project Falcon,Non-Billable,163.1
EMP00009,Manager,Freelancer,2025-01-01,Project Nova,Non-Billable,38.0
EMP00077,Senior Analyst,Fixed-term,2025-01-01,Project Horizon,Non-Billable,170.9
EMP00022,Analyst,Permanent,2025-01-01,Project Orion,Billable,45.4
EMP00297,Junior,Permanent,2025-01-01,Project Vega,Billable,57.8
EMP00288,Junior,Permanent,2025-01-01,Project Zenith,Non-Billable,109.9
EMP00078,Analyst,Contractor,2025-01-01,Project Aurora,Billable,55.4
EMP00061,Analyst,Permanent,2025-01-01,Project Horizon,Non-Billable,92.3
EMP00136,Senior Analyst,Fixed-term,2025-01-01,Project Orion,Non-Billable,163.3
EMP00329,Analyst,Permanent,2025-01-01,Project Falcon,Non-Billable,103.6
EMP00307,Analyst,Part-time,2025-01-01,Project Horizon,Billable,26.4
EMP00262,Analyst,Permanent,2025-01-01,Project Vega,Non-Billable,176.5
EMP00331,Senior Analyst,Permanent,2025-01-01,Project Aurora,Non-Billable,131.9
EMP00027,Senior Analyst,Permanent,2025-01-01,Project Titan,Annual Leave,35.9
EMP00258,Senior Manager,Permanent,2025-01-01,Project Vega,Annual Leave,16.2
EMP00318,Junior,Contractor,2025-01-01,Project Nimbus,Non-Billable,144.7
EMP00180,Analyst,Fixed-term,2025-01-01,Project Orion,Annual Leave,29.2
EMP00255,Analyst,Freelancer,2025-01-01,Project Nova,Billable,64.1
EMP00095,Junior,Fixed-term,2025-01-01,Project Vega,Annual Leave,24.8
EMP00287,Senior Analyst,Contractor,2025-01-01,Project Aurora,Billable,66.8
EMP00099,Analyst,Permanent,2025-01-01, Project Titan,Non-Billable,129.2
EMP00268,Senior Analyst,Permanent,2025-01-01,Project Horizon,Billable,41.9
EMP00249,Junior,Permanent,2025-01-01,Project Horizon,Non-Billable,110.3
EMP00304,Senior Manager,Permanent,2025-01-01,Project Horizon,Annual Leave,8.4
EMP00211,Manager,Fixed-term,2025-01-01,Project Orion,Billable,59.3
EMP00293,Manager,Fixed-term,2025-01-01,Project Aurora,Billable,77.8
EMP00314,Senior Analyst,Permanent,2025-01-01,Project Atlas,Billable,43.3
EMP00106,Intern,Contractor,2025-01-01,Project Nova,Non-Billable,113.7
EMP00326,Manager,Permanent,2025-01-01,Project Falcon,Annual Leave,30.1
EMP00218,Analyst,Fixed-term,2025-01-01,Project Nimbus,Non-Billable,101.0
EMP00040,Senior Analyst,Permanent,2025-01-01,Project Zenith,Billable,45.8
EMP00125,Senior Analyst,Fixed-term,2025-01-01,Project Titan,Billable,43.3
EMP00177,Analyst,Contractor,2025-01-01,Project Falcon,Annual Leave,32.7
EMP00045,Analyst,Fixed-term,2025-01-01,Project Atlas,Billable,86.7
EMP00117,Intern,Fixed-term,2025-01-01,Project Horizon,Non-Billable,106.0
EMP00102,Analyst,Contractor,2025-01-01,Project Vega,Non-Billable,103.4
EMP00080,Analyst,Part-time,2025-01-01,project nova,Non-Billable,16.6
EMP00212,Junior,Fixed-term,2025-01-01,Project Vega,Non-Billable,100.6
EMP00131,Junior,Contractor,2025-01-01,Project Orion,Billable,82.2
EMP00291,Analyst,Fixed-term,2025-01-01,Project Horizon,Billable,51.3
EMP00244,Senior Analyst,Permanent,2025-01-01,Project Nimbus,Billable,117.5
EMP00293,Manager,Fixed-term,2025-01-01,Project Aurora,Non-Billable,87.3
EMP00158,Senior Analyst,Fixed-term,2025-01-01,Project Atlas,Non-Billable,141.2
EMP00168,Junior,Permanent,2025-01-01,Project Atlas,Non-Billable,174.4
EMP00222,Senior Analyst,Permanent,2025-01-01,Project Vega,Non-Billable,165.1
EMP00270,Senior Analyst,Contractor,2025-01-01,Project Nimbus,Billable,62.5
EMP00098,Intern,Fixed-term,2025-01-01,Project Atlas,Non-Billable,56.8
EMP00301,Analyst,Freelancer,2025-01-01,Project Vega,Non-Billable,74.1
EMP00016,Junior,Permanent,2025-01-01,Project Horizon,Billable,66.8
EMP00256,Manager,Part-time,2025-01-01,Project Atlas,Non-Billable,82.1
EMP00266,Manager,Fixed-term,2025-01-01,Project Orion,Non-Billable,109.5
EMP00267,Intern,Freelancer,2025-01-01,Project Atlas,Annual Leave,17.4
EMP00052,Analyst,Freelancer,2025-01-01,Project Falcon,Annual Leave,25.5
EMP00294,Senior Manager,Permanent,2025-01-01,Project Nova,Non-Billable,29.5
EMP00311,Analyst,Permanent,2025-01-01,Project Nimbus,Non-Billable,169.4
EMP00233,Junior,Permanent,2025-01-01,Project Orion,Non-Billable,125.8
EMP00087,Analyst,Contractor,2025-01-01,Project Atlas,Billable,91.1
EMP00150,Senior Manager,Fixed-term,2025-01-01,Project Atlas,Non-Billable,83.6
EMP00058,Manager,Freelancer,2025-01-01,Project Zenith,Non-Billable,65.5
EMP00308,Senior Analyst,Part-time,2025-01-01,Project Orion,Non-Billable,75.4
EMP00171,Analyst,Permanent,2025-01-01,Project Zenith,Non-Billable,105.0
EMP00115,Junior,Permanent,2025-01-01, Project Vega,Billable,56.5
EMP00288,Junior,Permanent,2025-01-01,Project Zenith,Billable,39.8
EMP00206,Senior Analyst,Part-time,2025-01-01,Project Nimbus,Non-Billable,37.9
EMP00263,Analyst,Part-time,2025-01-01,Project Zenith,Billable,40.0
EMP00185,Junior,Part-time,2025-01-01,Project Horizon,Billable,37.4
EMP00078,Analyst,Contractor,2025-01-01,Project Aurora,Non-Billable,76.2
EMP00094,Senior Analyst,Contractor,2025-01-01,Project Vega,Billable,70.8
EMP00108,Junior,Permanent,2025-01-01,Project Titan,Non-Billable,99.6
EMP00270,Senior Analyst,Contractor,2025-01-01,Project Nimbus,Non-Billable,62.8
EMP00226,Senior Analyst,Part-time,2025-01-01,Project Vega,Non-Billable,68.7
EMP00268,Senior Analyst,Permanent,2025-01-01,Project Horizon,Non-Billable,115.5
EMP00013,Analyst,Part-time,2025-01-01,Project Atlas,Billable,44.3
EMP00304,Senior Manager,Permanent,2025-01-01,Project Horizon,Non-Billable,96.4
EMP00127,Analyst,Freelancer,2025-01-01,Project Nova,Non-Billable,86.4
EMP00119,Senior Analyst,Part-time,2025-01-01,Project Horizon,Non-Billable,65.1
EMP00018,Manager,Fixed-term,2025-01-01,Project Horizon,Non-Billable,102.8
EMP00143,Analyst,Permanent,2025-01-01,Project Orion,Billable,37.3
EMP00030,Manager,Permanent,2025-01-01,Project Aurora,Non-Billable,94.8
EMP00175,Manager,Permanent,2025-01-01,Project Atlas,Non-Billable,99.3
EMP00155,Junior,Permanent,2025-01-01,Project Vega,Non-Billable,100.7
EMP00074,Junior,Permanent,2025-01-01,Project Horizon,Billable,58.8
EMP00086,Senior Analyst,Part-time,2025-01-01,Project Falcon,Non-Billable,67.4
EMP00124,Analyst,Permanent,2025-01-01,Project Atlas,Non-Billable,70.1
EMP00008,Director,Permanent,2025-01-01,Project Nimbus,Non-Billable,115.3
EMP00024,Intern,Freelancer,2025-01-01,Project Zenith,Non-Billable,22.9
EMP00214,Senior Analyst,Freelancer,2025-01-01,Project Orion,Annual Leave,22.8
EMP00043,Intern,Contractor,2025-01-01,Project Falcon,Billable,89.1
EMP00152,Executive,Part-time,2025-01-01,Project Titan ,Non-Billable,22.1
EMP00247,Junior,Fixed-term,2025-01-01,Project Titan,Billable,61.7
EMP00159,Junior,Permanent,2025-01-01,Project Vega,Non-Billable,111.9
EMP00028,Analyst,Permanent,2025-01-01,Project Vega,Annual Leave,32.2
EMP00093,Analyst,Fixed-term,2025-01-01,Project Orion,Annual Leave,25.8
EMP00074,Junior,Permanent,2025-01-01,Project Horizon,Annual Leave,8.2
EMP00035,Manager,Permanent,2025-01-01,Project Aurora,Billable,81.8
EMP00286,Analyst,Fixed-term,2025-01-01,Project Nimbus,Billable,70.9
EMP00056,Analyst,Permanent,2025-01-01,Project Aurora,Billable,57.0
EMP00021,Senior Analyst,Fixed-term,2025-01-01,Project Horizon,Non-Billable,34.6
EMP00180,Analyst,Fixed-term,2025-01-01,Project Orion,Non-Billable,82.4
EMP00251,Director,Fixed-term,2025-01-01,Project Falcon,Billable,91.3
EMP00250,Senior Manager,Fixed-term,2025-01-01,Project Zenith,Non-Billable,100.2
EMP00196,Analyst,Part-time,2025-01-01,Project Orion,Billable,44.0
EMP00100,Junior,Freelancer,2025-01-01,Project Titan,Non-Billable,123.5
EMP00087,Analyst,Contractor,2025-01-01,Project Atlas,Non-Billable,64.2
EMP00070,Junior,Permanent,2025-01-01,Project Nimbus,Non-Billable,90.7
EMP00213,Senior Analyst,Permanent,2025-01-01,Project Horizon,Billable,66.4
EMP00067,Manager,Part-time,2025-01-01,Project Vega,Non-Billable,74.1
EMP00009,Manager,Freelancer,2025-01-01,Project Nova,Billable,95.1
EMP00020,Senior Manager,Permanent,2025-01-01,Project Horizon,Non-Billable,78.9
EMP00033,Director,Fixed-term,2025-01-01,Project Horizon,Billable,79.6
EMP00069,Senior Manager,Fixed-term,2025-01-01,Project Titan,Billable,50.6
EMP00080,Analyst,Part-time,2025-01-01,Project Nova,Billable,73.0
EMP00246,Manager,Part-time,2025-01-01,Project Zenith,Billable,65.3
EMP00211,Manager,Fixed-term,2025-01-01,Project Orion,Annual Leave,8.5
EMP00012,Analyst,Fixed-term,2025-01-01,Project Nimbus,Billable,45.5
EMP00128,Manager,Fixed-term,2025-01-01,Project Vega,Annual Leave,22.7
EMP00115,Junior,Permanent,2025-01-01,Project Vega,Non-Billable,113.1
EMP00066,Senior Analyst,Permanent,2025-01-01,Project Falcon,Annual Leave,20.1
EMP00217,Analyst,Permanent,2025-01-01,Project Falcon,Non-Billable,153.8
EMP00206,Senior Analyst,Part-time,2025-01-01,Project Nimbus,Billable,35.4
EMP00248,Analyst,Contractor,2025-01-01,Project Nova,Billable,68.4
EMP00059,Manager,Fixed-term,2025-01-01,Project Titan,Non-Billable,113.1
EMP00045,Analyst,Fixed-term,2025-01-01,Project Atlas,Non-Billable,71.1
EMP00055,Senior Manager,Fixed-term,2025-01-01,Project Atlas,Non-Billable,110.7
EMP00214,Senior Analyst,Freelancer,2025-01-01,Project Orion,Billable,30.1
EMP00269,Intern,Fixed-term,2025-01-01,Project Nimbus,Billable,57.9
EMP00098,Intern,Fixed-term,2025-01-01,Project Atlas,Billable,110.6
EMP00037,Analyst,Fixed-term,2025-01-01,Project Orion,Non-Billable,112.6
EMP00025,Senior Analyst,Contractor,2025-01-01,Project Titan,Billable,81.6
EMP00177,Analyst,Contractor,2025-01-01,Project Falcon,Non-Billable,59.1
EMP00233,Junior,Permanent,2025-01-01,Project Orion,Billable,48.1
EMP00150,Senior Manager,Fixed-term,2025-01-01,Project Atlas,Billable,86.7
EMP00281,Analyst,Permanent,2025-01-01,Project Falcon,Billable,59.8
EMP00307,Analyst,Part-time,2025-01-01,Project Horizon,Non-Billable,65.5
EMP00093,Analyst,Fixed-term,2025-01-01,Project Orion,Billable,52.5
EMP00321,Manager,Part-time,2025-01-01,Project Zenith,Billable,36.6
EMP00223,Senior Manager,Permanent,2025-01-01,Project Titan,Non-Billable,31.3
EMP00201,Analyst,Permanent,2025-01-01,Project Falcon,Billable,42.6
EMP00171,Analyst,Permanent,2025-01-01,Project Zenith,Billable,72.6
EMP00329,Analyst,Permanent,2025-01-01,Project Falcon,Billable,71.5
EMP00109,Manager,Permanent,2025-01-01,Project Nimbus,Non-Billable,91.6
EMP00141,Junior,Fixed-term,2025-01-01,Project Aurora,Billable,73.3
EMP00240,Senior Analyst,Permanent,2025-01-01,Project Titan,Billable,120.4
EMP00049,Senior Manager,Fixed-term,2025-01-01,Project Vega,Non-Billable,44.4
EMP00191,Intern,Freelancer,2025-01-01,Project Orion,Billable,38.9
EMP00272,Senior Analyst,Contractor,2025-01-01,Project Zenith,Billable,72.5
EMP00072,Senior Analyst,Permanent,2025-01-01,Project Titan,Non-Billable,165.8
EMP00320,Junior,Part-time,2025-01-01,Project Aurora,Billable,40.2
EMP00304,Senior Manager,Permanent,2025-01-01,Project Horizon,Billable,55.8
EMP00188,Analyst,Fixed-term,2025-01-01,Project Orion,Billable,78.6
EMP00064,Senior Analyst,Permanent,2025-01-01,Project Nimbus,Non-Billable,44.0
EMP00143,Analyst,Permanent,2025-01-01,Project Orion,Annual Leave,35.4
EMP00145,Junior,Permanent,2025-01-01,Project Atlas,Non-Billable,174.3
EMP00312,Analyst,Fixed-term,2025-01-01,Project Atlas,Billable,114.8
EMP00016,Junior,Permanent,2025-01-01,Project Horizon,Annual Leave,28.1
EMP00242,Intern,Permanent,2025-01-01,Project Nova,Non-Billable,96.1
EMP00091,Senior Analyst,Permanent,2025-01-01,Project Nova,Billable,45.6
EMP00254,Manager,Freelancer,2025-01-01,Project Orion,Billable,33.0
EMP00165,Executive,Permanent,2025-01-01,Project Orion,Non-Billable,87.5
EMP00121,Senior Analyst,Contractor,2025-01-01,Project Nimbus,Non-Billable,123.3
EMP00179,Analyst,Part-time,2025-01-01,Project Nimbus,Annual Leave,37.2
EMP00052,Analyst,Freelancer,2025-01-01,Project Falcon,Non-Billable,46.8
EMP00047,Senior Analyst,Part-time,2025-01-01,Project Zenith,Non-Billable,66.8
EMP00050,Manager,Freelancer,2025-01-01,Project Vega,Non-Billable,134.3
EMP00208,Analyst,Permanent,2025-01-01,Project Nimbus,Non-Billable,95.6
EMP00027,Senior Analyst,Permanent,2025-01-01,Project Titan,Billable,52.3
EMP00186,Junior,Part-time,2025-01-01,Project Orion,Non-Billable,99.7
EMP00133,Analyst,Freelancer,2025-01-01,Project Zenith,Annual Leave,36.1
EMP00313,Intern,Fixed-term,2025-01-01,Project Titan,Non-Billable,31.5
EMP00221,Intern,Contractor,2025-01-01,Project Titan,Non-Billable,150.7
EMP00200,Senior Manager,Fixed-term,2025-01-01,Project Vega,Non-Billable,99.6
EMP00184,Junior,Permanent,2025-01-01,Project Falcon,Billable,68.2
EMP00326,Manager,Permanent,2025-01-01,Project Falcon,Non-Billable,83.2
EMP00120,Senior Analyst,Permanent,2025-01-01,Project Titan,Billable,82.5
EMP00172,Senior Analyst,Part-time,2025-01-01,Project Zenith,Non-Billable,89.6
EMP00321,Manager,Part-time,2025-01-01,Project Zenith,Non-Billable,62.6
EMP00191,Intern,Freelancer,2025-01-01,Project Orion,Non-Billable,72.4
EMP00199,Junior,Fixed-term,2025-01-01,Project Titan,Billable,59.0
EMP00270,Senior Analyst,Contractor,2025-01-01,Project Nimbus,Annual Leave,22.8
EMP00272,Senior Analyst,Contractor,2025-01-01,Project Zenith,Non-Billable,92.2
EMP00234,Analyst,Permanent,2025-01-01,Project Vega,Billable,47.2
EMP00110,Junior,Part-time,2025-01-01,Project Horizon,Non-Billable,58.2
EMP00090,Director,Permanent,2025-01-01,Project Nova,Annual Leave,38.8
EMP00131,Junior,Contractor,2025-01-01,Project Orion,Non-Billable,67.8
EMP00065,Director,Fixed-term,2025-01-01,Project Aurora,Non-Billable,155.3
EMP00212,Junior,Fixed-term,2025-01-01,Project Vega,Billable,59.5
EMP00184,Junior,Permanent,2025-01-01,Project Falcon,Non-Billable,98.0
EMP00094,Senior Analyst,Contractor,2025-01-01,Project Vega,Non-Billable,79.9
EMP00111,Senior Analyst,Fixed-term,2025-01-01,Project Nova,Non-Billable,183.9
EMP00327,Intern,Fixed-term,2025-01-01,Project Aurora,Billable,139.4
EMP00154,Junior,Part-time,2025-01-01,Project Nimbus,Billable,44.0
EMP00291,Analyst,Fixed-term,2025-01-01,Project Horizon,Non-Billable,108.9
EMP00232,Analyst,Permanent,2025-01-01,Project Falcon,Non-Billable,155.0
EMP00206,Senior Analyst,Part-time,2025-01-01,Project Nimbus,Annual Leave,25.3
EMP00204,Junior,Permanent,2025-01-01,Project Zenith,Annual Leave,39.1
EMP00202,Junior,Permanent,2025-01-01,Project Atlas,Non-Billable,80.1
EMP00273,Junior,Fixed-term,2025-01-01,Project Falcon,Non-Billable,40.1
EMP00264,Junior,Part-time,2025-01-01,Project Orion,Non-Billable,50.8
EMP00138,Senior Analyst,Part-time,2025-01-01,Project Vega,Billable,47.2
EMP00153,Analyst,Part-time,2025-01-01,Project Zenith,Billable,24.8
EMP00140,Intern,Permanent,2025-01-01,Project Aurora,Non-Billable,74.0
EMP00028,Analyst,Permanent,2025-01-01,Project Vega,Non-Billable,132.5
EMP00269,Intern,Fixed-term,2025-01-01,Project Nimbus,Non-Billable,111.0
EMP00036,Senior Manager,Permanent,2025-01-01,Project Nimbus,Billable,99.1
EMP00165,Executive,Permanent,2025-01-01,Project Orion,Billable,64.1
EMP00185,Junior,Part-time,2025-01-01,Project Horizon,Annual Leave,28.4
EMP00099,Analyst,Permanent,2025-01-01,Project Titan,Billable,46.9
EMP00336,Manager,Freelancer,2025-01-01,Project Titan,Non-Billable,90.8
EMP00238,Intern,Permanent,2025-01-01,Project Nova,Billable,75.5
EMP00286,Analyst,Fixed-term,2025-01-01,Project Nimbus,Non-Billable,98.1
EMP00195,Junior,Permanent,2025-01-01,Project Titan,Billable,50.2
EMP00196,Analyst,Part-time,2025-01-01,Project Orion,Non-Billable,58.8
EMP00024,Intern,Freelancer,2025-01-01,Project Zenith,Billable,88.3
EMP00164,Junior,Contractor,2025-01-01,Project Nova,Annual Leave,15.4
EMP00223,Senior Manager,Permanent,2025-01-01,Project Titan,Billable,138.3
EMP00003,Intern,Freelancer,2025-01-01,Project Zenith,Non-Billable,88.8
EMP00265,Intern,Permanent,2025-01-01,Project Zenith,Billable,37.0
EMP00324,Junior,Permanent,2025-01-01,Project Falcon,Non-Billable,125.8
EMP00271,Senior Analyst,Permanent,2025-01-01,Project Aurora,Non-Billable,174.3
EMP00201,Analyst,Permanent,2025-01-01,Project Falcon,Non-Billable,124.9
EMP00022,Analyst,Permanent,2025-01-01,Project Orion,Non-Billable,125.9
EMP00093,Analyst,Fixed-term,2025-01-01,Project Orion,Non-Billable,79.4
EMP00128,Manager,Fixed-term,2025-01-01,Project Vega,Non-Billable,87.3
EMP00070,Junior,Permanent,2025-01-01,Project Nimbus,Billable,68.8
EMP00029,Manager,Permanent,2025-01-01,Project Nimbus,Non-Billable,93.4
EMP00336,Manager,Freelancer,2025-01-01,Project Titan,Billable,42.7
EMP00057,Intern,Part-time,2025-01-01,Project Nova,Non-Billable,92.1
EMP00176,Senior Manager,Freelancer,2025-01-01,Project Nova,Billable,28.4
EMP00254,Manager,Freelancer,2025-01-01,Project Orion,Non-Billable,108.8
EMP00154,Junior,Part-time,2025-01-01,Project Nimbus,Non-Billable,49.3
EMP00105,Junior,Permanent,2025-01-01,Project Aurora,Non-Billable,122.2
EMP00319,Analyst,Permanent,2025-01-01,Project Titan,Non-Billable,163.8
EMP00023,Junior,Permanent,2025-01-01,Project Aurora,Billable,90.6
EMP00281,Analyst,Permanent,2025-01-01,Project Falcon,Non-Billable,80.3
EMP00153,Analyst,Part-time,2025-01-01,Project Zenith,Non-Billable,66.9
EMP00299,Senior Analyst,Fixed-term,2025-01-01,Project Nova,Non-Billable,97.5
EMP00126,Senior Manager,Part-time,2025-01-01,Project Vega,Billable,44.3
EMP00129,Analyst,Permanent,2025-01-01,Project Atlas,Non-Billable,114.1
EMP00325,Director,Fixed-term,2025-01-01,Project Falcon,Non-Billable,152.4
EMP00011,Executive,Permanent,2025-01-01,PROJECT FALCON,Billable,83.9
EMP00044,Director,Permanent,2025-01-01,Project Orion,Non-Billable,92.2
EMP00069,Senior Manager,Fixed-term,2025-01-01,Project Titan,Non-Billable,98.3
EMP00061,Analyst,Permanent,2025-01-01,Project Horizon,Billable,71.1
EMP00330,Senior Analyst,Part-time,2025-01-01,Project Nimbus,Non-Billable,62.9
EMP00007,Junior,Permanent,2025-01-01,Project Vega,Non-Billable,167.8
EMP00239,Analyst,Freelancer,2025-01-01,Project Vega,Billable,93.7
EMP00064,Senior Analyst,Permanent,2025-01-01,Project Nimbus,Billable,112.2
EMP00231,Intern,Fixed-term,2025-01-01,Project Atlas,Non-Billable,126.7
EMP00019,Senior Analyst,Permanent,2025-01-01,Project Zenith,Non-Billable,82.6
EMP00042,Junior,Permanent,2025-01-01,Project Zenith,Non-Billable,63.9
EMP00151,Analyst,Fixed-term,2025-01-01,Project Vega,Billable,72.8
EMP00032,Manager,Contractor,2025-01-01,Project Atlas,Non-Billable,142.8
EMP00213,Senior Analyst,Permanent,2025-01-01,Project Horizon,Annual Leave,20.2
EMP00162,Manager,Freelancer,2025-01-01,Project Orion,Non-Billable,137.3
EMP00005,Intern,Permanent,2025-01-01,Project Zenith,Non-Billable,126.5
EMP00014,Senior Manager,Contractor,2025-01-01,Project Horizon,Non-Billable,73.7
EMP00301,Analyst,Freelancer,2025-01-01,Project Vega,Billable,63.3
EMP00039,Analyst,Permanent,2025-01-01,Project Atlas,Non-Billable,180.4
EMP00076,Intern,Permanent,2025-01-01,Project Titan,Billable,81.5
EMP00256,Manager,Part-time,2025-01-01,PROJECT ATLAS,Annual Leave,10.7
EMP00043,Intern,Contractor,2025-01-01,Project Falcon,Non-Billable,76.0
EMP00152,Executive,Part-time,2025-01-01,Project Titan,Billable,66.1
EMP00180,Analyst,Fixed-term,2025-01-01,Project Orion,Billable,57.2
EMP00175,Manager,Permanent,2025-01-01,Project Atlas,Billable,73.4
EMP00041,Intern,Permanent,2025-01-01,Project Vega,Non-Billable,180.8
EMP00014,Senior Manager,Contractor,2025-01-01,Project Horizon,Billable,76.7
EMP00285,Analyst,Fixed-term,2025-01-01,Project Aurora,Non-Billable,140.5
EMP00083,Intern,Permanent,2025-01-01,Project Nimbus,Non-Billable,105.5
EMP00005,Intern,Permanent,2025-01-01,Project Zenith,Billable,49.8
EMP00029,Manager,Permanent,2025-01-01,Project Nimbus,Annual Leave,32.2
EMP00250,Senior Manager,Fixed-term,2025-01-01,Project Zenith,Billable,66.3
EMP00189,Senior Analyst,Part-time,2025-01-01,Project Nimbus,Billable,37.2
EMP00267,Intern,Freelancer,2025-01-01,Project Atlas,Billable,56.7
EMP00320,Junior,Part-time,2025-01-01,Project Aurora,Non-Billable,49.2
EMP00036,Senior Manager,Permanent,2025-01-01,Project Nimbus,Non-Billable,75.7
EMP00331,Senior Analyst,Permanent,2025-01-01,Project Aurora,Billable,41.1
EMP00195,Junior,Permanent,2025-01-01,Project Titan,Non-Billable,123.8
EMP00332,Senior Analyst,Permanent,2025-01-01,Project Falcon,Non-Billable,89.7
EMP00314,Senior Analyst,Permanent,2025-01-01,Project Atlas,Annual Leave,10.8
EMP00158,Senior Analyst,Fixed-term,2025-01-01,Project Atlas,Annual Leave,26.2
EMP00322,Senior Analyst,Part-time,2025-01-01,Project Vega,Non-Billable,57.0
EMP00225,Senior Analyst,Permanent,2025-01-01,Project Vega,Non-Billable,97.7
EMP00018,Manager,Fixed-term,2025-01-01,Project Horizon,Billable,72.2
EMP00322,Senior Analyst,Part-time,2025-01-01,Project Vega,Billable,40.4
EMP00294,Senior Manager,Permanent,2025-01-01,Project Nova,Billable,138.8
EMP00055,Senior Manager,Fixed-term,2025-01-01,Project Atlas,Billable,72.3
EMP00090,Director,Permanent,2025-01-01,Project Nova,Billable,51.1
EMP00116,Manager,Fixed-term,2025-01-01,Project Zenith,Billable,65.2
EMP00205,Manager,Permanent,2025-01-01,Project Atlas,Annual Leave,26.1
EMP00076,Intern,Permanent,2025-01-01,Project Titan,Non-Billable,79.9
EMP00040,Senior Analyst,Permanent,2025-01-01,Project Zenith,Non-Billable,115.2
EMP00208,Analyst,Permanent,2025-01-01,Project Nimbus,Billable,67.1
EMP00120,Senior Analyst,Permanent,2025-01-01,Project Titan,Non-Billable,89.4
EMP00109,Manager,Permanent,2025-01-01,Project Nimbus,Annual Leave,8.8
EMP00134,Analyst,Permanent,2025-01-01,Project Orion,Non-Billable,179.3
EMP00177,Analyst,Contractor,2025-01-01,Project Falcon,Billable,50.2
EMP00191,Intern,Freelancer,2025-01-01,Project Orion,Annual Leave,17.9
EMP00220,Analyst,Contractor,2025-01-01,Project Titan,Billable,61.8
EMP00298,Junior,Freelancer,2025-01-01,Project Atlas,Billable,53.9
EMP00179,Analyst,Part-time,2025-01-01,Project Nimbus,Billable,36.6
EMP00266,Manager,Fixed-term,2025-01-01,Project Orion,Billable,60.8
EMP00086,Senior Analyst,Part-time,2025-01-01,Project Falcon,Billable,28.4
EMP00096,Senior Analyst,Contractor,2025-01-01,Project Zenith,Non-Billable,90.1
EMP00312,Analyst,Fixed-term,2025-01-01,Project Atlas,Non-Billable,57.3
EMP00176,Senior Manager,Freelancer,2025-01-01,Project Nova,Non-Billable,97.9
EMP00300,Analyst,Fixed-term,2025-01-01,Project Nimbus,Non-Billable,80.2
EMP00313,Intern,Fixed-term,2025-01-01,Project Titan,Annual Leave,22.5
EMP00084,Senior Manager,Contractor,2025-01-01,Project Falcon,Non-Billable,135.6
EMP00091,Senior Analyst,Permanent,2025-01-01,Project Nova,Non-Billable,116.3
EMP00124,Analyst,Permanent,2025-01-01,Project Atlas,Billable,82.1
EMP00159,Junior,Permanent,2025-01-01,Project Vega,Billable,41.6
EMP00335,Senior Analyst,Permanent,2025-01-01,Project Falcon,Non-Billable,82.7
EMP00151,Analyst,Fixed-term,2025-01-01,Project Vega,Non-Billable,87.3
EMP00252,Intern,Part-time,2025-01-01,Project Titan,Non-Billable,97.0
EMP00284,Analyst,Permanent,2025-01-01,Project Falcon,Non-Billable,55.9
EMP00128,Manager,Fixed-term,2025-01-01,Project Vega,Billable,64.7
EMP00081,Manager,Fixed-term,2025-01-01,Project Aurora,Billable,94.4
EMP00058,Manager,Freelancer,2025-01-01,Project Zenith,Billable,56.5
EMP00008,Director,Permanent,2025-01-01,Project Nimbus,Billable,58.4
EMP00167,Junior,Permanent,2025-01-01,Project Nimbus,Non-Billable,175.1
EMP00214,Senior Analyst,Freelancer,2025-01-01,Project Orion,Non-Billable,76.2
EMP00178,Intern,Permanent,2025-01-01,Project Nova,Non-Billable,148.1
EMP00126,Senior Manager,Part-time,2025-01-01,Project Vega,Non-Billable,49.3
EMP00048,Intern,Permanent,2025-01-01,Project Atlas,Non-Billable,69.6
EMP00264,Junior,Part-time,2025-01-01,Project Orion,Billable,39.9
EMP00141,Junior,Fixed-term,2025-01-01,Project Aurora,Non-Billable,98.4
EMP00244,Senior Analyst,Permanent,2025-01-01,Project Nimbus,Non-Billable,46.5
EMP00056,Analyst,Permanent,2025-01-01,Project Aurora,Non-Billable,100.5
EMP00298,Junior,Freelancer,2025-01-01,Project Atlas,Non-Billable,83.5
EMP00125,Senior Analyst,Fixed-term,2025-01-01,Project Titan,Non-Billable,126.3
EMP00096,Senior Analyst,Contractor,2025-01-01,Project Zenith,Billable,61.7
EMP00231,Intern,Fixed-term,2025-01-01,Project Atlas,Billable,46.3
EMP00194,Analyst,Freelancer,2025-01-01,Project Vega,Annual Leave,26.9
EMP00103,Director,Fixed-term,2025-01-01,Project Nova,Non-Billable,53.7
EMP00326,Manager,Permanent,2025-01-01,Project Falcon,Billable,51.8
EMP00021,Senior Analyst,Fixed-term,2025-01-01,Project Horizon,Billable,129.0
EMP00338,Intern,Contractor,2025-01-01,Project Nova,Non-Billable,95.3
EMP00280,Manager,Permanent,2025-01-01,Project Orion,Non-Billable,153.0
EMP00275,Junior,Part-time,2025-01-01,Project Atlas,Non-Billable,64.3
EMP00309,Manager,Permanent,2025-01-01,Project Nova,Non-Billable,173.2
EMP00148,Junior,Permanent,2025-01-01,Project Nova,Billable,71.2
EMP00113,Analyst,Permanent,2025-01-01,Project Atlas,Non-Billable,169.7
EMP00006,Analyst,Contractor,2025-01-01,Project Zenith,Billable,50.6
EMP00164,Junior,Contractor,2025-01-01,Project Nova,Non-Billable,130.0
EMP00160,Junior,Contractor,2025-01-01,Project Atlas,Non-Billable,45.5
EMP00095,Junior,Fixed-term,2025-01-01,Project Vega,Non-Billable,79.5
EMP00106,Intern,Contractor,2025-01-01,Project Nova,Billable,43.7
EMP00104,Junior,Permanent,2025-01-01,Project Falcon,Billable,59.3
EMP00074,Junior,Permanent,2025-01-01,Project Horizon,Non-Billable,98.0
EMP00143,Analyst,Permanent,2025-01-01,Project Orion,Non-Billable,97.4
EMP00042,Junior,Permanent,2025-01-01,Project Zenith,Billable,104.4
EMP00081,Manager,Fixed-term,2025-01-01,Project Aurora,Non-Billable,66.8
EMP00187,Analyst,Permanent,2025-01-01,Project Orion,Non-Billable,100.5
EMP00281,Analyst,Permanent,2025-01-01,Project Falcon,Annual Leave,34.6
EMP00302,Junior,Fixed-term,2025-01-01,Project Zenith,Non-Billable,164.9
EMP00316,Analyst,Permanent,2025-01-01,Project Titan,Non-Billable,182.6
EMP00116,Manager,Fixed-term,2025-01-01,Project Zenith,Non-Billable,100.6
EMP00169,Analyst,Fixed-term,2025-01-01,Project Falcon,Annual Leave,32.0
EMP00133,Analyst,Freelancer,2025-01-01,Project Zenith,Billable,28.4
EMP00130,Junior,Permanent,2025-01-01,Project Nova,Billable,41.9
EMP00255,Analyst,Freelancer,2025-01-01,Project Nova,Non-Billable,77.9
EMP00258,Senior Manager,Permanent,2025-01-01,Project Vega,Non-Billable,67.6
EMP00047,Senior Analyst,Part-time,2025-01-01,Project Zenith,Billable,29.6
EMP00119,Senior Analyst,Part-time,2025-01-01,Project Horizon,Billable,21.2
EMP00324,Junior,Permanent,2025-01-01,Project Falcon,Billable,50.6
EMP00202,Junior,Permanent,2025-01-01,,Paternity Leave,38.8
EMP00239,Analyst,Freelancer,2025-01-01,Project Vega,Non-Billable,31.7
EMP00030,Manager,Permanent,2025-01-01,Project Aurora,Billable,60.0
EMP00273,Junior,Fixed-term,2025-01-01,Project Falcon,Billable,134.4
EMP00149,Senior Analyst,Permanent,2025-01-01,Project Falcon,Non-Billable,170.1
EMP00200,Senior Manager,Fixed-term,2025-01-01,Project Vega,Billable,63.5
EMP00335,Senior Analyst,Permanent,2025-01-01,Project Falcon,Billable,77.2
EMP00063,Junior,Permanent,2025-01-01,Project Falcon,Non-Billable,98.5
EMP00090,Director,Permanent,2025-01-01,Project Nova,Non-Billable,82.5
EMP00169,Analyst,Fixed-term,2025-01-01,Project Falcon,Non-Billable,79.1
EMP00140,Intern,Permanent,2025-01-01,Project Aurora,Billable,86.6
EMP00299,Senior Analyst,Fixed-term,2025-01-01,Project Nova,Billable,50.8
EMP00185,Junior,Part-time,2025-01-01,Project Horizon,Non-Billable,32.6
EMP00163,Senior Analyst,Part-time,2025-01-01,Project Aurora,Non-Billable,101.4
EMP00215,Junior,Contractor,2025-01-01,Project Zenith,Billable,69.8
EMP00258,Senior Manager,Permanent,2025-01-01,Project Vega,Billable,80.5
EMP00210,Director,Fixed-term,2025-01-01,Project Nova,Non-Billable,52.6
EMP00012,Analyst,Fixed-term,2025-01-01,Project Nimbus,Non-Billable,115.9
EMP00202,Junior,Permanent,2025-01-01,Project Atlas,Billable,56.8
EMP00130,Junior,Permanent,2025-01-01,Project Nova,Non-Billable,121.5
EMP00129,Analyst,Permanent,2025-01-01,Project Atlas,Billable,51.0
EMP00127,Analyst,Freelancer,2025-01-01,Project Nova,Billable,49.3
EMP00263,Analyst,Part-time,2025-01-01,Project Zenith,Non-Billable,57.6
EMP00308,Senior Analyst,Part-time,2025-01-01,Project Orion,Billable,23.2
EMP00300,Analyst,Fixed-term,2025-01-01,Project Nimbus,Billable,76.8
EMP00155,Junior,Permanent,2025-01-01,Project Vega,Billable,59.8
EMP00029,Manager,Permanent,2025-01-01,Project Nimbus,Billable,29.5
EMP00194,Analyst,Freelancer,2025-01-01,Project Vega,Non-Billable,65.5
EMP00069,Senior Manager,Fixed-term,2025-01-01,Project Titan,Annual Leave,18.9
EMP00215,Junior,Contractor,2025-01-01,Project Zenith,Non-Billable,77.8
EMP00033,Director,Fixed-term,2025-01-01,Project Horizon,Non-Billable,82.7
EMP00110,Junior,Part-time,2025-01-01,Project Horizon,Billable,33.4
EMP00132,Junior,Fixed-term,2025-01-01,Project Nimbus,Non-Billable,164.9
EMP00139,Intern,Permanent,2025-01-01,Project Titan,Non-Billable,173.3
EMP00105,Junior,Permanent,2025-01-01,Project Aurora,Billable,43.6
EMP00245,Senior Analyst,Fixed-term,2025-01-01,Project Falcon,Billable,118.5
EMP00204,Junior,Permanent,2025-01-01,Project Zenith,Billable,78.4
EMP00210,Director,Fixed-term,2025-01-01,Project Nova,Billable,123.1
EMP00235,Analyst,Fixed-term,2025-01-01,Project Falcon,Billable,46.8
EMP00044,Director,Permanent,2025-01-01,Project Orion,Billable,79.7
EMP00261,Analyst,Part-time,2025-01-01,Project Titan,Billable,26.4
EMP00213,Senior Analyst,Permanent,2025-01-01,Project Horizon,Non-Billable,85.5
EMP00205,Manager,Permanent,2025-02-01,Project Atlas,Non-Billable,177.2
EMP00095,Junior,Fixed-term,2025-02-01,Project Vega,Non-Billable,95.5
EMP00320,Junior,Part-time,2025-02-01,Project Aurora,Billable,25.9
EMP00332,Senior Analyst,Permanent,2025-02-01,Project Falcon,Billable,78.2
EMP00179,Analyst,Part-time,2025-02-01,Project Nimbus,Non-Billable,46.2
EMP00069,Senior Manager,Fixed-term,2025-02-01,Project Titan,Billable,56.8
EMP00070,Junior,Permanent,2025-02-01,Project Nimbus,Annual Leave,17.1
EMP00082,Analyst,Permanent,2025-02-01,Project Nimbus,Non-Billable,156.3
EMP00250,Senior Manager,Fixed-term,2025-02-01,Project Zenith,Non-Billable,96.4
EMP00325,Director,Fixed-term,2025-02-01,Project Falcon,Non-Billable,168.5
EMP00175,Manager,Permanent,2025-02-01,Project Atlas,Annual Leave,36.1
EMP00218,Analyst,Fixed-term,2025-02-01,Project Nimbus,Non-Billable,98.9
EMP00284,Analyst,Permanent,2025-02-01,Project Falcon,Non-Billable,43.0
EMP00189,Senior Analyst,Part-time,2025-02-01,Project Nimbus,Non-Billable,54.6
EMP00316,Analyst,Permanent,2025-02-01,Project Titan,Non-Billable,170.4
EMP00144,Intern,Freelancer,2025-02-01,Project Nimbus,Billable,33.1
EMP00288,Junior,Permanent,2025-02-01,Project Zenith,Billable,31.9
EMP00056,Analyst,Permanent,2025-02-01,Project Aurora,Non-Billable,103.2
EMP00074,Junior,Permanent,2025-02-01,Project Horizon,Billable,84.5
EMP00331,Senior Analyst,Permanent,2025-02-01,Project Aurora,Billable,46.3
EMP00005,Intern,Permanent,2025-02-01,Project Zenith,Non-Billable,135.6
EMP00218,Analyst,Fixed-term,2025-02-01,Project Nimbus,Billable,73.9
EMP00094,Senior Analyst,Contractor,2025-02-01,Project Vega,Annual Leave,36.2
EMP00135,Senior Analyst,Fixed-term,2025-02-01,Project Horizon,Billable,72.3
EMP00044,Director,Permanent,2025-02-01,Project Orion,Billable,76.3
EMP00208,Analyst,Permanent,2025-02-01,Project Nimbus,Non-Billable,88.0
EMP00161,Intern,Contractor,2025-02-01,Project Nova,Billable,57.3
EMP00105,Junior,Permanent,2025-02-01,Project Aurora,Non-Billable,106.7
EMP00304,Senior Manager,Permanent,2025-02-01,Project Horizon,Billable,60.7
EMP00121,Senior Analyst,Contractor,2025-02-01,Project Nimbus,Non-Billable,140.4
EMP00102,Analyst,Contractor,2025-02-01,Project Vega,Non-Billable,110.3
EMP00191,Intern,Freelancer,2025-02-01,Project Orion,Billable,57.5
EMP00332,Senior Analyst,Permanent,2025-02-01,Project Falcon,Non-Billable,101.8
EMP00096,Senior Analyst,Contractor,2025-02-01,Project Zenith,Billable,68.5
EMP00195,Junior,Permanent,2025-02-01,Project Titan,Non-Billable,123.6
EMP00271,Senior Analyst,Permanent,2025-02-01,Project Aurora,Non-Billable,172.0
EMP00063,Junior,Permanent,2025-02-01,Project Falcon,Non-Billable,97.5
EMP00029,Manager,Permanent,2025-02-01,Project Nimbus,Billable,45.1
EMP00153,Analyst,Part-time,2025-02-01,Project Zenith,Non-Billable,73.7
EMP00008,Director,Permanent,2025-02-01,Project Nimbus,Annual Leave,19.2
EMP00326,Manager,Permanent,2025-02-01,Project Falcon,Billable,65.2
EMP00152,Executive,Part-time,2025-02-01,Project Titan,Non-Billable,12.9
EMP00078,Analyst,Contractor,2025-02-01,Project Aurora,Non-Billable,99.5
EMP00095,Junior,Fixed-term,2025-02-01,Project Vega,Billable,78.3
EMP00245,Senior Analyst,Fixed-term,2025-02-01,Project Falcon,Non-Billable,23.9
EMP00116,Manager,Fixed-term,2025-02-01,Project Zenith,Annual Leave,12.3
EMP00005,Intern,Permanent,2025-02-01,Project Zenith,Billable,49.9
EMP00322,Senior Analyst,Part-time,2025-02-01,Project Vega,Non-Billable,54.1
EMP00064,Senior Analyst,Permanent,2025-02-01,Project Nimbus,Non-Billable,19.4
EMP00070,Junior,Permanent,2025-02-01,Project Nimbus,Billable,66.2
EMP00324,Junior,Permanent,2025-02-01,Project Falcon,Non-Billable,90.8
EMP00301,Analyst,Freelancer,2025-02-01,Project Vega,Non-Billable,54.2
EMP00087,Analyst,Contractor,2025-02-01,Project Atlas,Billable,63.7
EMP00074,Junior,Permanent,2025-02-01,Project Horizon,Non-Billable,90.2
EMP00100,Junior,Freelancer,2025-02-01,Project Titan,Non-Billable,133.6
EMP00128,Manager,Fixed-term,2025-02-01,Project Vega,Annual Leave,12.7
EMP00224,Senior Manager,Fixed-term,2025-02-01,Project Falcon,Non-Billable,171.5
EMP00148,Junior,Permanent,2025-02-01,Project Nova,Non-Billable,104.3
EMP00312,Analyst,Fixed-term,2025-02-01,Project Atlas,Billable,115.0
EMP00031,Manager,Contractor,2025-02-01,Project Nimbus,Non-Billable,72.9
EMP00111,Senior Analyst,Fixed-term,2025-02-01,Project Nova,Non-Billable,159.7
EMP00052,Analyst,Freelancer,2025-02-01,Project Falcon,Annual Leave,37.1
EMP00045,Analyst,Fixed-term,2025-02-01,Project Atlas,Non-Billable,70.6
EMP00306,Junior,Permanent,2025-02-01,Project Vega,Non-Billable,170.7
EMP00174,Intern,Permanent,2025-02-01,Project Aurora,Billable,77.2
EMP00184,Junior,Permanent,2025-02-01,Project Falcon,Billable,63.0
EMP00222,Senior Analyst,Permanent,2025-02-01,Project Vega,Non-Billable,152.8
EMP00138,Senior Analyst,Part-time,2025-02-01,Project Vega,Non-Billable,40.5
EMP00229,Intern,Contractor,2025-02-01,Project Aurora,Annual Leave,34.4
EMP00291,Analyst,Fixed-term,2025-02-01,Project Horizon,Non-Billable,106.9
EMP00022,Analyst,Permanent,2025-02-01,Project Orion,Non-Billable,118.6
EMP00327,Intern,Fixed-term,2025-02-01,Project Aurora,Non-Billable,36.2
EMP00159,Junior,Permanent,2025-02-01,Project Vega,Non-Billable,126.1
EMP00108,Junior,Permanent,2025-02-01,Project Titan,Billable,58.1
EMP00244,Senior Analyst,Permanent,2025-02-01,Project Nimbus,Non-Billable,46.3
EMP00329,Analyst,Permanent,2025-02-01,Project Falcon,Non-Billable,108.4
EMP00025,Senior Analyst,Contractor,2025-02-01,Project Titan,Annual Leave,37.3
EMP00049,Senior Manager,Fixed-term,2025-02-01,Project Vega,Billable,102.0
EMP00305,Junior,Permanent,2025-02-01,Project Nova,Non-Billable,153.7
EMP00108,Junior,Permanent,2025-02-01,Project Titan,Non-Billable,99.9
EMP00195,Junior,Permanent,2025-02-01,Project Titan,Billable,44.5
EMP00287,Senior Analyst,Contractor,2025-02-01,Project Aurora,Non-Billable,108.4
EMP00301,Analyst,Freelancer,2025-02-01,Project Vega,Annual Leave,15.1
EMP00194,Analyst,Freelancer,2025-02-01,Project Vega,Billable,68.4
EMP00162,Manager,Freelancer,2025-02-01,Project Orion,Annual Leave,13.5
EMP00131,Junior,Contractor,2025-02-01,Project Orion,Billable,61.2
EMP00018,Manager,Fixed-term,2025-02-01,Project Horizon,Billable,64.1
EMP00298,Junior,Freelancer,2025-02-01,Project Atlas,Annual Leave,24.7
EMP00007,Junior,Permanent,2025-02-01,Project Vega,Non-Billable,163.1
EMP00291,Analyst,Fixed-term,2025-02-01,Project Horizon,Billable,65.4
EMP00330,Senior Analyst,Part-time,2025-02-01,Project Nimbus,Billable,28.0
EMP00299,Senior Analyst,Fixed-term,2025-02-01,Project Nova,Billable,45.0
EMP00330,Senior Analyst,Part-time,2025-02-01,Project Nimbus,Non-Billable,70.0
EMP00020,Senior Manager,Permanent,2025-02-01,Project Horizon,Billable,86.9
EMP00014,Senior Manager,Contractor,2025-02-01,Project Horizon,Billable,67.5
EMP00265,Intern,Permanent,2025-02-01,Project Zenith,Billable,33.9
EMP00050,Manager,Freelancer,2025-02-01,Project Vega,Non-Billable,133.4
EMP00297,Junior,Permanent,2025-02-01,Project Vega,Billable,71.3
EMP00114,Junior,Part-time,2025-02-01,Project Vega,Non-Billable,102.6
EMP00206,Senior Analyst,Part-time,2025-02-01,Project Nimbus,Annual Leave,30.9
EMP00150,Senior Manager,Fixed-term,2025-02-01,Project Atlas,Billable,61.2
EMP00165,Executive,Permanent,2025-02-01,Project Orion,Billable,76.4
EMP00086,Senior Analyst,Part-time,2025-02-01,Project Falcon,Non-Billable,70.8
EMP00072,Senior Analyst,Permanent,2025-02-01,Project Titan,Non-Billable,158.5
EMP00093,Analyst,Fixed-term,2025-02-01,Project Orion,Non-Billable,98.2
EMP00019,Senior Analyst,Permanent,2025-02-01,Project Zenith,Billable,63.9
EMP00035,Manager,Permanent,2025-02-01,Project Aurora,Non-Billable,104.5
EMP00256,Manager,Part-time,2025-02-01,Project Atlas,Non-Billable,98.6
EMP00148,Junior,Permanent,2025-02-01,Project Nova,Billable,80.9
EMP00307,Analyst,Part-time,2025-02-01,Project Horizon,Billable,22.7
EMP00294,Senior Manager,Permanent,2025-02-01,Project Nova,Non-Billable,38.0
EMP00133,Analyst,Freelancer,2025-02-01,Project Zenith,Non-Billable,88.5
EMP00321,Manager,Part-time,2025-02-01,Project Zenith,Non-Billable,56.6
EMP00075,Analyst,Permanent,2025-02-01,Project Atlas,Non-Billable,170.3
EMP00251,Director,Fixed-term,2025-02-01,Project Falcon,Billable,83.5
EMP00178,Intern,Permanent,2025-02-01,Project Nova,Non-Billable,170.8
EMP00204,Junior,Permanent,2025-02-01,Project Zenith,Billable,89.6
EMP00308,Senior Analyst,Part-time,2025-02-01,Project Orion,Billable,23.4
EMP00322,Senior Analyst,Part-time,2025-02-01,Project Vega,Billable,32.4
EMP00061,Analyst,Permanent,2025-02-01,Project Horizon,Non-Billable,85.0
EMP00268,Senior Analyst,Permanent,2025-02-01,Project Horizon,Billable,50.3
EMP00272,Senior Analyst,Contractor,2025-02-01,Project Zenith,Billable,52.8
EMP00184,Junior,Permanent,2025-02-01,Project Falcon,Non-Billable,88.0
EMP00033,Director,Fixed-term,2025-02-01,Project Horizon,Non-Billable,98.8
EMP00009,Manager,Freelancer,2025-02-01,Project Nova,Billable,87.0
EMP00103,Director,Fixed-term,2025-02-01,Project Nova,Non-Billable,42.4
EMP00135,Senior Analyst,Fixed-term,2025-02-01,Project Horizon,Annual Leave,35.6
EMP00126,Senior Manager,Part-time,2025-02-01,Project Vega,Non-Billable,42.1
EMP00098,Intern,Fixed-term,2025-02-01,Project Atlas,Billable,115.1
EMP00213,Senior Analyst,Permanent,2025-02-01,Project Horizon,Billable,50.3
EMP00244,Senior Analyst,Permanent,2025-02-01,Project Nimbus,Billable,114.2
EMP00126,Senior Manager,Part-time,2025-02-01,Project Vega,Billable,50.8
EMP00093,Analyst,Fixed-term,2025-02-01,Project Orion,Billable,68.2
EMP00266,Manager,Fixed-term,2025-02-01,Project Orion,Billable,73.8
EMP00176,Senior Manager,Freelancer,2025-02-01,Project Nova,Billable,33.2
EMP00030,Manager,Permanent,2025-02-01,Project Aurora,Non-Billable,102.5
EMP00049,Senior Manager,Fixed-term,2025-02-01,Project Vega,Non-Billable,53.6
EMP00069,Senior Manager,Fixed-term,2025-02-01,Project Titan,Non-Billable,94.3
EMP00154,Junior,Part-time,2025-02-01,Project Nimbus,Non-Billable,52.8
EMP00336,Manager,Freelancer,2025-02-01,Project Titan,Billable,35.8
EMP00160,Junior,Contractor,2025-02-01,Project Atlas,Non-Billable,32.8
EMP00311,Analyst,Permanent,2025-02-01,Project Nimbus,Non-Billable,171.2
EMP00025,Senior Analyst,Contractor,2025-02-01,Project Titan,Non-Billable,50.7
EMP00336,Manager,Freelancer,2025-02-01,Project Titan,Non-Billable,97.6
EMP00338,Intern,Contractor,2025-02-01,Project Nova,Billable,61.8
EMP00036,Senior Manager,Permanent,2025-02-01,Project Nimbus,Billable,94.7
EMP00187,Analyst,Permanent,2025-02-01,Project Orion,Annual Leave,15.8
EMP00019,Senior Analyst,Permanent,2025-02-01,Project Zenith,Annual Leave,29.2
EMP00117,Intern,Fixed-term,2025-02-01,Project Horizon,Billable,66.3
EMP00174,Intern,Permanent,2025-02-01,Project Aurora,Non-Billable,82.9
EMP00159,Junior,Permanent,2025-02-01,Project Vega,Billable,51.1
EMP00267,Intern,Freelancer,2025-02-01,Project Atlas,Non-Billable,66.6
EMP00066,Senior Analyst,Permanent,2025-02-01,Project Falcon,Non-Billable,123.4
EMP00098,Intern,Fixed-term,2025-02-01,Project Atlas,Non-Billable,62.8
EMP00202,Junior,Permanent,2025-02-01,Project Atlas,Non-Billable,92.6
EMP00285,Analyst,Fixed-term,2025-02-01,Project Aurora,Non-Billable,165.1
EMP00013,Analyst,Part-time,2025-02-01,Project Atlas,Billable,46.5
EMP00275,Junior,Part-time,2025-02-01,Project Atlas,Billable,31.3
EMP00300,Analyst,Fixed-term,2025-02-01,Project Nimbus,Non-Billable,87.4
EMP00208,Analyst,Permanent,2025-02-01,Project Nimbus,Billable,48.3
EMP00026,Analyst,Permanent,2025-02-01,Project Nimbus,Non-Billable,87.4
EMP00102,Analyst,Contractor,2025-02-01,Project Vega,Billable,46.3
EMP00011,Executive,Permanent,2025-02-01,Project Falcon,Billable,-95.6
EMP00239,Analyst,Freelancer,2025-02-01,Project Vega,Billable,58.6
EMP00229,Intern,Contractor,2025-02-01,Project Aurora,Non-Billable,119.3
EMP00239,Analyst,Freelancer,2025-02-01,Project Vega,Annual Leave,35.6
EMP00039,Analyst,Permanent,2025-02-01,Project Atlas,Non-Billable,163.8
EMP00309,Manager,Permanent,2025-02-01,Project Nova,Non-Billable,184.4
EMP00154,Junior,Part-time,2025-02-01,Project Nimbus,Billable,40.7
EMP00048,Intern,Permanent,2025-02-01,Project Atlas,Non-Billable,97.8
EMP00260,Analyst,Contractor,2025-02-01,Project Nimbus,Billable,42.5
EMP00048,Intern,Permanent,2025-02-01,Project Atlas,Billable,70.2
EMP00055,Senior Manager,Fixed-term,2025-02-01,Project Atlas,Billable,70.3
EMP00146,Analyst,Permanent,2025-02-01,Project Aurora,Non-Billable,56.6
EMP00129,Analyst,Permanent,2025-02-01,Project Atlas,Billable,45.8
EMP00264,Junior,Part-time,2025-02-01,Project Orion,Non-Billable,60.9
EMP00299,Senior Analyst,Fixed-term,2025-02-01,Project Nova,Annual Leave,19.6
EMP00077,Senior Analyst,Fixed-term,2025-02-01,Project Horizon,Non-Billable,167.4
EMP00051,Senior Analyst,Contractor,2025-02-01,Project Zenith,Non-Billable,33.2
EMP00009,Manager,Freelancer,2025-02-01,Project Nova,Non-Billable,39.6
EMP00169,Analyst,Fixed-term,2025-02-01,Project Falcon,Non-Billable,73.8
EMP00006,Analyst,Contractor,2025-02-01,Project Zenith,Billable,64.7
EMP00240,Senior Analyst,Permanent,2025-02-01,Project Titan,Non-Billable,23.7
EMP00339,Manager,Contractor,2025-02-01,Project Nova,Non-Billable,165.1
EMP00263,Analyst,Part-time,2025-02-01,Project Zenith,Non-Billable,56.2
EMP00162,Manager,Freelancer,2025-02-01,Project Orion,Non-Billable,128.3
EMP00086,Senior Analyst,Part-time,2025-02-01,Project Falcon,Billable,24.6
EMP00125,Senior Analyst,Fixed-term,2025-02-01,Project Titan,Non-Billable,111.6
EMP00083,Intern,Permanent,2025-02-01,Project Nimbus,Annual Leave,28.9
EMP00179,Analyst,Part-time,2025-02-01,Project Nimbus,Billable,55.4
EMP00163,Senior Analyst,Part-time,2025-02-01,Project Aurora,Non-Billable,94.8
EMP00235,Analyst,Fixed-term,2025-02-01,Project Falcon,Non-Billable,123.4
EMP00012,Analyst,Fixed-term,2025-02-01,Project Nimbus,Billable,46.0
EMP00180,Analyst,Fixed-term,2025-02-01,Project Orion,Non-Billable,92.8
EMP00199,Junior,Fixed-term,2025-02-01,Project Titan,Non-Billable,129.3
EMP00270,Senior Analyst,Contractor,2025-02-01,Project Nimbus,Billable,67.3
EMP00063,Junior,Permanent,2025-02-01,Project Falcon,Billable,64.2
EMP00232,Analyst,Permanent,2025-02-01,Project Falcon,Annual Leave,22.7
EMP00187,Analyst,Permanent,2025-02-01,Project Orion,Non-Billable,82.1
EMP00141,Junior,Fixed-term,2025-02-01,Project Aurora,Non-Billable,79.6
EMP00033,Director,Fixed-term,2025-02-01,Project Horizon,Billable,73.4
EMP00029,Manager,Permanent,2025-02-01,Project Nimbus,Non-Billable,114.8
EMP00091,Senior Analyst,Permanent,2025-02-01,Project Nova,Non-Billable,133.0
EMP00262,Analyst,Permanent,2025-02-01,Project Vega,Non-Billable,153.5
EMP00119,Senior Analyst,Part-time,2025-02-01,Project Horizon,Non-Billable,74.1
EMP00140,Intern,Permanent,2025-02-01,Project Aurora,Billable,91.4
EMP00200,Senior Manager,Fixed-term,2025-02-01,Project Vega,Non-Billable,107.4
EMP00021,Senior Analyst,Fixed-term,2025-02-01,Project Horizon,Billable,118.0
EMP00051,Senior Analyst,Contractor,2025-02-01,Project Zenith,Billable,123.2
EMP00052,Analyst,Freelancer,2025-02-01,Project Falcon,Non-Billable,40.5
EMP00286,Analyst,Fixed-term,2025-02-01,Project Nimbus,Non-Billable,110.5
EMP00185,Junior,Part-time,2025-02-01,Project  Horizon,Billable,41.5
EMP00146,Analyst,Permanent,2025-02-01,Project Aurora,Billable,107.6
EMP00206,Senior Analyst,Part-time,2025-02-01,Project Nimbus,Non-Billable,34.3
EMP00136,Senior Analyst,Fixed-term,2025-02-01,Project Orion,Non-Billable,176.8
EMP00099,Analyst,Permanent,2025-02-01,Project Titan,Non-Billable,132.0
EMP00040,Senior Analyst,Permanent,2025-02-01,Project Zenith,Billable,45.6
EMP00018,Manager,Fixed-term,2025-02-01,Project Horizon,Non-Billable,110.3
EMP00293,Manager,Fixed-term,2025-02-01,Project Aurora,Non-Billable,77.6
EMP00164,Junior,Contractor,2025-02-01,Project Nova,Annual Leave,8.1
EMP00125,Senior Analyst,Fixed-term,2025-02-01,Project Titan,Billable,52.4
EMP00318,Junior,Contractor,2025-02-01,Project Nimbus,Non-Billable,150.0
EMP00327,Intern,Fixed-term,2025-02-01,Project Aurora,Billable,138.2
EMP00238,Intern,Permanent,2025-02-01,Project Nova,Non-Billable,78.1
EMP00151,Analyst,Fixed-term,2025-02-01,Project Vega,Non-Billable,104.2
EMP00196,Analyst,Part-time,2025-02-01,Project Orion,Billable,31.7
EMP00308,Senior Analyst,Part-time,2025-02-01,Project Orion,Non-Billable,50.8
EMP00025,Senior Analyst,Contractor,2025-02-01,Project Titan,Billable,53.7
EMP00044,Director,Permanent,2025-02-01,Project Orion,Non-Billable,88.4
EMP00242,Intern,Permanent,2025-02-01,Project Nova,Non-Billable,97.7
EMP00231,Intern,Fixed-term,2025-02-01,Project Atlas,Non-Billable,119.6
EMP00083,Intern,Permanent,2025-02-01,Project Nimbus,Billable,47.6
EMP00175,Manager,Permanent,2025-02-01,Project Atlas,Billable,57.1
EMP00293,Manager,Fixed-term,2025-02-01,Project Aurora,Billable,81.2
EMP00024,Intern,Freelancer,2025-02-01,Project Zenith,Non-Billable,41.0
EMP00177,Analyst,Contractor,2025-02-01,Project Falcon,Non-Billable,66.9
EMP00337,Senior Manager,Permanent,2025-02-01,Project Falcon,Non-Billable,165.7
EMP00027,Senior Analyst,Permanent,2025-02-01,Project Titan,Billable,75.2
EMP00116,Manager,Fixed-term,2025-02-01,Project Zenith,Non-Billable,70.9
EMP00078,Analyst,Contractor,2025-02-01,Project Aurora,Billable,54.0
EMP00247,Junior,Fixed-term,2025-02-01,Project Titan,Annual Leave,17.0
EMP00109,Manager,Permanent,2025-02-01,Project Nimbus,Billable,57.7
EMP00310,Senior Analyst,Fixed-term,2025-02-01,Project Atlas,Non-Billable,167.6
EMP00040,Senior Analyst,Permanent,2025-02-01,Project Zenith,Non-Billable,118.5
EMP00049,Senior Manager,Fixed-term,2025-02-01,Project Vega,Annual Leave,10.0
EMP00055,Senior Manager,Fixed-term,2025-02-01,Project Atlas,Non-Billable,107.3
EMP00056,Analyst,Permanent,2025-02-01,Project Aurora,Billable,53.6
EMP00101,Manager,Permanent,2025-02-01,Project Zenith,Non-Billable,166.1
EMP00082,Analyst,Permanent,2025-02-01,,Maternity Leave,18.6
EMP00161,Intern,Contractor,2025-02-01,Project Nova,Non-Billable,62.9
EMP00281,Analyst,Permanent,2025-02-01,Project Falcon,Non-Billable,97.0
EMP00252,Intern,Part-time,2025-02-01,Project Titan,Non-Billable,107.2
EMP00058,Manager,Freelancer,2025-02-01,Project Zenith,Annual Leave,31.8
EMP00171,Analyst,Permanent,2025-02-01,Project Zenith,Non-Billable,96.1
EMP00331,Senior Analyst,Permanent,2025-02-01,Project Aurora,Non-Billable,116.8
EMP00091,Senior Analyst,Permanent,2025-02-01,Project Nova,Billable,42.7
EMP00133,Analyst,Freelancer,2025-02-01,Project Zenith,Annual Leave,10.9
EMP00275,Junior,Part-time,2025-02-01,Project Atlas,Annual Leave,9.2
EMP00214,Senior Analyst,Freelancer,2025-02-01,Project Orion,Non-Billable,89.5
EMP00127,Analyst,Freelancer,2025-02-01,Project Nova,Non-Billable,78.7
EMP00177,Analyst,Contractor,2025-02-01,Project Falcon,Annual Leave,10.3
EMP00275,Junior,Part-time,2025-02-01,Project Atlas,Non-Billable,51.7
EMP00080,Analyst,Part-time,2025-02-01,Project Nova,Billable,70.0
EMP00140,Intern,Permanent,2025-02-01,Project Aurora,Non-Billable,89.1
EMP00023,Junior,Permanent,2025-02-01,Project Aurora,Non-Billable,81.8
EMP00014,Senior Manager,Contractor,2025-02-01,Project Horizon,Non-Billable,59.7
EMP00270,Senior Analyst,Contractor,2025-02-01,Project Nimbus,Non-Billable,84.6
EMP00169,Analyst,Fixed-term,2025-02-01,Project Falcon,Billable,85.3
EMP00225,Senior Analyst,Permanent,2025-02-01,Project Vega,Billable,84.3
EMP00251,Director,Fixed-term,2025-02-01,Project Falcon,Non-Billable,75.7
EMP00132,Junior,Fixed-term,2025-02-01,Project Nimbus,Annual Leave,35.6
EMP00036,Senior Manager,Permanent,2025-02-01,Project Nimbus,Annual Leave,16.6
EMP00208,Analyst,Permanent,2025-02-01,Project Nimbus,Annual Leave,36.3
EMP00338,Intern,Contractor,2025-02-01,Project Nova,Non-Billable,91.3
EMP00221,Intern,Contractor,2025-02-01,Project Titan,Non-Billable,137.0
EMP00113,Analyst,Permanent,2025-02-01,Project Atlas,Non-Billable,159.3
EMP00258,Senior Manager,Permanent,2025-02-01,Project Vega,Non-Billable,45.4
EMP00258,Senior Manager,Permanent,2025-02-01,Project Vega,Annual Leave,29.7
EMP00106,Intern,Contractor,2025-02-01,Project Nova,Non-Billable,86.0
EMP00297,Junior,Permanent,2025-02-01,Project Vega,Non-Billable,113.4
EMP00204,Junior,Permanent,2025-02-01,Project Zenith,Non-Billable,90.0
EMP00059,Manager,Fixed-term,2025-02-01,Project Titan,Billable,52.0
EMP00142,Analyst,Permanent,2025-02-01,Project Falcon,Billable,69.8
EMP00196,Analyst,Part-time,2025-02-01,Project Orion,Annual Leave,25.4
EMP00277,Senior Analyst,Part-time,2025-02-01,Project Falcon,Non-Billable,94.9
EMP00065,Director,Fixed-term,2025-02-01,Project Aurora,Non-Billable,162.4
EMP00247,Junior,Fixed-term,2025-02-01,Project Titan,Non-Billable,101.9
EMP00182,Analyst,Permanent,2025-02-01,Project Nimbus,Billable,94.3
EMP00087,Analyst,Contractor,2025-02-01,Project Atlas,Non-Billable,74.8
EMP00194,Analyst,Freelancer,2025-02-01,Project Vega,Non-Billable,70.0
EMP00006,Analyst,Contractor,2025-02-01,Project Zenith,Non-Billable,98.2
EMP00158,Senior Analyst,Fixed-term,2025-02-01,Project Atlas,Non-Billable,169.5
EMP00261,Analyst,Part-time,2025-02-01,Project Titan,Non-Billable,74.1
EMP00329,Analyst,Permanent,2025-02-01,Project Falcon,Billable,63.7
EMP00247,Junior,Fixed-term,2025-02-01,Project Titan,Billable,68.4
EMP00160,Junior,Contractor,2025-02-01,Project Atlas,Billable,106.7
EMP00289,Junior,Fixed-term,2025-02-01,Project Nova,Non-Billable,162.5
EMP00308,Senior Analyst,Part-time,2025-02-01,Project Orion,Annual Leave,32.3
EMP00240,Senior Analyst,Permanent,2025-02-01,Project Titan,Annual Leave,21.2
EMP00041,Intern,Permanent,2025-02-01,Project Vega,Non-Billable,170.6
EMP00261,Analyst,Part-time,2025-02-01,Project Titan,Billable,20.2
EMP00298,Junior,Freelancer,2025-02-01,Project Atlas,Billable,46.5
EMP00008,Director,Permanent,2025-02-01,Project Nimbus,Billable,59.0
EMP00027,Senior Analyst,Permanent,2025-02-01,Project Titan,Non-Billable,87.5
EMP00167,Junior,Permanent,2025-02-01,Project Nimbus,Non-Billable,174.8
EMP00215,Junior,Contractor,2025-02-01,Project Zenith,Non-Billable,70.7
EMP00131,Junior,Contractor,2025-02-01,Project Orion,Non-Billable,76.5
EMP00299,Senior Analyst,Fixed-term,2025-02-01,Project Nova,Non-Billable,108.2
EMP00201,Analyst,Permanent,2025-02-01,Project Falcon,Billable,48.3
EMP00110,Junior,Part-time,2025-02-01,Project Horizon,Non-Billable,61.1
EMP00173,Manager,Freelancer,2025-02-01,Project Aurora,Annual Leave,9.2
EMP00268,Senior Analyst,Permanent,2025-02-01,Project Horizon,Non-Billable,125.6
EMP00223,Senior Manager,Permanent,2025-02-01,Project Titan,Non-Billable,43.7
EMP00294,Senior Manager,Permanent,2025-02-01,Project Nova,Billable,123.4
EMP00138,Senior Analyst,Part-time,2025-02-01,Project Vega,Billable,53.5
EMP00191,Intern,Freelancer,2025-02-01,Project Orion,Non-Billable,77.9
EMP00150,Senior Manager,Fixed-term,2025-02-01,Project Atlas,Non-Billable,108.5
EMP00030,Manager,Permanent,2025-02-01,Project Aurora,Billable,65.7
EMP00172,Senior Analyst,Part-time,2025-02-01,Project Zenith,Non-Billable,96.4
EMP00084,Senior Manager,Contractor,2025-02-01,Project Falcon,Non-Billable,128.8
EMP00273,Junior,Fixed-term,2025-02-01,Project Falcon,Billable,92.1
EMP00128,Manager,Fixed-term,2025-02-01,Project Vega,Non-Billable,103.3
EMP00171,Analyst,Permanent,2025-02-01,Project Zenith,Billable,64.4
EMP00245,Senior Analyst,Fixed-term,2025-02-01,Project Falcon,Billable,139.9
EMP00324,Junior,Permanent,2025-02-01,Project Falcon,Annual Leave,39.7
EMP00240,Senior Analyst,Permanent,2025-02-01,Project Titan,Billable,113.6
EMP00302,Junior,Fixed-term,2025-02-01,Project Zenith,Non-Billable,162.5
EMP00144,Intern,Freelancer,2025-02-01,Project Nimbus,Non-Billable,88.6
EMP00070,Junior,Permanent,2025-02-01,project nimbus,Non-Billable,97.8
EMP00135,Senior Analyst,Fixed-term,2025-02-01,Project Horizon,Non-Billable,68.4
EMP00042,Junior,Permanent,2025-02-01,Project Zenith,Non-Billable,64.4
EMP00043,Intern,Contractor,2025-02-01,Project Falcon,Billable,66.5
EMP00120,Senior Analyst,Permanent,2025-02-01,Project Titan,Non-Billable,86.7
EMP00319,Analyst,Permanent,2025-02-01,Project Titan,Non-Billable,160.4
EMP00059,Manager,Fixed-term,2025-02-01,Project Titan,Non-Billable,117.6
EMP00064,Senior Analyst,Permanent,2025-02-01,Project Nimbus,Billable,151.1
EMP00133,Analyst,Freelancer,2025-02-01,Project Zenith,Billable,29.0
EMP00094,Senior Analyst,Contractor,2025-02-01,Project Vega,Billable,50.0
EMP00246,Manager,Part-time,2025-02-01,Project Zenith,Non-Billable,22.9
EMP00211,Manager,Fixed-term,2025-02-01,Project Orion,Non-Billable,87.7
EMP00034,Senior Manager,Permanent,2025-02-01,Project Atlas,Non-Billable,180.4
EMP00020,Senior Manager,Permanent,2025-02-01,Project Horizon,Non-Billable,73.7
EMP00234,Analyst,Permanent,2025-02-01,Project Vega,Billable,50.0
EMP00028,Analyst,Permanent,2025-02-01,Project Vega,Non-Billable,173.2
EMP00314,Senior Analyst,Permanent,2025-02-01,Project Atlas,Non-Billable,139.9
EMP00175,Manager,Permanent,2025-02-01,Project Atlas,Non-Billable,72.9
EMP00130,Junior,Permanent,2025-02-01,Project Nova,Non-Billable,111.9
EMP00134,Analyst,Permanent,2025-02-01,Project Orion,Non-Billable,159.8
EMP00080,Analyst,Part-time,2025-02-01,Project Nova,Non-Billable,30.8
EMP00149,Senior Analyst,Permanent,2025-02-01,Project Falcon,Non-Billable,158.8
EMP00269,Intern,Fixed-term,2025-02-01,Project Nimbus,Non-Billable,98.5
EMP00103,Director,Fixed-term,2025-02-01,Project Nova,Billable,132.2
EMP00307,Analyst,Part-time,2025-02-01,Project Horizon,Non-Billable,74.3
EMP00047,Senior Analyst,Part-time,2025-02-01,Project Zenith,Non-Billable,76.9
EMP00057,Intern,Part-time,2025-02-01,Project Nova,Non-Billable,99.8
EMP00021,Senior Analyst,Fixed-term,2025-02-01,Project Horizon,Non-Billable,51.1
EMP00152,Executive,Part-time,2025-02-01,Project Titan,Billable,84.9
EMP00258,Senior Manager,Permanent,2025-02-01,Project Vega,Billable,62.7
EMP00076,Intern,Permanent,2025-02-01,Project Titan,Billable,71.4
EMP00260,Analyst,Contractor,2025-02-01,Project Nimbus,Non-Billable,102.0
EMP00141,Junior,Fixed-term,2025-02-01,Project Aurora,Billable,82.1
EMP00314,Senior Analyst,Permanent,2025-02-01,Project Atlas,Billable,49.0
EMP00282,Analyst,Fixed-term,2025-02-01,Project Aurora,Non-Billable,97.6
EMP00164,Junior,Contractor,2025-02-01,Project Nova,Non-Billable,138.8
EMP00032,Manager,Contractor,2025-02-01,Project Atlas,Non-Billable,148.0
EMP00255,Analyst,Freelancer,2025-02-01,Project Nova,Billable,47.8
EMP00187,Analyst,Permanent,2025-02-01,Project Orion,Billable,74.0
EMP00043,Intern,Contractor,2025-02-01,Project Falcon,Non-Billable,79.4
EMP00117,Intern,Fixed-term,2025-02-01,Project Horizon,Non-Billable,106.0
EMP00313,Intern,Fixed-term,2025-02-01,Project Titan,Non-Billable,44.8
EMP00052,Analyst,Freelancer,2025-02-01,Project Falcon,Billable,51.1
EMP00206,Senior Analyst,Part-time,2025-02-01,Project Nimbus,Billable,21.9
EMP00058,Manager,Freelancer,2025-02-01,Project Zenith,Billable,47.6
EMP00115,Junior,Permanent,2025-02-01,Project Vega,Billable,44.8
EMP00288,Junior,Permanent,2025-02-01,Project Zenith,Non-Billable,104.0
EMP00233,Junior,Permanent,2025-02-01,Project Orion,Billable,38.3
EMP00120,Senior Analyst,Permanent,2025-02-01,Project Titan,Billable,64.5
EMP00143,Analyst,Permanent,2025-02-01,Project Orion,Non-Billable,108.8
EMP00106,Intern,Contractor,2025-02-01,Project Nova,Billable,57.4
EMP00254,Manager,Freelancer,2025-02-01,Project Orion,Non-Billable,105.0
EMP00213,Senior Analyst,Permanent,2025-02-01,Project Horizon,Non-Billable,119.0
EMP00017,Analyst,Permanent,2025-02-01,Project Atlas,Non-Billable,170.1
EMP00145,Junior,Permanent,2025-02-01,Project Atlas,Non-Billable,182.3
EMP00016,Junior,Permanent,2025-02-01,Project Horizon,Non-Billable,65.4
EMP00199,Junior,Fixed-term,2025-02-01,Project Titan,Billable,47.3
EMP00301,Analyst,Freelancer,2025-02-01,Project Vega,Billable,48.3
EMP00099,Analyst,Permanent,2025-02-01,Project Titan,Billable,47.3
EMP00176,Senior Manager,Freelancer,2025-02-01,Project Nova,Non-Billable,104.4
EMP00105,Junior,Permanent,2025-02-01,Project Aurora,Billable,39.6
EMP00235,Analyst,Fixed-term,2025-02-01,Project Falcon,Billable,46.1
EMP00210,Director,Fixed-term,2025-02-01,Project Nova,Billable,136.7
EMP00066,Senior Analyst,Permanent,2025-02-01,Project Falcon,Billable,41.3
EMP00081,Manager,Fixed-term,2025-02-01,Project Aurora,Non-Billable,88.6
EMP00104,Junior,Permanent,2025-02-01,Project Falcon,Billable,63.8
EMP00177,Analyst,Contractor,2025-02-01,Project Falcon,Billable,67.5
EMP00067,Manager,Part-time,2025-02-01,Project Vega,Non-Billable,105.3
EMP00083,Intern,Permanent,2025-02-01,Project Nimbus,Non-Billable,80.3
EMP00232,Analyst,Permanent,2025-02-01,Project Falcon,Non-Billable,152.7
EMP00036,Senior Manager,Permanent,2025-02-01,Project Nimbus,Non-Billable,75.7
EMP00328,Analyst,Permanent,2025-02-01,Project Falcon,Non-Billable,79.0
EMP00335,Senior Analyst,Permanent,2025-02-01,Project Falcon,Billable,75.9
EMP00182,Analyst,Permanent,2025-02-01,Project Nimbus,Non-Billable,76.5
EMP00284,Analyst,Permanent,2025-02-01,Project Falcon,Billable,120.3
EMP00012,Analyst,Fixed-term,2025-02-01,Project Nimbus,Non-Billable,109.2
EMP00212,Junior,Fixed-term,2025-02-01,Project Vega,Billable,75.1
EMP00155,Junior,Permanent,2025-02-01,Project Vega,Billable,85.6
EMP00320,Junior,Part-time,2025-02-01,Project Aurora,Annual Leave,33.1
EMP00127,Analyst,Freelancer,2025-02-01,Project Nova,Billable,46.4
EMP00328,Analyst,Permanent,2025-02-01,Project Falcon,Billable,85.9
EMP00188,Analyst,Fixed-term,2025-02-01,Project Orion,Non-Billable,101.9
EMP00014,Senior Manager,Contractor,2025-02-01,Project Horizon,Annual Leave,18.3
EMP00304,Senior Manager,Permanent,2025-02-01,Project Horizon,Non-Billable,114.6
EMP00335,Senior Analyst,Permanent,2025-02-01,Project Falcon,Non-Billable,97.9
EMP00026,Analyst,Permanent,2025-02-01,Project Nimbus,Annual Leave,38.7
EMP00173,Manager,Freelancer,2025-02-01,Project Aurora,Non-Billable,123.9
EMP00286,Analyst,Fixed-term,2025-02-01,Project Nimbus,Billable,69.4
EMP00058,Manager,Freelancer,2025-02-01,Project Zenith,Non-Billable,53.7
EMP00081,Manager,Fixed-term,2025-02-01,Project Aurora,Billable,76.6
EMP00215,Junior,Contractor,2025-02-01,Project Zenith,Annual Leave,38.3
EMP00143,Analyst,Permanent,2025-02-01,Project Orion,Billable,42.0
EMP00263,Analyst,Part-time,2025-02-01,Project Zenith,Billable,38.1
EMP00151,Analyst,Fixed-term,2025-02-01,Project Vega,Billable,76.4
EMP00130,Junior,Permanent,2025-02-01,Project Nova,Billable,53.9
EMP00124,Analyst,Permanent,2025-02-01,Project Atlas,Non-Billable,62.5
EMP00250,Senior Manager,Fixed-term,2025-02-01,Project Zenith,Billable,66.7
EMP00090,Director,Permanent,2025-02-01,Project Nova,Non-Billable,100.0
EMP00201,Analyst,Permanent,2025-02-01,Project Falcon,Non-Billable,135.8
EMP00242,Intern,Permanent,2025-02-01,Project Nova,Billable,70.9
EMP00185,Junior,Part-time,2025-02-01,Project Horizon,Non-Billable,54.4
EMP00022,Analyst,Permanent,2025-02-01,Project Orion,Billable,45.0
EMP00239,Analyst,Freelancer,2025-02-01,Project Vega,Non-Billable,27.4
EMP00128,Manager,Fixed-term,2025-02-01,Project Vega,Billable,61.2
EMP00212,Junior,Fixed-term,2025-02-01,Project Vega,Non-Billable,98.4
EMP00161,Intern,Contractor,2025-02-01,Project  Nova,Annual Leave,22.6
EMP00016,Junior,Permanent,2025-02-01,Project Horizon,Billable,106.3
EMP00110,Junior,Part-time,2025-02-01,Project Horizon,Billable,40.8
EMP00109,Manager,Permanent,2025-02-01,project nimbus,Non-Billable,91.3
EMP00142,Analyst,Permanent,2025-02-01,Project Falcon,Non-Billable,105.3
EMP00225,Senior Analyst,Permanent,2025-02-01,Project Vega,Non-Billable,93.0
EMP00116,Manager,Fixed-term,2025-02-01,Project Zenith,Billable,74.5
EMP00226,Senior Analyst,Part-time,2025-02-01,Project Vega,Non-Billable,70.9
EMP00249,Junior,Permanent,2025-02-01,Project Horizon,Non-Billable,104.3
EMP00223,Senior Manager,Permanent,2025-02-01,Project Titan,Billable,120.3
EMP00255,Analyst,Freelancer,2025-02-01,Project Nova,Non-Billable,86.6
EMP00115,Junior,Permanent,2025-02-01,Project Vega,Non-Billable,124.3
EMP00287,Senior Analyst,Contractor,2025-02-01,Project Aurora,Billable,38.9
EMP00266,Manager,Fixed-term,2025-02-01,Project Orion,Non-Billable,100.7
EMP00246,Manager,Part-time,2025-02-01,Project Zenith,Billable,76.9
EMP00039,Analyst,Permanent,2025-02-01,Project Atlas,Non-Billable,163.8
EMP00035,Manager,Permanent,2025-02-01,Project Aurora,Billable,64.4
EMP00265,Intern,Permanent,2025-02-01,Project Zenith,Non-Billable,87.8
EMP00026,Analyst,Permanent,2025-02-01,Project Nimbus,Billable,31.8
EMP00165,Executive,Permanent,2025-02-01,Project Orion,Non-Billable,99.0
EMP00047,Senior Analyst,Part-time,2025-02-01,Project Zenith,Billable,20.8
EMP00096,Senior Analyst,Contractor,2025-02-01,Project Zenith,Non-Billable,74.1
EMP00153,Analyst,Part-time,2025-02-01,Project Zenith,Billable,25.4
EMP00320,Junior,Part-time,2025-02-01,Project Aurora,Non-Billable,36.8
EMP00189,Senior Analyst,Part-time,2025-02-01,Project Nimbus,Billable,47.9
EMP00267,Intern,Freelancer,2025-02-01,Project Atlas,Billable,52.9
EMP00249,Junior,Permanent,2025-02-01,Project Horizon,Billable,45.9
EMP00234,Analyst,Permanent,2025-02-01,Project Vega,Non-Billable,116.6
EMP00042,Junior,Permanent,2025-02-01,Project Zenith,Billable,85.2
EMP00076,Intern,Permanent,2025-02-01,Project Titan,Non-Billable,100.7
EMP00037,Analyst,Fixed-term,2025-02-01,Project Orion,Non-Billable,134.6
EMP00233,Junior,Permanent,2025-02-01,Project Orion,Non-Billable,133.0
EMP00042,Junior,Permanent,2025-02-01,Project Zenith,Annual Leave,34.2
EMP00211,Manager,Fixed-term,2025-02-01,Project Orion,Billable,78.1
EMP00326,Manager,Permanent,2025-02-01,Project Falcon,Non-Billable,95.8
EMP00105,Junior,Permanent,2025-02-01,Project Aurora,Annual Leave,22.4
EMP00324,Junior,Permanent,2025-02-01,Project Falcon,Billable,38.9
EMP00312,Analyst,Fixed-term,2025-02-01,Project Atlas,Non-Billable,42.4
EMP00272,Senior Analyst,Contractor,2025-02-01,Project Zenith,Non-Billable,86.3
EMP00045,Analyst,Fixed-term,2025-02-01,Project Atlas,Billable,94.7
EMP00254,Manager,Freelancer,2025-02-01,Project Orion,Billable,32.6
EMP00024,Intern,Freelancer,2025-02-01,Project Zenith,Billable,83.8
EMP00214,Senior Analyst,Freelancer,2025-02-01,Project Orion,Billable,33.6
EMP00210,Director,Fixed-term,2025-02-01,Project Nova,Non-Billable,38.7
EMP00104,Junior,Permanent,2025-02-01,Project Falcon,Non-Billable,93.6
EMP00061,Analyst,Permanent,2025-02-01,Project Horizon,Billable,86.2
EMP00319,Analyst,Permanent,2025-02-01,Project Titan,Annual Leave,23.3
EMP00202,Junior,Permanent,2025-02-01,Project Atlas,Billable,64.5
EMP00090,Director,Permanent,2025-02-01,Project Nova,Billable,60.7
EMP00269,Intern,Fixed-term,2025-02-01,Project Nimbus,Billable,66.5
EMP00196,Analyst,Part-time,2025-02-01,Project Orion,Non-Billable,42.4
EMP00188,Analyst,Fixed-term,2025-02-01,Project Orion,Billable,52.8
EMP00031,Manager,Contractor,2025-02-01,Project Nimbus,Billable,80.8
EMP00155,Junior,Permanent,2025-02-01,Project Vega,Non-Billable,80.5
EMP00217,Analyst,Permanent,2025-02-01,Project Falcon,Non-Billable,170.7
EMP00198,Senior Manager,Freelancer,2025-02-01,Project Atlas,Non-Billable,123.7
EMP00094,Senior Analyst,Contractor,2025-02-01,Project Vega,Non-Billable,59.3
EMP00226,Senior Analyst,Part-time,2025-02-01,Project Vega,Billable,30.9
EMP00120,Senior Analyst,Permanent,2025-02-01,Project Titan,Annual Leave,16.9
EMP00305,Junior,Permanent,2025-02-01,Project Nova,Annual Leave,8.8
EMP00037,Analyst,Fixed-term,2025-02-01,Project Orion,Billable,46.1
EMP00280,Manager,Permanent,2025-02-01,Project Orion,Non-Billable,164.4
EMP00231,Intern,Fixed-term,2025-02-01,Project Atlas,Billable,46.3
EMP00011,Executive,Permanent,2025-02-01,Project Falcon,Non-Billable,79.3
EMP00300,Analyst,Fixed-term,2025-02-01,Project Nimbus,Billable,88.3
EMP00019,Senior Analyst,Permanent,2025-02-01,Project Zenith,Non-Billable,91.6
EMP00186,Junior,Part-time,2025-02-01,Project Orion,Non-Billable,99.4
EMP00282,Analyst,Fixed-term,2025-02-01,Project Aurora,Billable,68.0
EMP00264,Junior,Part-time,2025-02-01,Project Orion,Billable,33.0
EMP00013,Analyst,Part-time,2025-02-01,Project Atlas,Non-Billable,50.4
EMP00281,Analyst,Permanent,2025-02-01,Project Falcon,Billable,57.8
EMP00203,Analyst,Contractor,2025-02-01,Project Atlas,Non-Billable,158.4
EMP00238,Intern,Permanent,2025-02-01,Project Nova,Billable,91.6
EMP00321,Manager,Part-time,2025-02-01,Project Zenith,Billable,37.0
EMP00248,Analyst,Contractor,2025-02-01,Project Nova,Non-Billable,97.8
EMP00200,Senior Manager,Fixed-term,2025-02-01,Project Vega,Billable,64.5
EMP00132,Junior,Fixed-term,2025-02-01,Project Nimbus,Non-Billable,145.8
EMP00139,Intern,Permanent,2025-02-01,Project Titan,Non-Billable,173.5
EMP00023,Junior,Permanent,2025-02-01,Project Aurora,Billable,81.6
EMP00180,Analyst,Fixed-term,2025-02-01,Project Orion,Billable,75.9
EMP00265,Intern,Permanent,2025-02-01,Project Zenith,Annual Leave,35.9
EMP00008,Director,Permanent,2025-02-01,Project Nimbus,Non-Billable,101.8
EMP00248,Analyst,Contractor,2025-02-01,Project Nova,Billable,57.2
EMP00273,Junior,Fixed-term,2025-02-01,Project Falcon,Non-Billable,62.1
EMP00124,Analyst,Permanent,2025-02-01,Project Atlas,Billable,105.8
EMP00298,Junior,Freelancer,2025-02-01,Project Atlas,Non-Billable,68.4
EMP00119,Senior Analyst,Part-time,2025-02-01,Project Horizon,Billable,22.8
EMP00129,Analyst,Permanent,2025-02-01,Project Atlas,Non-Billable,124.7
EMP00168,Junior,Permanent,2025-02-01,Project Atlas,Non-Billable,182.4
EMP00215,Junior,Contractor,2025-02-01,Project Zenith,Billable,50.7
EMP00313,Intern,Fixed-term,2025-02-01,Project Titan,Billable,111.3
EMP00320,Junior,Part-time,2025-03-01,Project Aurora,Non-Billable,55.0
EMP00196,Analyst,Part-time,2025-03-01,Project Orion,Billable,42.0
EMP00275,Junior,Part-time,2025-03-01,Project Atlas,Non-Billable,59.4
EMP00213,Senior Analyst,Permanent,2025-03-01,Project Horizon,Billable,71.7
EMP00315,Director,Permanent,2025-03-01,Project Horizon,Billable,67.4
EMP00164,Junior,Contractor,2025-03-01,Project Nova,Non-Billable,138.1
EMP00025,Senior Analyst,Contractor,2025-03-01,Project Titan,Annual Leave,37.3
EMP00293,Manager,Fixed-term,2025-03-01,Project Aurora,Billable,80.9
EMP00284,Analyst,Permanent,2025-03-01,Project Falcon,Annual Leave,20.4
EMP00256,Manager,Part-time,2025-03-01,Project Atlas,Non-Billable,95.3
EMP00143,Analyst,Permanent,2025-03-01,Project Orion,Billable,31.2
EMP00136,Senior Analyst,Fixed-term,2025-03-01,Project Orion,Non-Billable,174.2
EMP00318,Junior,Contractor,2025-03-01,Project Nimbus,Non-Billable,145.3
EMP00282,Analyst,Fixed-term,2025-03-01,Project Aurora,Non-Billable,80.9
EMP00238,Intern,Permanent,2025-03-01,Project Nova,Non-Billable,86.9
EMP00205,Manager,Permanent,2025-03-01,Project Atlas,Non-Billable,165.3
EMP00326,Manager,Permanent,2025-03-01,Project Falcon,Billable,64.9
EMP00299,Senior Analyst,Fixed-term,2025-03-01,Project Nova,Non-Billable,127.0
EMP00210,Director,Fixed-term,2025-03-01,Project Nova,Billable,114.0
EMP00300,Analyst,Fixed-term,2025-03-01,Project  Nimbus,Billable,89.7
EMP00313,Intern,Fixed-term,2025-03-01,Project Titan,Non-Billable,13.6
EMP00324,Junior,Permanent,2025-03-01,Project Falcon,Non-Billable,123.4
EMP00026,Analyst,Permanent,2025-03-01,Project Nimbus,Billable,45.4
EMP00077,Senior Analyst,Fixed-term,2025-03-01,Project Horizon,Non-Billable,163.6
EMP00233,Junior,Permanent,2025-03-01,Project Orion,Billable,52.2
EMP00021,Senior Analyst,Fixed-term,2025-03-01,Project Horizon,Billable,111.6
EMP00328,Analyst,Permanent,2025-03-01,Project Falcon,Billable,95.2
EMP00113,Analyst,Permanent,2025-03-01,Project Atlas,Non-Billable,159.3
EMP00211,Manager,Fixed-term,2025-03-01,Project Orion,Non-Billable,92.3
EMP00312,Analyst,Fixed-term,2025-03-01,Project Atlas,Annual Leave,23.5
EMP00110,Junior,Part-time,2025-03-01,Project Horizon,Non-Billable,58.1
EMP00271,Senior Analyst,Permanent,2025-03-01,Project Aurora,Non-Billable,166.3
EMP00096,Senior Analyst,Contractor,2025-03-01,Project Zenith,Annual Leave,20.2
EMP00242,Intern,Permanent,2025-03-01,Project Nova,Non-Billable,101.0
EMP00258,Senior Manager,Permanent,2025-03-01,Project Vega,Billable,93.9
EMP00249,Junior,Permanent,2025-03-01,Project Horizon,Non-Billable,123.1
EMP00254,Manager,Freelancer,2025-03-01,Project Orion,Non-Billable,91.7
EMP00288,Junior,Permanent,2025-03-01,Project Zenith,Non-Billable,128.2
EMP00273,Junior,Fixed-term,2025-03-01,Project Falcon,Billable,143.8
EMP00034,Senior Manager,Permanent,2025-03-01,Project Atlas,Non-Billable,174.2
EMP00118,Senior Analyst,Fixed-term,2025-03-01,Project Atlas,Billable,39.3
EMP00255,Analyst,Freelancer,2025-03-01,Project Nova,Annual Leave,21.2
EMP00285,Analyst,Fixed-term,2025-03-01,Project Aurora,Non-Billable,165.3
EMP00179,Analyst,Part-time,2025-03-01,Project Nimbus,Non-Billable,37.8
EMP00019,Senior Analyst,Permanent,2025-03-01,Project Zenith,Non-Billable,99.1
EMP00231,Intern,Fixed-term,2025-03-01,Project Atlas,Billable,41.6
EMP00182,Analyst,Permanent,2025-03-01,Project Nimbus,Billable,78.9
EMP00180,Analyst,Fixed-term,2025-03-01,Project Orion,Non-Billable,101.8
EMP00235,Analyst,Fixed-term,2025-03-01,Project Falcon,Non-Billable,137.8
EMP00025,Senior Analyst,Contractor,2025-03-01,Project Titan,Non-Billable,49.5
EMP00239,Analyst,Freelancer,2025-03-01,Project Vega,Non-Billable,45.5
EMP00040,Senior Analyst,Permanent,2025-03-01,Project Zenith,Non-Billable,123.0
EMP00141,Junior,Fixed-term,2025-03-01,Project Aurora,Non-Billable,82.9
EMP00214,Senior Analyst,Freelancer,2025-03-01,Project Orion,Billable,32.6
EMP00082,Analyst,Permanent,2025-03-01,Project Nimbus,Non-Billable,163.1
EMP00250,Senior Manager,Fixed-term,2025-03-01,Project Zenith,Non-Billable,100.5
EMP00105,Junior,Permanent,2025-03-01,Project Aurora,Billable,46.2
EMP00196,Analyst,Part-time,2025-03-01,Project Orion,Non-Billable,53.1
EMP00079,Manager,Permanent,2025-03-01,Project Horizon,Billable,99.4
EMP00108,Junior,Permanent,2025-03-01,Project Titan,Non-Billable,94.4
EMP00240,Senior Analyst,Permanent,2025-03-01,Project Titan,Billable,109.9
EMP00134,Analyst,Permanent,2025-03-01,Project Orion,Non-Billable,158.9
EMP00322,Senior Analyst,Part-time,2025-03-01,Project Vega,Non-Billable,-43.1
EMP00035,Manager,Permanent,2025-03-01,Project Aurora,Billable,57.7
EMP00189,Senior Analyst,Part-time,2025-03-01,Project Nimbus,Billable,39.9
EMP00330,Senior Analyst,Part-time,2025-03-01,Project Nimbus,Non-Billable,66.1
EMP00018,Manager,Fixed-term,2025-03-01,Project Horizon,Non-Billable,90.8
EMP00154,Junior,Part-time,2025-03-01,Project Nimbus,Non-Billable,56.7
EMP00022,Analyst,Permanent,2025-03-01,Project Orion,Billable,42.9
EMP00219,Junior,Part-time,2025-03-01,Project Falcon,Non-Billable,94.6
EMP00160,Junior,Contractor,2025-03-01,Project Atlas,Non-Billable,34.1
EMP00314,Senior Analyst,Permanent,2025-03-01,Project Atlas,Annual Leave,28.5
EMP00194,Analyst,Freelancer,2025-03-01,Project Vega,Billable,52.1
EMP00032,Manager,Contractor,2025-03-01,Project Atlas,Non-Billable,142.3
EMP00155,Junior,Permanent,2025-03-01,Project Vega,Non-Billable,82.0
EMP00331,Senior Analyst,Permanent,2025-03-01,Project Aurora,Non-Billable,123.0
EMP00260,Analyst,Contractor,2025-03-01,Project Nimbus,Billable,45.7
EMP00064,Senior Analyst,Permanent,2025-03-01,Project Nimbus,Billable,125.4
EMP00226,Senior Analyst,Part-time,2025-03-01,Project Vega,Non-Billable,72.3
EMP00066,Senior Analyst,Permanent,2025-03-01,Project Falcon,Annual Leave,33.5
EMP00287,Senior Analyst,Contractor,2025-03-01,Project Aurora,Non-Billable,104.6
EMP00120,Senior Analyst,Permanent,2025-03-01,Project Titan,Non-Billable,82.6
EMP00130,Junior,Permanent,2025-03-01,Project Nova,Billable,40.9
EMP00145,Junior,Permanent,2025-03-01,Project Atlas,Non-Billable,161.2
EMP00322,Senior Analyst,Part-time,2025-03-01,Project Vega,Annual Leave,33.2
EMP00182,Analyst,Permanent,2025-03-01,Project Nimbus,Non-Billable,83.1
EMP00298,Junior,Freelancer,2025-03-01,Project Atlas,Non-Billable,73.8
EMP00044,Director,Permanent,2025-03-01,Project Orion,Billable,82.3
EMP00135,Senior Analyst,Fixed-term,2025-03-01,Project Horizon,Non-Billable,73.2
EMP00159,Junior,Permanent,2025-03-01,Project Vega,Annual Leave,25.0
EMP00161,Intern,Contractor,2025-03-01,Project Nova,Non-Billable,85.1
EMP00055,Senior Manager,Fixed-term,2025-03-01,Project Atlas,Non-Billable,84.1
EMP00042,Junior,Permanent,2025-03-01,Project Zenith,Billable,122.2
EMP00029,Manager,Permanent,2025-03-01,Project Nimbus,Non-Billable,128.1
EMP00013,Analyst,Part-time,2025-03-01,,Billable,45.9
EMP00287,Senior Analyst,Contractor,2025-03-01,Project Aurora,Billable,47.6
EMP00187,Analyst,Permanent,2025-03-01,Project Orion,Billable,79.8
EMP00031,Manager,Contractor,2025-03-01,Project Nimbus,Non-Billable,83.4
EMP00144,Intern,Freelancer,2025-03-01,Project Nimbus,Non-Billable,93.6
EMP00133,Analyst,Freelancer,2025-03-01,Project Zenith,Billable,38.9
EMP00108,Junior,Permanent,2025-03-01,Project Titan,Billable,60.0
EMP00149,Senior Analyst,Permanent,2025-03-01,Project Falcon,Non-Billable,170.5
EMP00301,Analyst,Freelancer,2025-03-01,Project Vega,Non-Billable,71.9
EMP00331,Senior Analyst,Permanent,2025-03-01,Project Aurora,Billable,48.1
EMP00057,Intern,Part-time,2025-03-01,Project Nova,Non-Billable,102.7
EMP00202,Junior,Permanent,2025-03-01,Project Atlas,Non-Billable,106.9
EMP00058,Manager,Freelancer,2025-03-01,Project Zenith,Non-Billable,59.8
EMP00024,Intern,Freelancer,2025-03-01,Project Zenith,Non-Billable,47.9
EMP00336,Manager,Freelancer,2025-03-01,Project Titan,Billable,37.8
EMP00110,Junior,Part-time,2025-03-01,Project Horizon,Billable,38.4
EMP00221,Intern,Contractor,2025-03-01,Project Titan,Non-Billable,147.0
EMP00246,Manager,Part-time,2025-03-01,Project Zenith,Non-Billable,36.0
EMP00059,Manager,Fixed-term,2025-03-01,Project Titan,Non-Billable,127.3
EMP00021,Senior Analyst,Fixed-term,2025-03-01,Project Horizon,Non-Billable,59.6
EMP00284,Analyst,Permanent,2025-03-01,Project Falcon,Billable,105.7
EMP00039,Analyst,Permanent,2025-03-01,Project Atlas,Non-Billable,150.5
EMP00115,Junior,Permanent,2025-03-01,Project Vega,Non-Billable,114.5
EMP00056,Analyst,Permanent,2025-03-01,Project Aurora,Billable,60.1
EMP00132,Junior,Fixed-term,2025-03-01,Project Nimbus,Non-Billable,182.3
EMP00268,Senior Analyst,Permanent,2025-03-01,Project Horizon,Billable,47.5
EMP00027,Senior Analyst,Permanent,2025-03-01,Project Titan,Billable,67.1
EMP00030,Manager,Permanent,2025-03-01,Project Aurora,Non-Billable,104.7
EMP00185,Junior,Part-time,2025-03-01,Project Horizon,Billable,33.2
EMP00184,Junior,Permanent,2025-03-01,Project Falcon,Billable,71.1
EMP00116,Manager,Fixed-term,2025-03-01,Project Zenith,Non-Billable,72.7
EMP00042,Junior,Permanent,2025-03-01,Project Zenith,Non-Billable,51.2
EMP00078,Analyst,Contractor,2025-03-01,Project Aurora,Billable,53.6
EMP00090,Director,Permanent,2025-03-01,Project Nova,Billable,67.9
EMP00033,Director,Fixed-term,2025-03-01,Project Horizon,Billable,78.1
EMP00028,Analyst,Permanent,2025-03-01,Project Vega,Non-Billable,178.4
EMP00267,Intern,Freelancer,2025-03-01,Project Atlas,Non-Billable,54.6
EMP00036,Senior Manager,Permanent,2025-03-01,Project Nimbus,Non-Billable,78.1
EMP00213,Senior Analyst,Permanent,2025-03-01,Project Horizon,Non-Billable,95.3
EMP00006,Analyst,Contractor,2025-03-01,Project Zenith,Non-Billable,100.7
EMP00106,Intern,Contractor,2025-03-01,Project Nova,Non-Billable,78.4
EMP00272,Senior Analyst,Contractor,2025-03-01,Project Zenith,Billable,59.2
EMP00135,Senior Analyst,Fixed-term,2025-03-01,Project Horizon,Billable,92.2
EMP00159,Junior,Permanent,2025-03-01,Project Vega,Non-Billable,96.2
EMP00339,Manager,Contractor,2025-03-01,Project Nova,Non-Billable,165.3
EMP00126,Senior Manager,Part-time,2025-03-01,Project Vega,Billable,32.6
EMP00040,Senior Analyst,Permanent,2025-03-01,Project Zenith,Billable,49.1
EMP00208,Analyst,Permanent,2025-03-01,Project Nimbus,Billable,68.0
EMP00312,Analyst,Fixed-term,2025-03-01,Project Atlas,Non-Billable,46.7
EMP00294,Senior Manager,Permanent,2025-03-01,Project Nova,Billable,128.2
EMP00267,Intern,Freelancer,2025-03-01,Project Atlas,Billable,47.6
EMP00159,Junior,Permanent,2025-03-01,Project Vega,Billable,38.9
EMP00163,Senior Analyst,Part-time,2025-03-01,Project Aurora,Non-Billable,63.1
EMP00337,Senior Manager,Permanent,2025-03-01,Project Falcon,Non-Billable,181.7
EMP00127,Analyst,Freelancer,2025-03-01,Project Nova,Non-Billable,78.1
EMP00241,Analyst,Permanent,2025-03-01,Project Titan,Billable,61.8
EMP00016,Junior,Permanent,2025-03-01,Project Horizon,Billable,94.0
EMP00153,Analyst,Part-time,2025-03-01,Project Zenith,Annual Leave,34.6
EMP00078,Analyst,Contractor,2025-03-01,Project Aurora,Annual Leave,29.8
EMP00291,Analyst,Fixed-term,2025-03-01,Project Horizon,Billable,56.7
EMP00264,Junior,Part-time,2025-03-01,Project Orion,Non-Billable,53.6
EMP00069,Senior Manager,Fixed-term,2025-03-01,Project Titan,Non-Billable,98.9
EMP00050,Manager,Freelancer,2025-03-01,Project Vega,Non-Billable,118.2
EMP00150,Senior Manager,Fixed-term,2025-03-01,Project Atlas,Billable,68.3
EMP00081,Manager,Fixed-term,2025-03-01,Project Aurora,Non-Billable,74.1
EMP00012,Analyst,Fixed-term,2025-03-01,Project Nimbus,Non-Billable,109.7
EMP00247,Junior,Fixed-term,2025-03-01,Project Titan,Billable,56.8
EMP00138,Senior Analyst,Part-time,2025-03-01,Project Vega,Billable,53.6
EMP00321,Manager,Part-time,2025-03-01,Project Zenith,Billable,43.3
EMP00067,Manager,Part-time,2025-03-01,Project Vega,Non-Billable,89.9
EMP00150,Senior Manager,Fixed-term,2025-03-01,Project Atlas,Non-Billable,82.0
EMP00158,Senior Analyst,Fixed-term,2025-03-01,Project Atlas,Non-Billable,154.5
EMP00027,Senior Analyst,Permanent,2025-03-01,Project Titan,Non-Billable,96.8
EMP00332,Senior Analyst,Permanent,2025-03-01,Project Falcon,Billable,66.3
EMP00114,Junior,Part-time,2025-03-01,Project Vega,Non-Billable,101.5
EMP00189,Senior Analyst,Part-time,2025-03-01,Project Nimbus,Non-Billable,49.5
EMP00070,Junior,Permanent,2025-03-01,Project Nimbus,Billable,78.5
EMP00087,Analyst,Contractor,2025-03-01,Project Atlas,Billable,81.6
EMP00179,Analyst,Part-time,2025-03-01,Project Nimbus,Annual Leave,14.2
EMP00146,Analyst,Permanent,2025-03-01,Project Aurora,Billable,85.9
EMP00131,Junior,Contractor,2025-03-01,Project Orion,Billable,61.2
EMP00223,Senior Manager,Permanent,2025-03-01,Project Titan,Non-Billable,53.3
EMP00223,Senior Manager,Permanent,2025-03-01,Project Titan,Annual Leave,10.8
EMP00215,Junior,Contractor,2025-03-01,Project Zenith,Billable,88.9
EMP00005,Intern,Permanent,2025-03-01,Project Zenith,Non-Billable,103.3
EMP00270,Senior Analyst,Contractor,2025-03-01,Project Nimbus,Billable,76.4
EMP00335,Senior Analyst,Permanent,2025-03-01,Project Falcon,Billable,85.9
EMP00163,Senior Analyst,Part-time,2025-03-01,Project Aurora,Annual Leave,27.1
EMP00297,Junior,Permanent,2025-03-01,Project Vega,Billable,55.8
EMP00312,Analyst,Fixed-term,2025-03-01,Project Atlas,Billable,90.7
EMP00250,Senior Manager,Fixed-term,2025-03-01,Project Zenith,Billable,66.3
EMP00174,Intern,Permanent,2025-03-01,Project Aurora,Billable,68.0
EMP00103,Director,Fixed-term,2025-03-01,Project Nova,Billable,142.4
EMP00056,Analyst,Permanent,2025-03-01,Project Aurora,Non-Billable,98.1
EMP00066,Senior Analyst,Permanent,2025-03-01,Project Falcon,Billable,36.5
EMP00266,Manager,Fixed-term,2025-03-01,Project Orion,Billable,82.9
EMP00160,Junior,Contractor,2025-03-01,Project Atlas,Billable,121.1
EMP00030,Manager,Permanent,2025-03-01,Project Aurora,Billable,51.5
EMP00329,Analyst,Permanent,2025-03-01,Project Falcon,Billable,62.1
EMP00332,Senior Analyst,Permanent,2025-03-01,Project Falcon,Annual Leave,10.0
EMP00093,Analyst,Fixed-term,2025-03-01,Project Orion,Non-Billable,102.4
EMP00288,Junior,Permanent,2025-03-01,Project Zenith,Billable,46.3
EMP00011,Executive,Permanent,2025-03-01,Project Falcon,Non-Billable,94.0
EMP00086,Senior Analyst,Part-time,2025-03-01,Project Falcon,Non-Billable,56.5
EMP00090,Director,Permanent,2025-03-01,Project Nova,Non-Billable,94.3
EMP00087,Analyst,Contractor,2025-03-01,Project Atlas,Non-Billable,69.7
EMP00273,Junior,Fixed-term,2025-03-01,Project Falcon,Non-Billable,27.0
EMP00036,Senior Manager,Permanent,2025-03-01,Project Nimbus,Billable,84.8
EMP00115,Junior,Permanent,2025-03-01,Project Vega,Billable,52.6
EMP00252,Intern,Part-time,2025-03-01,Project Titan,Non-Billable,85.2
EMP00187,Analyst,Permanent,2025-03-01,Project Orion,Non-Billable,83.3
EMP00165,Executive,Permanent,2025-03-01,Project Orion,Billable,87.0
EMP00299,Senior Analyst,Fixed-term,2025-03-01,Project Nova,Billable,45.6
EMP00049,Senior Manager,Fixed-term,2025-03-01,Project Vega ,Non-Billable,48.2
EMP00305,Junior,Permanent,2025-03-01,Project Nova,Non-Billable,164.9
EMP00235,Analyst,Fixed-term,2025-03-01,Project Falcon,Billable,49.1
EMP00244,Senior Analyst,Permanent,2025-03-01,Project Nimbus,Billable,120.7
EMP00332,Senior Analyst,Permanent,2025-03-01,Project Falcon,Non-Billable,90.2
EMP00083,Intern,Permanent,2025-03-01,Project Nimbus,Billable,63.8
EMP00191,Intern,Freelancer,2025-03-01,Project Orion,Billable,51.5
EMP00086,Senior Analyst,Part-time,2025-03-01,Project Falcon,Billable,22.4
EMP00055,Senior Manager,Fixed-term,2025-03-01,Project Atlas,Annual Leave,14.7
EMP00185,Junior,Part-time,2025-03-01,Project Horizon,Annual Leave,18.7
EMP00033,Director,Fixed-term,2025-03-01,Project Horizon,Non-Billable,107.1
EMP00086,Senior Analyst,Part-time,2025-03-01,Project Falcon,Annual Leave,24.7
EMP00074,Junior,Permanent,2025-03-01,Project Horizon,Billable,69.6
EMP00226,Senior Analyst,Part-time,2025-03-01,Project Vega,Billable,21.5
EMP00144,Intern,Freelancer,2025-03-01,Project Nimbus,Billable,34.7
EMP00269,Intern,Fixed-term,2025-03-01,Project Nimbus,Non-Billable,103.3
EMP00151,Analyst,Fixed-term,2025-03-01,Project Vega,Billable,75.8
EMP00167,Junior,Permanent,2025-03-01,Project Nimbus,Non-Billable,166.0
EMP00049,Senior Manager,Fixed-term,2025-03-01,Project Vega,Billable,111.3
EMP00133,Analyst,Freelancer,2025-03-01,Project Zenith,Non-Billable,85.6
EMP00025,Senior Analyst,Contractor,2025-03-01,Project Titan,Billable,57.2
EMP00232,Analyst,Permanent,2025-03-01,Project Falcon,Non-Billable,169.0
EMP00048,Intern,Permanent,2025-03-01,Project Atlas,Non-Billable,67.5
EMP00168,Junior,Permanent,2025-03-01,Project Atlas,Annual Leave,30.6
EMP00091,Senior Analyst,Permanent,2025-03-01,Project Nova,Non-Billable,127.2
EMP00282,Analyst,Fixed-term,2025-03-01,Project Aurora,Billable,71.3
EMP00145,Junior,Permanent,2025-03-01,Project Atlas,Annual Leave,15.1
EMP00103,Director,Fixed-term,2025-03-01,Project Nova,Non-Billable,23.6
EMP00081,Manager,Fixed-term,2025-03-01,Project Aurora,Billable,87.4
EMP00225,Senior Analyst,Permanent,2025-03-01,Project Vega,Billable,75.7
EMP00045,Analyst,Fixed-term,2025-03-01,Project Atlas,Non-Billable,89.5
EMP00177,Analyst,Contractor,2025-03-01,Project Falcon,Non-Billable,74.9
EMP00107,Senior Analyst,Contractor,2025-03-01,Project Zenith,Billable,68.3
EMP00014,Senior Manager,Contractor,2025-03-01,Project Horizon,Billable,53.9
EMP00251,Director,Fixed-term,2025-03-01,Project Falcon,Billable,73.9
EMP00155,Junior,Permanent,2025-03-01,Project Vega,Annual Leave,26.2
EMP00191,Intern,Freelancer,2025-03-01,Project Orion,Non-Billable,77.3
EMP00059,Manager,Fixed-term,2025-03-01,Project Titan,Billable,39.6
EMP00023,Junior,Permanent,2025-03-01,Project Aurora,Non-Billable,74.1
EMP00142,Analyst,Permanent,2025-03-01,Project Falcon,Billable,72.6
EMP00116,Manager,Fixed-term,2025-03-01,Project Zenith,Billable,57.1
EMP00012,Analyst,Fixed-term,2025-03-01,Project Nimbus,Billable,43.1
EMP00153,Analyst,Part-time,2025-03-01,Project Zenith,Billable,16.5
EMP00201,Analyst,Permanent,2025-03-01,Project Falcon,Billable,44.8
EMP00225,Senior Analyst,Permanent,2025-03-01,Project Vega,Non-Billable,98.4
EMP00113,Analyst,Permanent,2025-03-01,Project Atlas,Annual Leave,14.2
EMP00153,Analyst,Part-time,2025-03-01,Project Zenith,Non-Billable,40.3
EMP00263,Analyst,Part-time,2025-03-01,Project Zenith,Billable,40.3
EMP00270,Senior Analyst,Contractor,2025-03-01,Project Nimbus,Non-Billable,76.7
EMP00174,Intern,Permanent,2025-03-01,Project Aurora,Annual Leave,38.7
EMP00101,Manager,Permanent,2025-03-01,Project Zenith,Non-Billable,167.5
EMP00177,Analyst,Contractor,2025-03-01,Project Falcon,Annual Leave,21.7
EMP00327,Intern,Fixed-term,2025-03-01,Project Aurora,Billable,116.2
EMP00338,Intern,Contractor,2025-03-01,Project Nova,Billable,56.4
EMP00294,Senior Manager,Permanent,2025-03-01,Project Nova,Non-Billable,49.4
EMP00246,Manager,Part-time,2025-03-01,Project Zenith,Billable,67.5
EMP00314,Senior Analyst,Permanent,2025-03-01,Project Atlas,Non-Billable,103.0
EMP00263,Analyst,Part-time,2025-03-01,Project Zenith,Non-Billable,60.4
EMP00324,Junior,Permanent,2025-03-01,Project Falcon,Billable,36.5
EMP00227,Junior,Fixed-term,2025-03-01,Project Atlas,Non-Billable,105.8
EMP00268,Senior Analyst,Permanent,2025-03-01,Project Horizon,Non-Billable,117.6
EMP00061,Analyst,Permanent,2025-03-01,Project Horizon,Non-Billable,77.1
EMP00255,Analyst,Freelancer,2025-03-01,Project Nova,Billable,43.5
EMP00198,Senior Manager,Freelancer,2025-03-01,Project Atlas,Annual Leave,38.2
EMP00171,Analyst,Permanent,2025-03-01,Project Zenith,Non-Billable,101.0
EMP00099,Analyst,Permanent,2025-03-01,Project Titan,Billable,55.7
EMP00065,Director,Fixed-term,2025-03-01,Project Aurora,Non-Billable,166.3
EMP00245,Senior Analyst,Fixed-term,2025-03-01,Project Falcon,Billable,131.2
EMP00311,Analyst,Permanent,2025-03-01,Project Nimbus,Non-Billable,161.0
EMP00304,Senior Manager,Permanent,2025-03-01,Project Horizon,Billable,72.3
EMP00206,Senior Analyst,Part-time,2025-03-01,Project Nimbus,Non-Billable,58.6
EMP00249,Junior,Permanent,2025-03-01,Project Horizon,Billable,48.1
EMP00111,Senior Analyst,Fixed-term,2025-03-01,Project Nova,Annual Leave,35.1
EMP00116,Manager,Fixed-term,2025-03-01,Project Zenith,Annual Leave,31.6
EMP00076,Intern,Permanent,2025-03-01,Project Titan,Billable,72.0
EMP00058,Manager,Freelancer,2025-03-01,Project Zenith,Billable,72.2
EMP00180,Analyst,Fixed-term,2025-03-01,Project Orion,Billable,80.0
EMP00150,Senior Manager,Fixed-term,2025-03-01,Project Atlas,Annual Leave,15.8
EMP00117,Intern,Fixed-term,2025-03-01,Project Horizon,Non-Billable,96.7
EMP00269,Intern,Fixed-term,2025-03-01,Project Nimbus,Billable,63.3
EMP00309,Manager,Permanent,2025-03-01,Project Nova,Non-Billable,176.0
EMP00194,Analyst,Freelancer,2025-03-01,Project Vega,Non-Billable,85.7
EMP00233,Junior,Permanent,2025-03-01,Project Orion,Non-Billable,121.1
EMP00199,Junior,Fixed-term,2025-03-01,Project Titan,Non-Billable,100.8
EMP00102,Analyst,Contractor,2025-03-01,Project Vega,Billable,32.5
EMP00244,Senior Analyst,Permanent,2025-03-01,Project Nimbus,Non-Billable,46.8
EMP00329,Analyst,Permanent,2025-03-01,Project Falcon,Non-Billable,99.3
EMP00175,Manager,Permanent,2025-03-01,Project Atlas,Billable,61.3
EMP00290,Analyst,Permanent,2025-03-01,Project Nimbus,Non-Billable,177.4
EMP00265,Intern,Permanent,2025-03-01,Project Zenith,Non-Billable,126.5
EMP00109,Manager,Permanent,2025-03-01,Project Nimbus,Non-Billable,98.2
EMP00140,Intern,Permanent,2025-03-01,Project Aurora,Non-Billable,56.6
EMP00023,Junior,Permanent,2025-03-01,Project Aurora,Billable,86.9
EMP00212,Junior,Fixed-term,2025-03-01,Project Vega,Non-Billable,112.3
EMP00079,Manager,Permanent,2025-03-01,Project Horizon,Non-Billable,67.9
EMP00044,Director,Permanent,2025-03-01,Project Orion,Non-Billable,82.2
EMP00142,Analyst,Permanent,2025-03-01,Project Falcon,Non-Billable,71.9
EMP00009,Manager,Freelancer,2025-03-01,Project Nova,Billable,97.0
EMP00327,Intern,Fixed-term,2025-03-01,Project Aurora,Non-Billable,39.2
EMP00330,Senior Analyst,Part-time,2025-03-01,Project Nimbus,Billable,28.7
EMP00005,Intern,Permanent,2025-03-01,Project Zenith,Annual Leave,22.9
EMP00102,Analyst,Contractor,2025-03-01,Project Vega,Annual Leave,38.4
EMP00043,Intern,Contractor,2025-03-01,Project Falcon,Billable,73.7
EMP00155,Junior,Permanent,2025-03-01,Project Vega,Billable,59.8
EMP00291,Analyst,Fixed-term,2025-03-01,Project Horizon,Non-Billable,113.9
EMP00316,Analyst,Permanent,2025-03-01,Project Titan,Annual Leave,37.6
EMP00200,Senior Manager,Fixed-term,2025-03-01,Project Vega,Billable,72.0
EMP00009,Manager,Freelancer,2025-03-01,Project Nova,Non-Billable,39.0
EMP00102,Analyst,Contractor,2025-03-01,Project Vega,Non-Billable,80.4
EMP00119,Senior Analyst,Part-time,2025-03-01,Project Horizon,Non-Billable,72.1
EMP00286,Analyst,Fixed-term,2025-03-01,Project Nimbus,Billable,65.1
EMP00281,Analyst,Permanent,2025-03-01,Project Falcon,Non-Billable,93.4
EMP00083,Intern,Permanent,2025-03-01,Project Nimbus,Non-Billable,97.9
EMP00139,Intern,Permanent,2025-03-01,Project Titan,Non-Billable,170.2
EMP00129,Analyst,Permanent,2025-03-01,Project Atlas,Billable,41.3
EMP00141,Junior,Fixed-term,2025-03-01,Project Aurora,Billable,79.5
EMP00301,Analyst,Freelancer,2025-03-01,Project Vega,Billable,57.6
EMP00120,Senior Analyst,Permanent,2025-03-01,Project Titan,Billable,81.0
EMP00320,Junior,Part-time,2025-03-01,Project Aurora,Billable,38.0
EMP00121,Senior Analyst,Contractor,2025-03-01,Project Nimbus,Non-Billable,137.3
EMP00300,Analyst,Fixed-term,2025-03-01,Project Nimbus,Non-Billable,95.5
EMP00012,Analyst,Fixed-term,2025-03-01,Project Nimbus,Annual Leave,16.2
EMP00045,Analyst,Fixed-term,2025-03-01,Project Atlas,Billable,62.7
EMP00184,Junior,Permanent,2025-03-01,Project Falcon,Non-Billable,91.9
EMP00199,Junior,Fixed-term,2025-03-01,Project Titan,Billable,52.0
EMP00131,Junior,Contractor,2025-03-01,Project Orion,Non-Billable,83.3
EMP00178,Intern,Permanent,2025-03-01,Project Nova,Non-Billable,175.0
EMP00051,Senior Analyst,Contractor,2025-03-01,Project Zenith,Non-Billable,52.6
EMP00336,Manager,Freelancer,2025-03-01,Project Titan,Non-Billable,101.5
EMP00069,Senior Manager,Fixed-term,2025-03-01,Project Titan,Billable,66.9
EMP00107,Senior Analyst,Contractor,2025-03-01,Project Zenith,Non-Billable,90.3
EMP00029,Manager,Permanent,2025-03-01,Project Nimbus,Billable,46.3
EMP00080,Analyst,Part-time,2025-03-01,Project Nova,Billable,55.7
EMP00302,Junior,Fixed-term,2025-03-01,Project Zenith,Non-Billable,160.8
EMP00215,Junior,Contractor,2025-03-01,Project Zenith,Non-Billable,66.8
EMP00109,Manager,Permanent,2025-03-01,Project Nimbus,Billable,77.2
EMP00304,Senior Manager,Permanent,2025-03-01,Project Horizon,Non-Billable,96.8
EMP00286,Analyst,Fixed-term,2025-03-01,Project Nimbus,Non-Billable,104.4
EMP00140,Intern,Permanent,2025-03-01,Project Aurora,Billable,101.5
EMP00283,Director,Fixed-term,2025-03-01,Project Aurora,Non-Billable,87.0
EMP00048,Intern,Permanent,2025-03-01,Project Atlas,Billable,87.9
EMP00041,Intern,Permanent,2025-03-01,Project Vega,Non-Billable,171.6
EMP00251,Director,Fixed-term,2025-03-01,Project Falcon,Non-Billable,83.9
EMP00283,Director,Fixed-term,2025-03-01,Project Aurora,Billable,82.3
EMP00284,Analyst,Permanent,2025-03-01,Project Falcon,Non-Billable,42.9
EMP00210,Director,Fixed-term,2025-03-01,Project Nova,Non-Billable,59.3
EMP00098,Intern,Fixed-term,2025-03-01,Project Atlas,Non-Billable,63.0
EMP00055,Senior Manager,Fixed-term,2025-03-01,Project Atlas,Billable,72.3
EMP00217,Analyst,Permanent,2025-03-01,Project Falcon,Non-Billable,166.9
EMP00229,Intern,Contractor,2025-03-01,Project Aurora,Non-Billable,137.4
EMP00201,Analyst,Permanent,2025-03-01,Project Falcon,Non-Billable,119.7
EMP00204,Junior,Permanent,2025-03-01,Project Zenith,Non-Billable,71.8
EMP00319,Analyst,Permanent,2025-03-01,Project Titan,Non-Billable,156.0
EMP00148,Junior,Permanent,2025-03-01,Project Nova,Billable,86.5
EMP00095,Junior,Fixed-term,2025-03-01,Project Vega,Non-Billable,111.2
EMP00315,Director,Permanent,2025-03-01,Project Horizon,Non-Billable,92.2
EMP00204,Junior,Permanent,2025-03-01,Project Zenith,Annual Leave,22.8
EMP00035,Manager,Permanent,2025-03-01,Project Aurora,Non-Billable,80.9
EMP00214,Senior Analyst,Freelancer,2025-03-01,Project Orion,Non-Billable,93.6
EMP00099,Analyst,Permanent,2025-03-01,Project Titan,Non-Billable,118.9
EMP00272,Senior Analyst,Contractor,2025-03-01,Project Zenith,Non-Billable,102.9
EMP00289,Junior,Fixed-term,2025-03-01,Project Nova,Non-Billable,172.0
EMP00255,Analyst,Freelancer,2025-03-01,Project Nova,Non-Billable,75.1
EMP00218,Analyst,Fixed-term,2025-03-01,Project Nimbus,Non-Billable,108.3
EMP00275,Junior,Part-time,2025-03-01,Project Atlas,Billable,30.6
EMP00084,Senior Manager,Contractor,2025-03-01,Project Falcon,Non-Billable,150.6
EMP00162,Manager,Freelancer,2025-03-01,Project Orion,Non-Billable,138.3
EMP00013,Analyst,Part-time,2025-03-01,Project Atlas,Non-Billable,49.5
EMP00338,Intern,Contractor,2025-03-01,Project Nova,Non-Billable,89.7
EMP00231,Intern,Fixed-term,2025-03-01,Project Atlas,Non-Billable,123.2
EMP00211,Manager,Fixed-term,2025-03-01, Project Orion,Billable,89.8
EMP00104,Junior,Permanent,2025-03-01,Project Falcon,Non-Billable,100.5
EMP00105,Junior,Permanent,2025-03-01,Project Aurora,Non-Billable,118.2
EMP00176,Senior Manager,Freelancer,2025-03-01,Project Nova,Billable,36.5
EMP00261,Analyst,Part-time,2025-03-01,Project Titan,Non-Billable,69.4
EMP00031,Manager,Contractor,2025-03-01,Project Nimbus,Billable,59.0
EMP00308,Senior Analyst,Part-time,2025-03-01,Project Orion,Non-Billable,58.8
EMP00098,Intern,Fixed-term,2025-03-01,Project Atlas,Billable,108.0
EMP00118,Senior Analyst,Fixed-term,2025-03-01,Project Atlas,Non-Billable,134.8
EMP00117,Intern,Fixed-term,2025-03-01,Project Horizon,Billable,61.0
EMP00248,Analyst,Contractor,2025-03-01,Project Nova,Non-Billable,87.0
EMP00307,Analyst,Part-time,2025-03-01,Project Horizon,Annual Leave,37.2
EMP00171,Analyst,Permanent,2025-03-01,Project Zenith,Billable,67.8
EMP00072,Senior Analyst,Permanent,2025-03-01,Project Titan,Non-Billable,176.3
EMP00052,Analyst,Freelancer,2025-03-01,Project Falcon,Non-Billable,59.7
EMP00321,Manager,Part-time,2025-03-01,Project Zenith,Non-Billable,56.7
EMP00094,Senior Analyst,Contractor,2025-03-01,Project Vega,Billable,69.1
EMP00281,Analyst,Permanent,2025-03-01,Project Falcon,Billable,72.7
EMP00051,Senior Analyst,Contractor,2025-03-01,Project Zenith,Billable,97.3
EMP00008,Director,Permanent,2025-03-01,Project Nimbus,Non-Billable,105.9
EMP00234,Analyst,Permanent,2025-03-01,Project Vega,Billable,36.8
EMP00126,Senior Manager,Part-time,2025-03-01,Project Vega,Annual Leave,37.0
EMP00241,Analyst,Permanent,2025-03-01,Project Titan,Non-Billable,107.1
EMP00014,Senior Manager,Contractor,2025-03-01,,Maternity Leave,39.3
EMP00248,Analyst,Contractor,2025-03-01,Project Nova,Billable,57.8
EMP00111,Senior Analyst,Fixed-term,2025-03-01,Project Nova,Non-Billable,119.5
EMP00043,Intern,Contractor,2025-03-01,Project Falcon,Non-Billable,75.8
EMP00308,Senior Analyst,Part-time,2025-03-01,Project Orion,Annual Leave,12.2
EMP00322,Senior Analyst,Part-time,2025-03-01,Project Vega,Billable,23.9
EMP00313,Intern,Fixed-term,2025-03-01,Project Titan,Billable,156.4
EMP00020,Senior Manager,Permanent,2025-03-01,Project Horizon,Billable,88.4
EMP00200,Senior Manager,Fixed-term,2025-03-01,Project Vega,Non-Billable,109.4
EMP00238,Intern,Permanent,2025-03-01,Project Nova,Billable,78.2
EMP00019,Senior Analyst,Permanent,2025-03-01,Project Zenith,Billable,78.7
EMP00174,Intern,Permanent,2025-03-01,Project Aurora,Non-Billable,63.4
EMP00075,Analyst,Permanent,2025-03-01,Project Atlas,Non-Billable,169.2
EMP00239,Analyst,Freelancer,2025-03-01,Project Vega,Billable,89.7
EMP00204,Junior,Permanent,2025-03-01,Project Zenith,Billable,76.3
EMP00188,Analyst,Fixed-term,2025-03-01,Project Orion,Annual Leave,25.0
EMP00080,Analyst,Part-time,2025-03-01,Project Nova,Non-Billable,39.2
EMP00146,Analyst,Permanent,2025-03-01,Project Aurora,Non-Billable,33.3
EMP00202,Junior,Permanent,2025-03-01,Project Atlas,Billable,65.4
EMP00261,Analyst,Part-time,2025-03-01,Project Titan,Billable,28.1
EMP00016,Junior,Permanent,2025-03-01,Project Horizon,Non-Billable,64.4
EMP00195,Junior,Permanent,2025-03-01,Project Titan,Non-Billable,122.5
EMP00198,Senior Manager,Freelancer,2025-03-01,Project Atlas,Non-Billable,108.7
EMP00179,Analyst,Part-time,2025-03-01,Project Nimbus,Billable,46.4
EMP00208,Analyst,Permanent,2025-03-01,Project Nimbus ,Non-Billable,102.2
EMP00126,Senior Manager,Part-time,2025-03-01,Project Vega,Non-Billable,29.1
EMP00143,Analyst,Permanent,2025-03-01,Project Orion,Non-Billable,134.2
EMP00314,Senior Analyst,Permanent,2025-03-01,Project Atlas,Billable,33.7
EMP00022,Analyst,Permanent,2025-03-01,Project Orion,Non-Billable,124.1
EMP00047,Senior Analyst,Part-time,2025-03-01,Project Zenith,Billable,25.3
EMP00037,Analyst,Fixed-term,2025-03-01,Project Orion,Non-Billable,132.0
EMP00176,Senior Manager,Freelancer,2025-03-01,Project Nova,Non-Billable,92.8
EMP00206,Senior Analyst,Part-time,2025-03-01,Project Nimbus,Billable,43.7
EMP00129,Analyst,Permanent,2025-03-01,Project Atlas,Non-Billable,112.6
EMP00245,Senior Analyst,Fixed-term,2025-03-01,Project Falcon,Non-Billable,30.6
EMP00222,Senior Analyst,Permanent,2025-03-01,Project Vega,Non-Billable,147.8
EMP00100,Junior,Freelancer,2025-03-01,Project Titan,Non-Billable,121.1
EMP00189,Senior Analyst,Part-time,2025-03-01,Project Nimbus,Annual Leave,9.3
EMP00011,Executive,Permanent,2025-03-01,Project Falcon,Billable,84.3
EMP00127,Analyst,Freelancer,2025-03-01,Project Nova,Billable,46.9
EMP00325,Director,Fixed-term,2025-03-01,Project Falcon,Non-Billable,160.3
EMP00267,Intern,Freelancer,2025-03-01,Project Atlas,Annual Leave,39.2
EMP00035,Manager,Permanent,2025-03-01,Project Aurora,Annual Leave,38.8
EMP00119,Senior Analyst,Part-time,2025-03-01,Project Horizon,Billable,28.9
EMP00125,Senior Analyst,Fixed-term,2025-03-01,Project Titan,Non-Billable,131.2
EMP00026,Analyst,Permanent,2025-03-01,Project Nimbus,Non-Billable,118.5
EMP00293,Manager,Fixed-term,2025-03-01,Project Aurora,Non-Billable,91.7
EMP00175,Manager,Permanent,2025-03-01,Project Atlas,Non-Billable,104.3
EMP00307,Analyst,Part-time,2025-03-01,Project Horizon,Non-Billable,53.6
EMP00070,Junior,Permanent,2025-03-01,Project Nimbus,Non-Billable,103.0
EMP00093,Analyst,Fixed-term,2025-03-01,Project Orion,Billable,65.5
EMP00308,Senior Analyst,Part-time,2025-03-01,Project Orion,Billable,23.1
EMP00128,Manager,Fixed-term,2025-03-01,Project Vega,Billable,73.8
EMP00307,Analyst,Part-time,2025-03-01,Project Horizon,Billable,16.5
EMP00096,Senior Analyst,Contractor,2025-03-01,Project Zenith,Billable,59.8
EMP00223,Senior Manager,Permanent,2025-03-01,Project Titan,Billable,108.1
EMP00161,Intern,Contractor,2025-03-01,Project Nova,Billable,63.1
EMP00298,Junior,Freelancer,2025-03-01,Project Atlas,Billable,45.9
EMP00169,Analyst,Fixed-term,2025-03-01,Project Falcon,Billable,94.6
EMP00188,Analyst,Fixed-term,2025-03-01,Project Orion,Non-Billable,82.3
EMP00152,Executive,Part-time,2025-03-01,Project Titan,Billable,64.5
EMP00185,Junior,Part-time,2025-03-01,Project Horizon,Non-Billable,44.8
EMP00104,Junior,Permanent,2025-03-01,Project Falcon,Billable,71.2
EMP00203,Analyst,Contractor,2025-03-01,Project Atlas,Non-Billable,152.8
EMP00063,Junior,Permanent,2025-03-01,Project Falcon,Billable,81.7
EMP00066,Senior Analyst,Permanent,2025-03-01,Project Falcon,Non-Billable,104.9
EMP00142,Analyst,Permanent,2025-03-01,project falcon,Annual Leave,28.2
EMP00095,Junior,Fixed-term,2025-03-01,Project Vega,Billable,56.4
EMP00212,Junior,Fixed-term,2025-03-01,Project Vega,Billable,64.7
EMP00124,Analyst,Permanent,2025-03-01,Project Atlas,Billable,81.8
EMP00310,Senior Analyst,Fixed-term,2025-03-01,Project Atlas,Non-Billable,172.7
EMP00247,Junior,Fixed-term,2025-03-01,Project Titan,Non-Billable,113.8
EMP00064,Senior Analyst,Permanent,2025-03-01,Project Nimbus,Non-Billable,37.1
EMP00017,Analyst,Permanent,2025-03-01,Project Atlas,Non-Billable,154.4
EMP00146,Analyst,Permanent,2025-03-01,Project Aurora,Annual Leave,38.5
EMP00195,Junior,Permanent,2025-03-01,Project Titan,Billable,53.6
EMP00316,Analyst,Permanent,2025-03-01,Project Titan,Non-Billable,119.5
EMP00024,Intern,Freelancer,2025-03-01,Project Zenith,Billable,80.7
EMP00260,Analyst,Contractor,2025-03-01,Project Nimbus,Non-Billable,92.2
EMP00128,Manager,Fixed-term,2025-03-01,Project Vega,Non-Billable,98.8
EMP00014,Senior Manager,Contractor,2025-03-01,Project Horizon,Non-Billable,58.5
EMP00265,Intern,Permanent,2025-03-01,Project Zenith,Billable,44.0
EMP00254,Manager,Freelancer,2025-03-01,Project Orion,Billable,36.3
EMP00262,Analyst,Permanent,2025-03-01,Project Vega,Non-Billable,162.3
EMP00052,Analyst,Freelancer,2025-03-01,Project Falcon,Billable,66.9
EMP00214,Senior Analyst,Freelancer,2025-03-01,Project Orion,Annual Leave,16.8
EMP00148,Junior,Permanent,2025-03-01,Project Nova,Non-Billable,90.2
EMP00227,Junior,Fixed-term,2025-03-01,Project Atlas,Billable,58.6
EMP00130,Junior,Permanent,2025-03-01,Project Nova,Non-Billable,110.9
EMP00295,Junior,Part-time,2025-03-01,Project Zenith,Non-Billable,92.4
EMP00266,Manager,Fixed-term,2025-03-01,Project Orion,Non-Billable,100.8
EMP00063,Junior,Permanent,2025-03-01,Project Falcon,Non-Billable,85.8
EMP00125,Senior Analyst,Fixed-term,2025-03-01,Project Titan,Billable,47.0
EMP00096,Senior Analyst,Contractor,2025-03-01,Project Zenith,Non-Billable,71.3
EMP00074,Junior,Permanent,2025-03-01,Project Horizon ,Non-Billable,96.1
EMP00154,Junior,Part-time,2025-03-01,Project Nimbus,Billable,35.6
EMP00151,Analyst,Fixed-term,2025-03-01,Project Vega,Non-Billable,98.9
EMP00242,Intern,Permanent,2025-03-01,Project Nova,Billable,78.0
EMP00169,Analyst,Fixed-term,2025-03-01,Project Falcon,Non-Billable,83.7
EMP00008,Director,Permanent,2025-03-01,Project Nimbus,Billable,53.9
EMP00007,Junior,Permanent,2025-03-01,Project Vega,Non-Billable,175.1
EMP00186,Junior,Part-time,2025-03-01,Project Orion,Non-Billable,93.0
EMP00037,Analyst,Fixed-term,2025-03-01,Project Orion,Billable,44.8
EMP00165,Executive,Permanent,2025-03-01,Project Orion,Non-Billable,85.3
EMP00006,Analyst,Contractor,2025-03-01,Project Zenith,Billable,58.3
EMP00020,Senior Manager,Permanent,2025-03-01,Project Horizon,Non-Billable,80.9
EMP00005,Intern,Permanent,2025-03-01,Project Zenith,Billable,35.4
EMP00172,Senior Analyst,Part-time,2025-03-01,Project Zenith,Non-Billable,95.3
EMP00240,Senior Analyst,Permanent,2025-03-01,Project  Titan,Non-Billable,41.1
EMP00326,Manager,Permanent,2025-03-01,Project Falcon,Non-Billable,97.7
EMP00152,Executive,Part-time,2025-03-01,Project Titan,Non-Billable,21.1
EMP00076,Intern,Permanent,2025-03-01,Project Titan,Non-Billable,103.1
EMP00297,Junior,Permanent,2025-03-01,Project Vega,Non-Billable,101.0
EMP00258,Senior Manager,Permanent,2025-03-01,Project Vega,Non-Billable,86.4
EMP00018,Manager,Fixed-term,2025-03-01,Project Horizon,Billable,65.0
EMP00218,Analyst,Fixed-term,2025-03-01,Project Nimbus,Billable,60.1
EMP00173,Manager,Freelancer,2025-03-01,Project Aurora,Non-Billable,130.7
EMP00298,Junior,Freelancer,2025-03-01,Project Atlas,Annual Leave,8.8
EMP00168,Junior,Permanent,2025-03-01,Project Atlas,Non-Billable,143.5
EMP00199,Junior,Fixed-term,2025-03-01,Project Titan,Annual Leave,21.9
EMP00106,Intern,Contractor,2025-03-01,Project Nova,Billable,66.4
EMP00061,Analyst,Permanent,2025-03-01,Project Horizon,Billable,82.4
EMP00177,Analyst,Contractor,2025-03-01,Project Falcon,Billable,68.9
EMP00335,Senior Analyst,Permanent,2025-03-01,Project Falcon,Non-Billable,84.5
EMP00306,Junior,Permanent,2025-03-01, Project Vega,Non-Billable,159.9
EMP00280,Manager,Permanent,2025-03-01,Project Orion,Non-Billable,159.8
EMP00234,Analyst,Permanent,2025-03-01,Project Vega,Non-Billable,133.1
EMP00138,Senior Analyst,Part-time,2025-03-01,Project Vega,Non-Billable,44.0
EMP00091,Senior Analyst,Permanent,2025-03-01,Project Nova,Billable,50.2
EMP00094,Senior Analyst,Contractor,2025-03-01,Project Vega,Non-Billable,88.6
EMP00224,Senior Manager,Fixed-term,2025-03-01,Project Falcon,Non-Billable,168.7
EMP00264,Junior,Part-time,2025-03-01,Project Orion,Billable,34.2
EMP00277,Senior Analyst,Part-time,2025-03-01,Project Falcon,Non-Billable,104.2
EMP00078,Analyst,Contractor,2025-03-01,Project Aurora,Non-Billable,71.3
EMP00124,Analyst,Permanent,2025-03-01,Project Atlas,Non-Billable,78.7
EMP00328,Analyst,Permanent,2025-03-01,Project Falcon,Non-Billable,80.7
EMP00047,Senior Analyst,Part-time,2025-03-01,Project Zenith,Non-Billable,72.8
EMP00188,Analyst,Fixed-term,2025-03-01,Project Orion,Billable,43.3
EMP00140,Intern,Permanent,2025-04-01,Project Aurora,Non-Billable,87.3
EMP00200,Senior Manager,Fixed-term,2025-04-01,Project Vega,Non-Billable,96.6
EMP00223,Senior Manager,Permanent,2025-04-01,Project Titan,Non-Billable,34.1
EMP00009,Manager,Freelancer,2025-04-01,Project Nova,Billable,111.8
EMP00155,Junior,Permanent,2025-04-01,Project Vega,Non-Billable,92.1
EMP00105,Junior,Permanent,2025-04-01,Project Aurora,Billable,47.5
EMP00270,Senior Analyst,Contractor,2025-04-01,Project Nimbus,Non-Billable,62.3
EMP00135,Senior Analyst,Fixed-term,2025-04-01,Project Horizon,Non-Billable,103.3
EMP00312,Analyst,Fixed-term,2025-04-01,Project Atlas,Non-Billable,47.3
EMP00218,Analyst,Fixed-term,2025-04-01,Project Nimbus,Billable,77.9
EMP00240,Senior Analyst,Permanent,2025-04-01,Project Titan,Billable,140.5
EMP00300,Analyst,Fixed-term,2025-04-01,Project Nimbus,Non-Billable,91.8
EMP00168,Junior,Permanent,2025-04-01,Project Atlas,Non-Billable,153.2
EMP00293,Manager,Fixed-term,2025-04-01,Project Aurora,Billable,60.9
EMP00109,Manager,Permanent,2025-04-01,Project Nimbus,Non-Billable,88.0
EMP00201,Analyst,Permanent,2025-04-01,Project Falcon,Billable,49.0
EMP00263,Analyst,Part-time,2025-04-01,Project Zenith,Non-Billable,66.2
EMP00308,Senior Analyst,Part-time,2025-04-01,Project Orion,Non-Billable,61.1
EMP00268,Senior Analyst,Permanent,2025-04-01,Project Horizon,Annual Leave,23.9
EMP00177,Analyst,Contractor,2025-04-01,Project Falcon,Billable,77.2
EMP00268,Senior Analyst,Permanent,2025-04-01,Project Horizon,Non-Billable,101.0
EMP00225,Senior Analyst,Permanent,2025-04-01,Project Vega,Non-Billable,84.1
EMP00237,Senior Manager,Fixed-term,2025-04-01,Project Falcon,Billable,45.2
EMP00261,Analyst,Part-time,2025-04-01,Project Titan,Billable,19.6
EMP00275,Junior,Part-time,2025-04-01,Project Atlas,Non-Billable,62.1
EMP00315,Director,Permanent,2025-04-01,Project Horizon,Billable,76.5
EMP00241,Analyst,Permanent,2025-04-01,Project Titan,Billable,52.2
EMP00056,Analyst,Permanent,2025-04-01,Project Aurora,Billable,60.7
EMP00026,Analyst,Permanent,2025-04-01,Project Nimbus,Billable,32.2
EMP00146,Analyst,Permanent,2025-04-01,Project Aurora,Non-Billable,48.3
EMP00282,Analyst,Fixed-term,2025-04-01,Project Aurora,Non-Billable,73.9
EMP00225,Senior Analyst,Permanent,2025-04-01,Project Vega,Billable,80.2
EMP00087,Analyst,Contractor,2025-04-01,Project Atlas,Billable,74.8
EMP00175,Manager,Permanent,2025-04-01,Project Atlas,Billable,79.7
EMP00169,Analyst,Fixed-term,2025-04-01,Project Falcon,Annual Leave,29.6
EMP00187,Analyst,Permanent,2025-04-01,Project Orion,Annual Leave,34.2
EMP00044,Director,Permanent,2025-04-01,Project Orion,Billable,71.2
EMP00086,Senior Analyst,Part-time,2025-04-01,Project Falcon,Billable,25.1
EMP00059,Manager,Fixed-term,2025-04-01,Project Titan,Billable,49.2
EMP00096,Senior Analyst,Contractor,2025-04-01,Project Zenith,Billable,76.1
EMP00333,Analyst,Permanent,2025-04-01,Project Zenith,Non-Billable,162.5
EMP00283,Director,Fixed-term,2025-04-01,Project Aurora,Billable,69.7
EMP00245,Senior Analyst,Fixed-term,2025-04-01,Project Falcon,Non-Billable,56.8
EMP00113,Analyst,Permanent,2025-04-01,Project Atlas,Annual Leave,20.2
EMP00018,Manager,Fixed-term,2025-04-01,Project Horizon,Billable,43.6
EMP00164,Junior,Contractor,2025-04-01,Project Nova,Non-Billable,146.0
EMP00246,Manager,Part-time,2025-04-01,Project Zenith,Billable,74.3
EMP00304,Senior Manager,Permanent,2025-04-01,Project Horizon,Non-Billable,118.4
EMP00256,Manager,Part-time,2025-04-01,Project Atlas,Non-Billable,96.4
EMP00180,Analyst,Fixed-term,2025-04-01,Project Orion,Non-Billable,89.0
EMP00103,Director,Fixed-term,2025-04-01,Project Nova,Billable,140.0
EMP00042,Junior,Permanent,2025-04-01,Project Zenith,Billable,110.4
EMP00093,Analyst,Fixed-term,2025-04-01,Project Orion,Billable,58.6
EMP00306,Junior,Permanent,2025-04-01,Project Vega,Non-Billable,158.1
EMP00090,Director,Permanent,2025-04-01,Project Nova,Billable,65.2
EMP00255,Analyst,Freelancer,2025-04-01,Project Nova,Non-Billable,97.8
EMP00219,Junior,Part-time,2025-04-01,Project Falcon,Non-Billable,93.7
EMP00320,Junior,Part-time,2025-04-01,Project Aurora,Annual Leave,17.1
EMP00031,Manager,Contractor,2025-04-01,Project Nimbus,Billable,67.9
EMP00142,Analyst,Permanent,2025-04-01,Project Falcon,Non-Billable,90.9
EMP00307,Analyst,Part-time,2025-04-01,Project Horizon,Billable,24.2
EMP00231,Intern,Fixed-term,2025-04-01,Project Atlas,Non-Billable,109.6
EMP00012,Analyst,Fixed-term,2025-04-01,Project Nimbus,Annual Leave,17.8
EMP00239,Analyst,Freelancer,2025-04-01,Project Vega,Non-Billable,27.9
EMP00128,Manager,Fixed-term,2025-04-01,Project Vega,Non-Billable,89.3
EMP00244,Senior Analyst,Permanent,2025-04-01,Project Nimbus,Billable,121.4
EMP00150,Senior Manager,Fixed-term,2025-04-01,Project Atlas,Billable,70.0
EMP00084,Senior Manager,Contractor,2025-04-01,Project Falcon,Non-Billable,154.2
EMP00091,Senior Analyst,Permanent,2025-04-01,Project Nova,Billable,44.9
EMP00107,Senior Analyst,Contractor,2025-04-01,Project Zenith,Billable,58.9
EMP00330,Senior Analyst,Part-time,2025-04-01,Project Nimbus,Non-Billable,78.3
EMP00121,Senior Analyst,Contractor,2025-04-01,Project Nimbus,Non-Billable,163.2
EMP00281,Analyst,Permanent,2025-04-01,Project Falcon,Billable,79.6
EMP00210,Director,Fixed-term,2025-04-01,Project Nova,Billable,117.8
EMP00013,Analyst,Part-time,2025-04-01,Project Atlas,Billable,49.5
EMP00243,Senior Analyst,Contractor,2025-04-01,Project Aurora,Billable,48.1
EMP00254,Manager,Freelancer,2025-04-01,Project Orion,Non-Billable,90.2
EMP00105,Junior,Permanent,2025-04-01,Project Aurora,Non-Billable,117.4
EMP00058,Manager,Freelancer,2025-04-01,Project Zenith,Non-Billable,71.4
EMP00234,Analyst,Permanent,2025-04-01,Project Vega,Billable,43.1
EMP00191,Intern,Freelancer,2025-04-01,Project Orion,Non-Billable,83.2
EMP00091,Senior Analyst,Permanent,2025-04-01,Project Nova,Non-Billable,119.5
EMP00039,Analyst,Permanent,2025-04-01,Project Atlas,Non-Billable,160.9
EMP00040,Senior Analyst,Permanent,2025-04-01,Project Zenith,Billable,45.1
EMP00202,Junior,Permanent,2025-04-01,Project Atlas,Billable,60.2
EMP00179,Analyst,Part-time,2025-04-01,Project Nimbus,Annual Leave,27.5
EMP00041,Intern,Permanent,2025-04-01,Project Vega,Annual Leave,23.7
EMP00265,Intern,Permanent,2025-04-01,Project Zenith,Non-Billable,122.0
EMP00160,Junior,Contractor,2025-04-01,Project Atlas,Annual Leave,20.0
EMP00223,Senior Manager,Permanent,2025-04-01,Project Titan,Billable,142.6
EMP00210,Director,Fixed-term,2025-04-01,Project Nova,Non-Billable,51.2
EMP00021,Senior Analyst,Fixed-term,2025-04-01,Project Horizon,Billable,124.8
EMP00238,Intern,Permanent,2025-04-01,Project Nova,Annual Leave,36.5
EMP00304,Senior Manager,Permanent,2025-04-01,Project Horizon,Billable,-65.2
EMP00055,Senior Manager,Fixed-term,2025-04-01,Project Atlas,Non-Billable,91.8
EMP00251,Director,Fixed-term,2025-04-01,Project Falcon,Billable,86.6
EMP00048,Intern,Permanent,2025-04-01,Project Atlas,Billable,84.0
EMP00143,Analyst,Permanent,2025-04-01,Project Orion,Non-Billable,123.4
EMP00022,Analyst,Permanent,2025-04-01,Project Orion,Billable,39.6
EMP00061,Analyst,Permanent,2025-04-01,Project Horizon,Billable,90.1
EMP00319,Analyst,Permanent,2025-04-01,Project Titan,Non-Billable,158.0
EMP00202,Junior,Permanent,2025-04-01,Project Atlas,Non-Billable,97.9
EMP00079,Manager,Permanent,2025-04-01,Project Horizon,Non-Billable,82.5
EMP00120,Senior Analyst,Permanent,2025-04-01,Project Titan,Billable,89.3
EMP00201,Analyst,Permanent,2025-04-01,Project Falcon,Non-Billable,120.5
EMP00196,Analyst,Part-time,2025-04-01,Project Orion,Non-Billable,51.2
EMP00324,Junior,Permanent,2025-04-01,Project Falcon,Non-Billable,118.2
EMP00320,Junior,Part-time,2025-04-01,Project Aurora,Non-Billable,48.3
EMP00020,Senior Manager,Permanent,2025-04-01,Project Horizon,Annual Leave,20.3
EMP00241,Analyst,Permanent,2025-04-01,Project Titan,Non-Billable,84.7
EMP00130,Junior,Permanent,2025-04-01,Project Nova,Billable,42.0
EMP00110,Junior,Part-time,2025-04-01,Project Horizon,Billable,31.6
EMP00335,Senior Analyst,Permanent,2025-04-01,Project Falcon,Non-Billable,87.0
EMP00022,Analyst,Permanent,2025-04-01,project orion,Non-Billable,109.3
EMP00242,Intern,Permanent,2025-04-01,Project Nova,Billable,68.5
EMP00174,Intern,Permanent,2025-04-01,Project Aurora,Non-Billable,59.9
EMP00267,Intern,Freelancer,2025-04-01,Project Atlas,Billable,60.0
EMP00117,Intern,Fixed-term,2025-04-01,Project Horizon,Billable,68.4
EMP00028,Analyst,Permanent,2025-04-01,,Non-Billable,167.7
EMP00016,Junior,Permanent,2025-04-01,Project Horizon,Non-Billable,78.1
EMP00314,Senior Analyst,Permanent,2025-04-01,Project Atlas,Non-Billable,126.5
EMP00262,Analyst,Permanent,2025-04-01,Project Vega,Non-Billable,131.2
EMP00027,Senior Analyst,Permanent,2025-04-01,Project Titan,Non-Billable,99.4
EMP00059,Manager,Fixed-term,2025-04-01,Project Titan,Non-Billable,126.1
EMP00138,Senior Analyst,Part-time,2025-04-01,Project Vega,Billable,39.3
EMP00171,Analyst,Permanent,2025-04-01,Project Zenith,Billable,54.9
EMP00064,Senior Analyst,Permanent,2025-04-01,Project Nimbus,Billable,113.2
EMP00061,Analyst,Permanent,2025-04-01,Project Horizon,Non-Billable,78.5
EMP00067,Manager,Part-time,2025-04-01,Project Vega,Non-Billable,94.6
EMP00049,Senior Manager,Fixed-term,2025-04-01,Project Vega,Billable,78.0
EMP00222,Senior Analyst,Permanent,2025-04-01,Project Vega,Non-Billable,180.3
EMP00133,Analyst,Freelancer,2025-04-01,Project Zenith,Non-Billable,90.1
EMP00056,Analyst,Permanent,2025-04-01,Project Aurora,Non-Billable,110.1
EMP00321,Manager,Part-time,2025-04-01,Project Zenith,Billable,35.1
EMP00179,Analyst,Part-time,2025-04-01,Project Nimbus,Billable,29.4
EMP00331,Senior Analyst,Permanent,2025-04-01,Project Aurora,Non-Billable,118.0
EMP00229,Intern,Contractor,2025-04-01,Project Aurora,Non-Billable,156.1
EMP00191,Intern,Freelancer,2025-04-01,Project Orion,Billable,45.4
EMP00239,Analyst,Freelancer,2025-04-01,Project Vega,Billable,105.5
EMP00247,Junior,Fixed-term,2025-04-01,Project Titan,Billable,67.4
EMP00262,Analyst,Permanent,2025-04-01,Project Vega,Annual Leave,22.8
EMP00004,Manager,Permanent,2025-04-01,Project Nimbus,Non-Billable,127.1
EMP00026,Analyst,Permanent,2025-04-01,Project Nimbus,Non-Billable,120.4
EMP00124,Analyst,Permanent,2025-04-01,Project Atlas,Billable,85.2
EMP00286,Analyst,Fixed-term,2025-04-01,Project Nimbus,Non-Billable,81.3
EMP00335,Senior Analyst,Permanent,2025-04-01,Project Falcon,Billable,76.1
EMP00177,Analyst,Contractor,2025-04-01,Project Falcon,Non-Billable,80.7
EMP00045,Analyst,Fixed-term,2025-04-01,Project Atlas,Non-Billable,77.9
EMP00134,Analyst,Permanent,2025-04-01,Project Orion,Non-Billable,179.0
EMP00083,Intern,Permanent,2025-04-01,Project Nimbus,Billable,56.0
EMP00176,Senior Manager,Freelancer,2025-04-01,Project Nova,Non-Billable,105.3
EMP00226,Senior Analyst,Part-time,2025-04-01,Project Vega,Non-Billable,68.5
EMP00314,Senior Analyst,Permanent,2025-04-01,Project Atlas,Billable,43.4
EMP00230,Analyst,Part-time,2025-04-01,Project Titan,Non-Billable,91.4
EMP00140,Intern,Permanent,2025-04-01,Project Aurora,Billable,77.6
EMP00180,Analyst,Fixed-term,2025-04-01,Project Orion,Billable,88.2
EMP00133,Analyst,Freelancer,2025-04-01,Project Zenith,Annual Leave,16.4
EMP00149,Senior Analyst,Permanent,2025-04-01,Project Falcon,Non-Billable,165.4
EMP00194,Analyst,Freelancer,2025-04-01,Project Vega,Non-Billable,85.8
EMP00094,Senior Analyst,Contractor,2025-04-01,Project Vega,Billable,62.1
EMP00280,Manager,Permanent,2025-04-01,Project Orion,Non-Billable,157.2
EMP00233,Junior,Permanent,2025-04-01,Project Orion,Billable,47.1
EMP00154,Junior,Part-time,2025-04-01,Project Nimbus,Annual Leave,17.6
EMP00336,Manager,Freelancer,2025-04-01,Project Titan,Non-Billable,108.6
EMP00043,Intern,Contractor,2025-04-01,Project Falcon,Non-Billable,70.7
EMP00083,Intern,Permanent,2025-04-01,,Non-Billable,96.9
EMP00109,Manager,Permanent,2025-04-01,Project Nimbus,Billable,42.8
EMP00232,Analyst,Permanent,2025-04-01,Project Falcon,Non-Billable,175.4
EMP00076,Intern,Permanent,2025-04-01,Project Titan,Billable,90.4
EMP00094,Senior Analyst,Contractor,2025-04-01,,Non-Billable,89.1
EMP00266,Manager,Fixed-term,2025-04-01,Project Orion,Billable,61.1
EMP00213,Senior Analyst,Permanent,2025-04-01,Project Horizon,Non-Billable,89.3
EMP00264,Junior,Part-time,2025-04-01,Project Orion,Non-Billable,62.3
EMP00245,Senior Analyst,Fixed-term,2025-04-01,Project Falcon,Billable,114.6
EMP00012,Analyst,Fixed-term,2025-04-01,Project Nimbus,Non-Billable,115.5
EMP00204,Junior,Permanent,2025-04-01,Project Zenith,Non-Billable,88.9
EMP00233,Junior,Permanent,2025-04-01,Project Orion,Non-Billable,116.2
EMP00294,Senior Manager,Permanent,2025-04-01,Project Nova,Billable,124.0
EMP00243,Senior Analyst,Contractor,2025-04-01,Project Aurora,Non-Billable,102.8
EMP00099,Analyst,Permanent,2025-04-01,Project Titan,Billable,41.5
EMP00300,Analyst,Fixed-term,2025-04-01,Project Nimbus,Billable,78.2
EMP00185,Junior,Part-time,2025-04-01,Project Horizon,Billable,41.1
EMP00227,Junior,Fixed-term,2025-04-01,Project Atlas,Non-Billable,101.6
EMP00131,Junior,Contractor,2025-04-01,Project Orion,Non-Billable,82.1
EMP00037,Analyst,Fixed-term,2025-04-01,Project Orion,Annual Leave,17.8
EMP00079,Manager,Permanent,2025-04-01,Project Horizon,Annual Leave,16.9
EMP00029,Manager,Permanent,2025-04-01,Project Nimbus,Billable,43.3
EMP00237,Senior Manager,Fixed-term,2025-04-01,Project Falcon,Non-Billable,134.0
EMP00095,Junior,Fixed-term,2025-04-01,Project Vega,Billable,57.6
EMP00115,Junior,Permanent,2025-04-01,Project Vega,Billable,45.8
EMP00040,Senior Analyst,Permanent,2025-04-01,Project Zenith,Non-Billable,120.1
EMP00194,Analyst,Freelancer,2025-04-01,Project Vega,Billable,57.3
EMP00285,Analyst,Fixed-term,2025-04-01,Project Aurora,Non-Billable,167.5
EMP00214,Senior Analyst,Freelancer,2025-04-01,Project Orion,Non-Billable,100.2
EMP00143,Analyst,Permanent,2025-04-01,Project Orion,Billable,42.6
EMP00129,Analyst,Permanent,2025-04-01,Project Atlas,Billable,51.2
EMP00169,Analyst,Fixed-term,2025-04-01,Project Falcon,Non-Billable,72.4
EMP00167,Junior,Permanent,2025-04-01,Project Nimbus,Non-Billable,177.6
EMP00286,Analyst,Fixed-term,2025-04-01,Project Nimbus,Billable,91.1
EMP00081,Manager,Fixed-term,2025-04-01,Project Aurora,Billable,98.8
EMP00339,Manager,Contractor,2025-04-01,Project Nova,Non-Billable,138.8
EMP00231,Intern,Fixed-term,2025-04-01,Project Atlas,Billable,39.3
EMP00299,Senior Analyst,Fixed-term,2025-04-01,Project Nova,Non-Billable,115.9
EMP00187,Analyst,Permanent,2025-04-01,Project Orion,Billable,61.5
EMP00144,Intern,Freelancer,2025-04-01,Project Nimbus,Non-Billable,100.6
EMP00135,Senior Analyst,Fixed-term,2025-04-01,Project Horizon,Billable,70.6
EMP00099,Analyst,Permanent,2025-04-01,Project Titan,Non-Billable,118.3
EMP00211,Manager,Fixed-term,2025-04-01,Project Orion,Billable,77.2
EMP00008,Director,Permanent,2025-04-01,Project Nimbus,Annual Leave,26.6
EMP00019,Senior Analyst,Permanent,2025-04-01,Project Zenith,Billable,78.7
EMP00235,Analyst,Fixed-term,2025-04-01,Project Falcon,Annual Leave,19.0
EMP00215,Junior,Contractor,2025-04-01,Project Zenith,Billable,72.0
EMP00152,Executive,Part-time,2025-04-01,Project Titan,Non-Billable,21.0
EMP00328,Analyst,Permanent,2025-04-01,Project Falcon,Billable,93.0
EMP00267,Intern,Freelancer,2025-04-01,Project Atlas,Non-Billable,79.9
EMP00101,Manager,Permanent,2025-04-01,Project Zenith,Non-Billable,169.1
EMP00277,Senior Analyst,Part-time,2025-04-01,Project Falcon,Non-Billable,97.2
EMP00096,Senior Analyst,Contractor,2025-04-01,Project Zenith,Non-Billable,59.7
EMP00148,Junior,Permanent,2025-04-01,Project Nova,Non-Billable,81.1
EMP00155,Junior,Permanent,2025-04-01,Project Vega,Billable,77.5
EMP00217,Analyst,Permanent,2025-04-01,Project Falcon,Non-Billable,153.2
EMP00298,Junior,Freelancer,2025-04-01,Project Atlas,Billable,52.6
EMP00322,Senior Analyst,Part-time,2025-04-01,Project Vega,Billable,34.8
EMP00045,Analyst,Fixed-term,2025-04-01,Project Atlas,Billable,82.9
EMP00124,Analyst,Permanent,2025-04-01,Project Atlas,Non-Billable,64.1
EMP00138,Senior Analyst,Part-time,2025-04-01,Project Vega,Non-Billable,57.8
EMP00337,Senior Manager,Permanent,2025-04-01,Project Falcon,Non-Billable,167.4
EMP00309,Manager,Permanent,2025-04-01,Project Nova,Non-Billable,162.9
EMP00159,Junior,Permanent,2025-04-01,Project Vega,Billable,40.8
EMP00287,Senior Analyst,Contractor,2025-04-01,Project Aurora,Non-Billable,89.3
EMP00116,Manager,Fixed-term,2025-04-01,Project Zenith,Billable,85.9
EMP00254,Manager,Freelancer,2025-04-01,Project Orion,Billable,43.4
EMP00108,Junior,Permanent,2025-04-01,Project Titan,Billable,57.3
EMP00294,Senior Manager,Permanent,2025-04-01,Project Nova,Non-Billable,41.0
EMP00041,Intern,Permanent,2025-04-01,Project Vega,Non-Billable,138.2
EMP00044,Director,Permanent,2025-04-01,Project Orion,Non-Billable,93.3
EMP00027,Senior Analyst,Permanent,2025-04-01,Project Titan,Billable,61.4
EMP00131,Junior,Contractor,2025-04-01,Project Orion,Billable,70.4
EMP00275,Junior,Part-time,2025-04-01,Project Atlas,Billable,40.4
EMP00212,Junior,Fixed-term,2025-04-01,Project Vega,Billable,60.2
EMP00244,Senior Analyst,Permanent,2025-04-01,Project Nimbus,Non-Billable,46.4
EMP00103,Director,Fixed-term,2025-04-01,Project Nova,Non-Billable,40.0
EMP00327,Intern,Fixed-term,2025-04-01,Project Aurora,Non-Billable,57.0
EMP00174,Intern,Permanent,2025-04-01,Project Aurora,Billable,64.0
EMP00310,Senior Analyst,Fixed-term,2025-04-01,Project Atlas,Non-Billable,153.2
EMP00074,Junior,Permanent,2025-04-01,Project Horizon,Non-Billable,95.5
EMP00011,Executive,Permanent,2025-04-01,Project  Falcon,Non-Billable,81.8
EMP00031,Manager,Contractor,2025-04-01,Project Nimbus,Non-Billable,84.0
EMP00005,Intern,Permanent,2025-04-01,Project Zenith,Annual Leave,24.8
EMP00250,Senior Manager,Fixed-term,2025-04-01,Project Zenith,Billable,79.1
EMP00111,Senior Analyst,Fixed-term,2025-04-01,Project Nova,Non-Billable,166.2
EMP00074,Junior,Permanent,2025-04-01,Project Horizon,Billable,76.7
EMP00004,Manager,Permanent,2025-04-01,Project Nimbus,Billable,48.5
EMP00085,Junior,Permanent,2025-04-01,Project Horizon,Billable,64.1
EMP00035,Manager,Permanent,2025-04-01,Project Aurora,Non-Billable,106.4
EMP00082,Analyst,Permanent,2025-04-01,Project Nimbus,Non-Billable,170.0
EMP00198,Senior Manager,Freelancer,2025-04-01,Project Atlas,Non-Billable,121.8
EMP00080,Analyst,Part-time,2025-04-01,Project Nova,Non-Billable,12.5
EMP00021,Senior Analyst,Fixed-term,2025-04-01,Project Horizon,Non-Billable,36.5
EMP00203,Analyst,Contractor,2025-04-01,Project Atlas,Non-Billable,159.4
EMP00205,Manager,Permanent,2025-04-01,Project Atlas,Non-Billable,125.5
EMP00153,Analyst,Part-time,2025-04-01,Project Zenith,Billable,28.8
EMP00018,Manager,Fixed-term,2025-04-01,Project Horizon,Non-Billable,92.9
EMP00102,Analyst,Contractor,2025-04-01,Project Vega,Annual Leave,26.5
EMP00264,Junior,Part-time,2025-04-01,Project Orion,Billable,41.6
EMP00297,Junior,Permanent,2025-04-01,Project Vega,Billable,62.2
EMP00063,Junior,Permanent,2025-04-01,Project Falcon,Billable,73.9
EMP00077,Senior Analyst,Fixed-term,2025-04-01,Project Horizon,Non-Billable,160.0
EMP00080,Analyst,Part-time,2025-04-01,,Billable,77.0
EMP00161,Intern,Contractor,2025-04-01,Project Nova,Billable,68.0
EMP00238,Intern,Permanent,2025-04-01,Project Nova,Billable,64.1
EMP00085,Junior,Permanent,2025-04-01,Project Horizon,Non-Billable,105.0
EMP00252,Intern,Part-time,2025-04-01,Project Titan,Non-Billable,94.2
EMP00307,Analyst,Part-time,2025-04-01,Project Horizon,Annual Leave,8.5
EMP00293,Manager,Fixed-term,2025-04-01,Project Aurora,Annual Leave,32.2
EMP00100,Junior,Freelancer,2025-04-01,Project Titan,Non-Billable,132.4
EMP00212,Junior,Fixed-term,2025-04-01,Project Vega,Non-Billable,102.6
EMP00251,Director,Fixed-term,2025-04-01,Project Falcon,Non-Billable,84.9
EMP00108,Junior,Permanent,2025-04-01,Project Titan,Non-Billable,101.9
EMP00006,Analyst,Contractor,2025-04-01,Project Zenith,Billable,51.4
EMP00150,Senior Manager,Fixed-term,2025-04-01,Project Atlas,Non-Billable,103.3
EMP00012,Analyst,Fixed-term,2025-04-01,Project Nimbus,Billable,35.8
EMP00072,Senior Analyst,Permanent,2025-04-01,Project Titan,Non-Billable,164.1
EMP00250,Senior Manager,Fixed-term,2025-04-01,Project Zenith,Non-Billable,92.2
EMP00336,Manager,Freelancer,2025-04-01,Project Titan,Billable,39.6
EMP00023,Junior,Permanent,2025-04-01,Project Aurora,Billable,92.3
EMP00185,Junior,Part-time,2025-04-01,Project  Horizon,Non-Billable,51.3
EMP00017,Analyst,Permanent,2025-04-01,Project Atlas,Non-Billable,182.3
EMP00305,Junior,Permanent,2025-04-01,Project Nova,Non-Billable,148.8
EMP00095,Junior,Fixed-term,2025-04-01,Project Vega,Non-Billable,96.4
EMP00070,Junior,Permanent,2025-04-01,Project Nimbus,Billable,61.3
EMP00271,Senior Analyst,Permanent,2025-04-01,Project Aurora,Non-Billable,164.6
EMP00153,Analyst,Part-time,2025-04-01,Project Zenith,Non-Billable,66.5
EMP00224,Senior Manager,Fixed-term,2025-04-01,Project Falcon,Non-Billable,157.3
EMP00116,Manager,Fixed-term,2025-04-01,Project Zenith,Non-Billable,87.1
EMP00234,Analyst,Permanent,2025-04-01,Project Vega,Non-Billable,122.9
EMP00206,Senior Analyst,Part-time,2025-04-01,Project Nimbus,Non-Billable,60.2
EMP00032,Manager,Contractor,2025-04-01,Project Atlas,Non-Billable,114.8
EMP00008,Director,Permanent,2025-04-01,Project Nimbus,Billable,60.4
EMP00058,Manager,Freelancer,2025-04-01,Project Zenith,Billable,58.9
EMP00098,Intern,Fixed-term,2025-04-01,Project Atlas,Non-Billable,37.7
EMP00312,Analyst,Fixed-term,2025-04-01,Project Atlas,Billable,127.0
EMP00037,Analyst,Fixed-term,2025-04-01,PROJECT ORION,Billable,40.5
EMP00120,Senior Analyst,Permanent,2025-04-01,Project Titan,Non-Billable,91.2
EMP00338,Intern,Contractor,2025-04-01,Project Nova,Non-Billable,90.7
EMP00320,Junior,Part-time,2025-04-01,Project Aurora,Billable,30.2
EMP00269,Intern,Fixed-term,2025-04-01,Project Nimbus,Billable,51.7
EMP00025,Senior Analyst,Contractor,2025-04-01,Project Titan,Billable,88.0
EMP00078,Analyst,Contractor,2025-04-01,Project Aurora,Billable,64.3
EMP00006,Analyst,Contractor,2025-04-01,Project Zenith,Non-Billable,92.3
EMP00261,Analyst,Part-time,2025-04-01,Project Titan,Non-Billable,82.7
EMP00126,Senior Manager,Part-time,2025-04-01,Project Vega,Billable,49.9
EMP00104,Junior,Permanent,2025-04-01,Project Falcon,Billable,58.3
EMP00126,Senior Manager,Part-time,2025-04-01,Project Vega,Non-Billable,53.8
EMP00068,Junior,Freelancer,2025-04-01,Project Vega,Billable,42.4
EMP00087,Analyst,Contractor,2025-04-01,Project Atlas,Non-Billable,63.3
EMP00093,Analyst,Fixed-term,2025-04-01,Project Orion,Non-Billable,104.8
EMP00011,Executive,Permanent,2025-04-01,Project Falcon,Billable,80.9
EMP00273,Junior,Fixed-term,2025-04-01,Project Falcon,Billable,146.1
EMP00124,Analyst,Permanent,2025-04-01,Project Atlas,Annual Leave,29.7
EMP00127,Analyst,Freelancer,2025-04-01,Project Nova,Billable,51.5
EMP00329,Analyst,Permanent,2025-04-01,Project Falcon,Billable,59.3
EMP00290,Analyst,Permanent,2025-04-01,Project Nimbus,Non-Billable,170.9
EMP00221,Intern,Contractor,2025-04-01,Project Titan,Non-Billable,160.8
EMP00186,Junior,Part-time,2025-04-01,Project Orion,Non-Billable,86.6
EMP00187,Analyst,Permanent,2025-04-01,Project Orion,Non-Billable,54.4
EMP00070,Junior,Permanent,2025-04-01,Project Nimbus,Non-Billable,85.2
EMP00052,Analyst,Freelancer,2025-04-01,Project Falcon,Non-Billable,67.8
EMP00291,Analyst,Fixed-term,2025-04-01,Project Horizon,Billable,67.0
EMP00119,Senior Analyst,Part-time,2025-04-01,Project Horizon,Billable,31.0
EMP00178,Intern,Permanent,2025-04-01,Project Nova,Non-Billable,173.8
EMP00024,Intern,Freelancer,2025-04-01,Project Zenith,Non-Billable,33.5
EMP00129,Analyst,Permanent,2025-04-01,Project Atlas,Non-Billable,114.6
EMP00007,Junior,Permanent,2025-04-01,Project Vega,Non-Billable,167.8
EMP00326,Manager,Permanent,2025-04-01,Project Falcon,Non-Billable,104.5
EMP00281,Analyst,Permanent,2025-04-01,Project Falcon,Non-Billable,86.6
EMP00163,Senior Analyst,Part-time,2025-04-01,Project Aurora,Non-Billable,100.9
EMP00241,Analyst,Permanent,2025-04-01,Project Titan,Annual Leave,29.2
EMP00311,Analyst,Permanent,2025-04-01,Project Nimbus,Non-Billable,179.4
EMP00287,Senior Analyst,Contractor,2025-04-01,Project Aurora,Billable,54.4
EMP00136,Senior Analyst,Fixed-term,2025-04-01,Project Orion,Non-Billable,159.1
EMP00265,Intern,Permanent,2025-04-01,Project Zenith,Billable,37.9
EMP00049,Senior Manager,Fixed-term,2025-04-01,Project Vega,Annual Leave,37.6
EMP00330,Senior Analyst,Part-time,2025-04-01,Project Nimbus,Billable,28.9
EMP00247,Junior,Fixed-term,2025-04-01,Project Titan,Non-Billable,99.2
EMP00313,Intern,Fixed-term,2025-04-01,Project Titan,Billable,104.5
EMP00144,Intern,Freelancer,2025-04-01,Project Nimbus,Billable,29.4
EMP00316,Analyst,Permanent,2025-04-01,Project Titan,Non-Billable,172.0
EMP00049,Senior Manager,Fixed-term,2025-04-01,Project Vega,Non-Billable,54.9
EMP00332,Senior Analyst,Permanent,2025-04-01,Project Falcon,Non-Billable,104.9
EMP00102,Analyst,Contractor,2025-04-01,Project Vega,Non-Billable,95.6
EMP00118,Senior Analyst,Fixed-term,2025-04-01,Project Atlas,Non-Billable,116.3
EMP00064,Senior Analyst,Permanent,2025-04-01,Project Nimbus,Non-Billable,50.2
EMP00104,Junior,Permanent,2025-04-01,Project Falcon,Non-Billable,112.2
EMP00020,Senior Manager,Permanent,2025-04-01,Project Horizon,Billable,65.6
EMP00148,Junior,Permanent,2025-04-01,Project Nova,Billable,83.0
EMP00014,Senior Manager,Contractor,2025-04-01,Project Horizon,Non-Billable,80.5
EMP00115,Junior,Permanent,2025-04-01,Project Vega,Non-Billable,129.8
EMP00301,Analyst,Freelancer,2025-04-01,Project Vega,Non-Billable,68.0
EMP00248,Analyst,Contractor,2025-04-01,Project Nova,Non-Billable,76.5
EMP00146,Analyst,Permanent,2025-04-01,Project Aurora,Billable,122.2
EMP00188,Analyst,Fixed-term,2025-04-01,Project Orion,Non-Billable,101.1
EMP00160,Junior,Contractor,2025-04-01,Project Atlas,Billable,87.7
EMP00175,Manager,Permanent,2025-04-01,Project Atlas,Non-Billable,89.6
EMP00272,Senior Analyst,Contractor,2025-04-01,Project Zenith,Billable,65.8
EMP00008,Director,Permanent,2025-04-01,Project Nimbus,Non-Billable,96.8
EMP00057,Intern,Part-time,2025-04-01,Project Nova,Non-Billable,102.2
EMP00214,Senior Analyst,Freelancer,2025-04-01,Project Orion,Billable,35.2
EMP00288,Junior,Permanent,2025-04-01,Project Zenith,Non-Billable,130.1
EMP00217,Analyst,Permanent,2025-04-01,Project Falcon,Annual Leave,10.1
EMP00291,Analyst,Fixed-term,2025-04-01,Project Horizon,Non-Billable,92.9
EMP00176,Senior Manager,Freelancer,2025-04-01,Project Nova,Billable,36.8
EMP00318,Junior,Contractor,2025-04-01,Project Nimbus,Non-Billable,159.0
EMP00249,Junior,Permanent,2025-04-01,Project Horizon,Non-Billable,125.0
EMP00035,Manager,Permanent,2025-04-01,Project Aurora,Billable,56.5
EMP00047,Senior Analyst,Part-time,2025-04-01,Project Zenith,Non-Billable,74.0
EMP00161,Intern,Contractor,2025-04-01,Project Nova,Non-Billable,84.3
EMP00195,Junior,Permanent,2025-04-01,Project Titan,Non-Billable,126.0
EMP00030,Manager,Permanent,2025-04-01,Project Aurora,Annual Leave,12.6
EMP00013,Analyst,Part-time,2025-04-01,Project Atlas,Non-Billable,49.6
EMP00189,Senior Analyst,Part-time,2025-04-01,Project Nimbus,Billable,31.5
EMP00075,Analyst,Permanent,2025-04-01,Project Atlas,Non-Billable,163.6
EMP00208,Analyst,Permanent,2025-04-01,Project  Nimbus,Non-Billable,86.3
EMP00032,Manager,Contractor,2025-04-01,Project Atlas,Annual Leave,32.2
EMP00066,Senior Analyst,Permanent,2025-04-01,Project Falcon,Non-Billable,123.0
EMP00255,Analyst,Freelancer,2025-04-01,Project Nova,Billable,40.4
EMP00029,Manager,Permanent,2025-04-01,Project Nimbus,Non-Billable,108.7
EMP00204,Junior,Permanent,2025-04-01,Project Zenith,Billable,77.3
EMP00005,Intern,Permanent,2025-04-01,Project Zenith,Non-Billable,98.9
EMP00196,Analyst,Part-time,2025-04-01,Project Orion,Billable,43.2
EMP00242,Intern,Permanent,2025-04-01,Project Nova,Non-Billable,86.6
EMP00199,Junior,Fixed-term,2025-04-01,Project Titan,Non-Billable,81.5
EMP00098,Intern,Fixed-term,2025-04-01,Project Atlas,Billable,131.1
EMP00106,Intern,Contractor,2025-04-01,Project Nova,Billable,71.7
EMP00248,Analyst,Contractor,2025-04-01,Project Nova,Billable,73.3
EMP00090,Director,Permanent,2025-04-01,Project Nova,Non-Billable,103.7
EMP00076,Intern,Permanent,2025-04-01,Project Titan,Non-Billable,72.6
EMP00200,Senior Manager,Fixed-term,2025-04-01,Project Vega,Billable,66.6
EMP00014,Senior Manager,Contractor,2025-04-01,Project Horizon,Billable,73.7
EMP00019,Senior Analyst,Permanent,2025-04-01,Project Zenith,Non-Billable,85.1
EMP00172,Senior Analyst,Part-time,2025-04-01,Project Zenith,Non-Billable,91.2
EMP00151,Analyst,Fixed-term,2025-04-01,Project Vega,Non-Billable,85.0
EMP00139,Intern,Permanent,2025-04-01,Project Titan,Non-Billable,149.6
EMP00307,Analyst,Part-time,2025-04-01,Project Horizon,Non-Billable,61.4
EMP00023,Junior,Permanent,2025-04-01,Project Aurora,Non-Billable,75.1
EMP00332,Senior Analyst,Permanent,2025-04-01,Project Falcon,Billable,64.5
EMP00063,Junior,Permanent,2025-04-01,Project Falcon,Non-Billable,90.4
EMP00205,Manager,Permanent,2025-04-01,Project Atlas,Annual Leave,33.3
EMP00183,Intern,Permanent,2025-04-01,Project Orion,Non-Billable,182.6
EMP00171,Analyst,Permanent,2025-04-01,Project Zenith,Non-Billable,110.2
EMP00127,Analyst,Freelancer,2025-04-01,Project Nova,Non-Billable,83.8
EMP00036,Senior Manager,Permanent,2025-04-01,Project Nimbus,Billable,87.1
EMP00289,Junior,Fixed-term,2025-04-01,Project Nova,Non-Billable,160.0
EMP00048,Intern,Permanent,2025-04-01,Project Atlas,Non-Billable,78.5
EMP00110,Junior,Part-time,2025-04-01,Project Horizon,Non-Billable,58.1
EMP00329,Analyst,Permanent,2025-04-01,Project Falcon,Non-Billable,90.7
EMP00173,Manager,Freelancer,2025-04-01,Project Aurora,Non-Billable,138.9
EMP00106,Intern,Contractor,2025-04-01,Project Nova,Non-Billable,93.2
EMP00300,Analyst,Fixed-term,2025-04-01,Project Nimbus,Annual Leave,9.0
EMP00142,Analyst,Permanent,2025-04-01,Project Falcon,Billable,73.8
EMP00266,Manager,Fixed-term,2025-04-01,Project Orion,Non-Billable,110.0
EMP00109,Manager,Permanent,2025-04-01,Project Nimbus,Annual Leave,30.7
EMP00297,Junior,Permanent,2025-04-01,Project Vega,Non-Billable,100.3
EMP00258,Senior Manager,Permanent,2025-04-01,Project Vega,Non-Billable,78.7
EMP00211,Manager,Fixed-term,2025-04-01,Project Orion,Non-Billable,91.8
EMP00042,Junior,Permanent,2025-04-01,Project Zenith,Non-Billable,52.3
EMP00184,Junior,Permanent,2025-04-01,Project Falcon,Non-Billable,101.7
EMP00282,Analyst,Fixed-term,2025-04-01,Project Aurora,Billable,95.2
EMP00114,Junior,Part-time,2025-04-01,Project Vega,Non-Billable,89.4
EMP00227,Junior,Fixed-term,2025-04-01,Project Atlas,Billable,73.7
EMP00269,Intern,Fixed-term,2025-04-01,Project Nimbus,Annual Leave,34.7
EMP00301,Analyst,Freelancer,2025-04-01,Project Vega,Billable,67.4
EMP00036,Senior Manager,Permanent,2025-04-01,Project Nimbus,Non-Billable,96.5
EMP00051,Senior Analyst,Contractor,2025-04-01,Project Zenith,Billable,117.9
EMP00079,Manager,Permanent,2025-04-01,Project Horizon,Billable,74.2
EMP00293,Manager,Fixed-term,2025-04-01,Project Aurora,Non-Billable,73.6
EMP00078,Analyst,Contractor,2025-04-01,Project Aurora,Non-Billable,84.0
EMP00238,Intern,Permanent,2025-04-01,Project Nova,Non-Billable,73.1
EMP00065,Director,Fixed-term,2025-04-01,Project Aurora,Non-Billable,175.1
EMP00195,Junior,Permanent,2025-04-01,Project Titan,Billable,50.6
EMP00273,Junior,Fixed-term,2025-04-01,Project Falcon,Non-Billable,12.7
EMP00037,Analyst,Fixed-term,2025-04-01,Project Orion,Non-Billable,110.7
EMP00066,Senior Analyst,Permanent,2025-04-01,Project Falcon,Billable,46.9
EMP00016,Junior,Permanent,2025-04-01,Project Horizon,Billable,90.6
EMP00284,Analyst,Permanent,2025-04-01,Project Falcon,Non-Billable,49.7
EMP00326,Manager,Permanent,2025-04-01,Project Falcon,Billable,68.0
EMP00055,Senior Manager,Fixed-term,2025-04-01,Project Atlas,Billable,77.4
EMP00025,Senior Analyst,Contractor,2025-04-01,Project Titan,Non-Billable,75.2
EMP00313,Intern,Fixed-term,2025-04-01,Project Titan,Non-Billable,52.0
EMP00284,Analyst,Permanent,2025-04-01,Project Falcon,Billable,118.7
EMP00117,Intern,Fixed-term,2025-04-01,Project Horizon,Non-Billable,96.5
EMP00160,Junior,Contractor,2025-04-01,Project Atlas,Non-Billable,37.4
EMP00258,Senior Manager,Permanent,2025-04-01,Project Vega,Billable,102.4
EMP00132,Junior,Fixed-term,2025-04-01,Project Nimbus,Non-Billable,163.5
EMP00130,Junior,Permanent,2025-04-01,Project Nova,Non-Billable,119.7
EMP00086,Senior Analyst,Part-time,2025-04-01,Project Falcon,Non-Billable,79.5
EMP00182,Analyst,Permanent,2025-04-01,Project Nimbus,Billable,84.8
EMP00226,Senior Analyst,Part-time,2025-04-01,Project Vega,Billable,22.3
EMP00338,Intern,Contractor,2025-04-01,Project Nova,Billable,46.7
EMP00119,Senior Analyst,Part-time,2025-04-01,Project Horizon,Non-Billable,72.2
EMP00030,Manager,Permanent,2025-04-01,Project Aurora,Non-Billable,104.5
EMP00199,Junior,Fixed-term,2025-04-01,Project Titan,Billable,74.1
EMP00118,Senior Analyst,Fixed-term,2025-04-01,Project Atlas,Billable,50.3
EMP00033,Director,Fixed-term,2025-04-01,Project Horizon,Billable,64.7
EMP00208,Analyst,Permanent,2025-04-01,Project Nimbus,Billable,82.5
EMP00020,Senior Manager,Permanent,2025-04-01,Project Horizon,Non-Billable,73.2
EMP00288,Junior,Permanent,2025-04-01,Project Zenith,Billable,40.9
EMP00224,Senior Manager,Fixed-term,2025-04-01,Project Falcon,Annual Leave,13.9
EMP00159,Junior,Permanent,2025-04-01,Project Vega,Non-Billable,122.9
EMP00269,Intern,Fixed-term,2025-04-01,Project Nimbus,Non-Billable,77.5
EMP00113,Analyst,Permanent,2025-04-01,Project Atlas,Non-Billable,160.7
EMP00051,Senior Analyst,Contractor,2025-04-01,Project Zenith,Non-Billable,47.1
EMP00268,Senior Analyst,Permanent,2025-04-01,Project Horizon,Billable,39.1
EMP00162,Manager,Freelancer,2025-04-01,Project Orion,Non-Billable,141.2
EMP00215,Junior,Contractor,2025-04-01,Project Zenith,Non-Billable,78.2
EMP00047,Senior Analyst,Part-time,2025-04-01,Project Zenith,Billable,28.7
EMP00009,Manager,Freelancer,2025-04-01,Project Nova,Non-Billable,25.3
EMP00052,Analyst,Freelancer,2025-04-01,Project Falcon,Billable,69.9
EMP00141,Junior,Fixed-term,2025-04-01,Project Aurora,Non-Billable,66.2
EMP00141,Junior,Fixed-term,2025-04-01,Project Aurora,Billable,91.5
EMP00152,Executive,Part-time,2025-04-01,Project Titan,Billable,74.3
EMP00206,Senior Analyst,Part-time,2025-04-01,Project Nimbus,Billable,44.0
EMP00050,Manager,Freelancer,2025-04-01,Project Vega,Non-Billable,128.3
EMP00169,Analyst,Fixed-term,2025-04-01,Project Falcon,Billable,63.4
EMP00081,Manager,Fixed-term,2025-04-01,Project Aurora,Non-Billable,73.9
EMP00328,Analyst,Permanent,2025-04-01,Project Falcon,Non-Billable,71.2
EMP00154,Junior,Part-time,2025-04-01,Project Nimbus,Non-Billable,47.6
EMP00322,Senior Analyst,Part-time,2025-04-01,Project Vega,Non-Billable,66.0
EMP00283,Director,Fixed-term,2025-04-01,Project Aurora,Non-Billable,87.5
EMP00068,Junior,Freelancer,2025-04-01,Project Vega,Non-Billable,95.3
EMP00174,Intern,Permanent,2025-04-01,Project Aurora,Annual Leave,33.2
EMP00189,Senior Analyst,Part-time,2025-04-01,Project Nimbus,Non-Billable,49.2
EMP00299,Senior Analyst,Fixed-term,2025-04-01,Project Nova,Billable,41.8
EMP00226,Senior Analyst,Part-time,2025-04-01,Project Vega,Annual Leave,15.7
EMP00165,Executive,Permanent,2025-04-01,Project Orion,Non-Billable,82.1
EMP00270,Senior Analyst,Contractor,2025-04-01,Project Nimbus,Billable,84.9
EMP00302,Junior,Fixed-term,2025-04-01,Project Zenith,Non-Billable,166.5
EMP00240,Senior Analyst,Permanent,2025-04-01,Project Titan,Non-Billable,30.8
EMP00151,Analyst,Fixed-term,2025-04-01,Project Vega,Billable,80.6
EMP00125,Senior Analyst,Fixed-term,2025-04-01,Project Titan,Billable,48.5
EMP00005,Intern,Permanent,2025-04-01,Project Zenith,Billable,33.0
EMP00235,Analyst,Fixed-term,2025-04-01,Project Falcon,Non-Billable,103.8
EMP00327,Intern,Fixed-term,2025-04-01,Project Aurora,Billable,105.4
EMP00235,Analyst,Fixed-term,2025-04-01,Project Falcon,Billable,44.4
EMP00107,Senior Analyst,Contractor,2025-04-01,Project Zenith,Non-Billable,87.7
EMP00321,Manager,Part-time,2025-04-01,Project Zenith,Non-Billable,69.1
EMP00331,Senior Analyst,Permanent,2025-04-01,Project Aurora,Billable,43.9
EMP00125,Senior Analyst,Fixed-term,2025-04-01,Project Titan,Non-Billable,136.2
EMP00308,Senior Analyst,Part-time,2025-04-01,Project Orion,Billable,29.9
EMP00034,Senior Manager,Permanent,2025-04-01,Project Atlas,Non-Billable,162.5
EMP00033,Director,Fixed-term,2025-04-01,Project Horizon,Non-Billable,92.5
EMP00182,Analyst,Permanent,2025-04-01,Project Nimbus,Non-Billable,84.9
EMP00218,Analyst,Fixed-term,2025-04-01,Project Nimbus,Non-Billable,98.2
EMP00128,Manager,Fixed-term,2025-04-01,Project Vega,Billable,77.0
EMP00043,Intern,Contractor,2025-04-01,Project Falcon,Billable,67.6
EMP00260,Analyst,Contractor,2025-04-01,Project Nimbus,Non-Billable,106.4
EMP00145,Junior,Permanent,2025-04-01,Project Atlas,Non-Billable,176.0
EMP00260,Analyst,Contractor,2025-04-01,Project Nimbus,Billable,45.2
EMP00315,Director,Permanent,2025-04-01,Project Horizon,Non-Billable,102.6
EMP00102,Analyst,Contractor,2025-04-01,Project Vega,Billable,34.3
EMP00030,Manager,Permanent,2025-04-01,Project Aurora,Billable,56.7
EMP00184,Junior,Permanent,2025-04-01,Project Falcon,Billable,67.6
EMP00246,Manager,Part-time,2025-04-01,Project Zenith,Non-Billable,24.5
EMP00154,Junior,Part-time,2025-04-01,Project Nimbus,Billable,28.5
EMP00213,Senior Analyst,Permanent,2025-04-01,Project Horizon,Billable,69.3
EMP00133,Analyst,Freelancer,2025-04-01,Project Zenith,Billable,31.4
EMP00295,Junior,Part-time,2025-04-01,Project Zenith,Non-Billable,101.1
EMP00024,Intern,Freelancer,2025-04-01,Project Zenith,Billable,99.0
EMP00188,Analyst,Fixed-term,2025-04-01,Project Orion,Billable,66.2
EMP00263,Analyst,Part-time,2025-04-01,Project Zenith,Billable,36.7
EMP00298,Junior,Freelancer,2025-04-01,Project Atlas,Non-Billable,90.5
EMP00249,Junior,Permanent,2025-04-01,Project Horizon,Billable,37.4
EMP00272,Senior Analyst,Contractor,2025-04-01,Project Zenith,Non-Billable,86.9
EMP00018,Manager,Fixed-term,2025-04-01,Project Horizon,Annual Leave,39.1
EMP00324,Junior,Permanent,2025-04-01,Project Falcon,Billable,49.7
EMP00165,Executive,Permanent,2025-04-01,Project Orion,Billable,84.4
EMP00179,Analyst,Part-time,2025-04-01,Project Nimbus,Non-Billable,34.2
EMP00158,Senior Analyst,Fixed-term,2025-04-01,Project Atlas,Non-Billable,172.2
EMP00110,Junior,Part-time,2025-05-01,Project Horizon,Non-Billable,42.3
EMP00338,Intern,Contractor,2025-05-01,Project Nova,Non-Billable,89.3
EMP00142,Analyst,Permanent,2025-05-01,Project Falcon,Billable,84.5
EMP00260,Analyst,Contractor,2025-05-01,Project Nimbus,Billable,40.6
EMP00271,Senior Analyst,Permanent,2025-05-01,Project Aurora,Non-Billable,167.7
EMP00225,Senior Analyst,Permanent,2025-05-01,Project Vega,Non-Billable,98.4
EMP00182,Analyst,Permanent,2025-05-01,Project Nimbus,Billable,67.7
EMP00187,Analyst,Permanent,2025-05-01,Project Orion,Non-Billable,69.6
EMP00284,Analyst,Permanent,2025-05-01,Project Falcon,Non-Billable,17.3
EMP00079,Manager,Permanent,2025-05-01,Project Horizon,Non-Billable,66.6
EMP00039,Analyst,Permanent,2025-05-01,Project Atlas,Non-Billable,150.8
EMP00023,Junior,Permanent,2025-05-01,Project Aurora,Non-Billable,70.9
EMP00115,Junior,Permanent,2025-05-01,Project Vega,Billable,42.9
EMP00166,Senior Analyst,Contractor,2025-05-01,Project Orion,Non-Billable,87.3
EMP00199,Junior,Fixed-term,2025-05-01,Project Titan,Billable,61.7
EMP00070,Junior,Permanent,2025-05-01,Project Nimbus,Billable,74.2
EMP00120,Senior Analyst,Permanent,2025-05-01,Project Titan,Non-Billable,91.8
EMP00268,Senior Analyst,Permanent,2025-05-01,Project Horizon,Non-Billable,113.3
EMP00322,Senior Analyst,Part-time,2025-05-01,Project Vega,Non-Billable,43.7
EMP00254,Manager,Freelancer,2025-05-01,Project Orion,Billable,36.3
EMP00035,Manager,Permanent,2025-05-01,Project Aurora,Non-Billable,93.4
EMP00291,Analyst,Fixed-term,2025-05-01,Project Horizon,Billable,55.8
EMP00214,Senior Analyst,Freelancer,2025-05-01,Project Orion,Billable,37.3
EMP00049,Senior Manager,Fixed-term,2025-05-01,Project Vega,Billable,92.1
EMP00013,Analyst,Part-time,2025-05-01,Project Atlas,Billable,51.9
EMP00110,Junior,Part-time,2025-05-01,Project Horizon,Billable,25.2
EMP00026,Analyst,Permanent,2025-05-01,Project Nimbus,Billable,57.1
EMP00063,Junior,Permanent,2025-05-01,Project Falcon,Annual Leave,17.0
EMP00153,Analyst,Part-time,2025-05-01,Project Zenith,Billable,32.4
EMP00055,Senior Manager,Fixed-term,2025-05-01,Project Atlas,Non-Billable,103.8
EMP00027,Senior Analyst,Permanent,2025-05-01,Project Titan,Billable,72.3
EMP00223,Senior Manager,Permanent,2025-05-01,Project Titan,Non-Billable,30.3
EMP00274,Junior,Freelancer,2025-05-01,Project Titan,Non-Billable,73.3
EMP00223,Senior Manager,Permanent,2025-05-01,Project Titan,Billable,140.0
EMP00179,Analyst,Part-time,2025-05-01,Project Nimbus,Non-Billable,51.9
EMP00104,Junior,Permanent,2025-05-01,Project Falcon,Annual Leave,37.5
EMP00030,Manager,Permanent,2025-05-01,Project Aurora,Billable,63.5
EMP00107,Senior Analyst,Contractor,2025-05-01,Project Zenith,Billable,73.5
EMP00055,Senior Manager,Fixed-term,2025-05-01,Project Atlas,Billable,65.2
EMP00133,Analyst,Freelancer,2025-05-01,Project Zenith,Annual Leave,13.6
EMP00177,Analyst,Contractor,2025-05-01,Project Falcon,Non-Billable,80.6
EMP00048,Intern,Permanent,2025-05-01,Project Atlas,Billable,93.1
EMP00161,Intern,Contractor,2025-05-01,Project Nova,Annual Leave,15.2
EMP00264,Junior,Part-time,2025-05-01,Project Orion,Billable,31.6
EMP00080,Analyst,Part-time,2025-05-01,Project Nova,Non-Billable,21.6
EMP00195,Junior,Permanent,2025-05-01,Project Titan,Billable,48.9
EMP00096,Senior Analyst,Contractor,2025-05-01,Project Zenith,Billable,66.4
EMP00248,Analyst,Contractor,2025-05-01,Project Nova,Billable,63.3
EMP00165,Executive,Permanent,2025-05-01,Project Orion,Billable,64.0
EMP00247,Junior,Fixed-term,2025-05-01,Project Titan,Billable,81.2
EMP00020,Senior Manager,Permanent,2025-05-01,Project Horizon,Annual Leave,28.1
EMP00213,Senior Analyst,Permanent,2025-05-01,Project Horizon,Non-Billable,88.8
EMP00242,Intern,Permanent,2025-05-01,Project Nova,Non-Billable,85.1
EMP00021,Senior Analyst,Fixed-term,2025-05-01,Project Horizon,Billable,118.1
EMP00004,Manager,Permanent,2025-05-01,Project Nimbus,Billable,43.6
EMP00113,Analyst,Permanent,2025-05-01,Project Atlas,Non-Billable,169.8
EMP00068,Junior,Freelancer,2025-05-01,Project Vega,Billable,37.5
EMP00212,Junior,Fixed-term,2025-05-01,,Maternity Leave,8.8
EMP00088,Analyst,Contractor,2025-05-01,Project Nova,Non-Billable,153.4
EMP00077,Senior Analyst,Fixed-term,2025-05-01,Project Horizon,Non-Billable,166.0
EMP00324,Junior,Permanent,2025-05-01,Project Falcon,Billable,51.8
EMP00059,Manager,Fixed-term,2025-05-01,Project Titan,Billable,58.5
EMP00152,Executive,Part-time,2025-05-01,Project Titan,Billable,59.2
EMP00206,Senior Analyst,Part-time,2025-05-01,Project Nimbus,Non-Billable,56.9
EMP00225,Senior Analyst,Permanent,2025-05-01,Project Vega,Billable,74.7
EMP00146,Analyst,Permanent,2025-05-01,Project Aurora,Billable,129.7
EMP00021,Senior Analyst,Fixed-term,2025-05-01,Project Horizon,Non-Billable,42.6
EMP00101,Manager,Permanent,2025-05-01,Project Zenith,Non-Billable,178.1
EMP00029,Manager,Permanent,2025-05-01,Project Nimbus,Billable,43.6
EMP00081,Manager,Fixed-term,2025-05-01,Project Aurora,Annual Leave,13.1
EMP00036,Senior Manager,Permanent,2025-05-01,Project Nimbus,Billable,78.2
EMP00103,Director,Fixed-term,2025-05-01,Project Nova,Non-Billable,39.8
EMP00043,Intern,Contractor,2025-05-01,Project Falcon,Billable,62.2
EMP00141,Junior,Fixed-term,2025-05-01,Project Aurora,Non-Billable,82.2
EMP00237,Senior Manager,Fixed-term,2025-05-01,Project Falcon,Non-Billable,123.8
EMP00202,Junior,Permanent,2025-05-01,Project Atlas,Non-Billable,106.5
EMP00286,Analyst,Fixed-term,2025-05-01,Project Nimbus,Non-Billable,99.2
EMP00283,Director,Fixed-term,2025-05-01,Project Aurora,Annual Leave,38.6
EMP00251,Director,Fixed-term,2025-05-01,Project Falcon,Billable,82.2
EMP00148,Junior,Permanent,2025-05-01,Project Nova,Non-Billable,89.2
EMP00321,Manager,Part-time,2025-05-01,Project Zenith,Non-Billable,54.7
EMP00159,Junior,Permanent,2025-05-01,Project Vega,Non-Billable,115.4
EMP00033,Director,Fixed-term,2025-05-01,Project Horizon,Non-Billable,94.1
EMP00247,Junior,Fixed-term,2025-05-01,Project Titan,Non-Billable,96.6
EMP00159,Junior,Permanent,2025-05-01,Project Vega,Billable,45.7
EMP00057,Intern,Part-time,2025-05-01,Project Nova,Non-Billable,95.8
EMP00222,Senior Analyst,Permanent,2025-05-01,Project Vega,Non-Billable,151.5
EMP00064,Senior Analyst,Permanent,2025-05-01,Project Nimbus,Billable,142.2
EMP00299,Senior Analyst,Fixed-term,2025-05-01,Project Nova,Non-Billable,111.6
EMP00084,Senior Manager,Contractor,2025-05-01,Project Falcon,Non-Billable,148.6
EMP00094,Senior Analyst,Contractor,2025-05-01,Project Vega,Billable,54.0
EMP00139,Intern,Permanent,2025-05-01,Project Titan,Non-Billable,157.6
EMP00331,Senior Analyst,Permanent,2025-05-01,Project Aurora,Billable,43.7
EMP00058,Manager,Freelancer,2025-05-01,Project Zenith,Non-Billable,73.5
EMP00336,Manager,Freelancer,2025-05-01,Project Titan,Billable,34.8
EMP00072,Senior Analyst,Permanent,2025-05-01,Project Titan,Non-Billable,150.0
EMP00135,Senior Analyst,Fixed-term,2025-05-01,Project Horizon,Billable,77.7
EMP00083,Intern,Permanent,2025-05-01,Project Nimbus,Billable,68.5
EMP00119,Senior Analyst,Part-time,2025-05-01,Project Horizon,Non-Billable,72.6
EMP00285,Analyst,Fixed-term,2025-05-01,Project Aurora,Non-Billable,182.5
EMP00339,Manager,Contractor,2025-05-01,Project Nova,Non-Billable,139.9
EMP00213,Senior Analyst,Permanent,2025-05-01,Project Horizon,Billable,67.3
EMP00239,Analyst,Freelancer,2025-05-01,Project Vega,Non-Billable,24.6
EMP00051,Senior Analyst,Contractor,2025-05-01,Project Zenith,Non-Billable,45.6
EMP00163,Senior Analyst,Part-time,2025-05-01,Project Aurora,Non-Billable,97.1
EMP00108,Junior,Permanent,2025-05-01,Project Titan,Billable,61.0
EMP00096,Senior Analyst,Contractor,2025-05-01,Project Zenith,Non-Billable,84.2
EMP00104,Junior,Permanent,2025-05-01,Project Falcon,Billable,53.6
EMP00011,Executive,Permanent,2025-05-01,Project Falcon,Billable,76.1
EMP00068,Junior,Freelancer,2025-05-01,Project Vega,Non-Billable,87.0
EMP00310,Senior Analyst,Fixed-term,2025-05-01,Project Atlas,Non-Billable,169.2
EMP00183,Intern,Permanent,2025-05-01,Project Orion,Non-Billable,142.9
EMP00118,Senior Analyst,Fixed-term,2025-05-01,Project Atlas,Non-Billable,113.7
EMP00329,Analyst,Permanent,2025-05-01,Project Falcon,Billable,67.7
EMP00036,Senior Manager,Permanent,2025-05-01,Project Nimbus,Non-Billable,87.9
EMP00004,Manager,Permanent,2025-05-01,Project Nimbus,Annual Leave,17.4
EMP00031,Manager,Contractor,2025-05-01,Project Nimbus,Billable,62.4
EMP00111,Senior Analyst,Fixed-term,2025-05-01,Project Nova,Non-Billable,168.9
EMP00277,Senior Analyst,Part-time,2025-05-01,Project Falcon,Non-Billable,73.4
EMP00262,Analyst,Permanent,2025-05-01,Project Vega,Non-Billable,168.1
EMP00056,Analyst,Permanent,2025-05-01,Project Aurora,Billable,71.8
EMP00298,Junior,Freelancer,2025-05-01,Project Atlas,Non-Billable,79.2
EMP00180,Analyst,Fixed-term,2025-05-01,Project Orion,Non-Billable,89.3
EMP00188,Analyst,Fixed-term,2025-05-01,Project Orion,Billable,86.9
EMP00073,Intern,Part-time,2025-05-01,Project Horizon,Annual Leave,14.1
EMP00099,Analyst,Permanent,2025-05-01,Project Titan,Non-Billable,111.6
EMP00138,Senior Analyst,Part-time,2025-05-01,Project Vega,Non-Billable,53.9
EMP00258,Senior Manager,Permanent,2025-05-01,Project Vega,Non-Billable,88.6
EMP00006,Analyst,Contractor,2025-05-01,Project Zenith,Billable,66.7
EMP00288,Junior,Permanent,2025-05-01,Project Zenith,Billable,45.9
EMP00298,Junior,Freelancer,2025-05-01,Project Atlas,Billable,41.2
EMP00277,Senior Analyst,Part-time,2025-05-01,Project Falcon,Annual Leave,34.4
EMP00037,Analyst,Fixed-term,2025-05-01,Project Orion,Billable,49.8
EMP00140,Intern,Permanent,2025-05-01,Project Aurora,Non-Billable,79.8
EMP00245,Senior Analyst,Fixed-term,2025-05-01,Project Falcon,Non-Billable,27.8
EMP00255,Analyst,Freelancer,2025-05-01,Project Nova,Billable,59.7
EMP00211,Manager,Fixed-term,2025-05-01,Project Orion,Annual Leave,36.1
EMP00270,Senior Analyst,Contractor,2025-05-01,Project Nimbus,Billable,75.4
EMP00191,Intern,Freelancer,2025-05-01,Project Orion,Billable,52.5
EMP00320,Junior,Part-time,2025-05-01,Project Aurora,Non-Billable,52.4
EMP00014,Senior Manager,Contractor,2025-05-01,Project Horizon,Non-Billable,76.1
EMP00234,Analyst,Permanent,2025-05-01,Project Vega,Billable,37.0
EMP00098,Intern,Fixed-term,2025-05-01,Project Atlas,Non-Billable,71.8
EMP00106,Intern,Contractor,2025-05-01,Project Nova,Annual Leave,9.8
EMP00183,Intern,Permanent,2025-05-01,Project Orion,Annual Leave,31.7
EMP00176,Senior Manager,Freelancer,2025-05-01,Project Nova,Non-Billable,86.0
EMP00337,Senior Manager,Permanent,2025-05-01,Project Falcon,Annual Leave,38.5
EMP00095,Junior,Fixed-term,2025-05-01,Project Vega,Non-Billable,105.9
EMP00098,Intern,Fixed-term,2025-05-01,Project Atlas,Billable,101.3
EMP00078,Analyst,Contractor,2025-05-01,Project Aurora,Non-Billable,105.0
EMP00230,Analyst,Part-time,2025-05-01,Project Titan,Non-Billable,97.5
EMP00243,Senior Analyst,Contractor,2025-05-01,Project Aurora,Non-Billable,123.4
EMP00319,Analyst,Permanent,2025-05-01,Project Titan,Annual Leave,20.5
EMP00295,Junior,Part-time,2025-05-01,Project Zenith,Annual Leave,29.1
EMP00100,Junior,Freelancer,2025-05-01,Project Titan,Annual Leave,35.6
EMP00330,Senior Analyst,Part-time,2025-05-01,Project Nimbus,Non-Billable,61.1
EMP00282,Analyst,Fixed-term,2025-05-01,Project Aurora,Non-Billable,85.2
EMP00013,Analyst,Part-time,2025-05-01,Project Atlas,Non-Billable,47.1
EMP00182,Analyst,Permanent,2025-05-01,Project Nimbus,Non-Billable,91.7
EMP00203,Analyst,Contractor,2025-05-01,Project Atlas,Non-Billable,146.1
EMP00226,Senior Analyst,Part-time,2025-05-01,Project Vega,Non-Billable,70.6
EMP00187,Analyst,Permanent,2025-05-01,Project Orion,Billable,104.3
EMP00166,Senior Analyst,Contractor,2025-05-01,Project Orion,Billable,53.1
EMP00217,Analyst,Permanent,2025-05-01,Project Falcon,Non-Billable,152.1
EMP00328,Analyst,Permanent,2025-05-01,Project Falcon,Billable,82.1
EMP00031,Manager,Contractor,2025-05-01,Project Nimbus,Non-Billable,59.4
EMP00033,Director,Fixed-term,2025-05-01,Project Horizon,Annual Leave,17.2
EMP00307,Analyst,Part-time,2025-05-01,Project Horizon,Annual Leave,34.9
EMP00205,Manager,Permanent,2025-05-01,Project Atlas,Non-Billable,167.2
EMP00125,Senior Analyst,Fixed-term,2025-05-01,Project Titan,Non-Billable,127.2
EMP00109,Manager,Permanent,2025-05-01,Project Nimbus,Billable,64.0
EMP00169,Analyst,Fixed-term,2025-05-01,Project Falcon,Billable,92.5
EMP00333,Analyst,Permanent,2025-05-01,Project Zenith,Non-Billable,170.7
EMP00085,Junior,Permanent,2025-05-01,,Billable,59.2
EMP00106,Intern,Contractor,2025-05-01,Project Nova,Non-Billable,88.0
EMP00180,Analyst,Fixed-term,2025-05-01,Project Orion,Billable,73.6
EMP00079,Manager,Permanent,2025-05-01,Project Horizon,Billable,115.0
EMP00135,Senior Analyst,Fixed-term,2025-05-01,Project Horizon,Non-Billable,77.1
EMP00117,Intern,Fixed-term,2025-05-01,Project Horizon,Billable,60.5
EMP00275,Junior,Part-time,2025-05-01,Project Atlas,Non-Billable,65.7
EMP00210,Director,Fixed-term,2025-05-01,Project Nova,Billable,119.9
EMP00132,Junior,Fixed-term,2025-05-01,Project Nimbus,Annual Leave,31.5
EMP00264,Junior,Part-time,2025-05-01,Project Orion,Non-Billable,63.2
EMP00241,Analyst,Permanent,2025-05-01,Project Titan,Billable,60.0
EMP00178,Intern,Permanent,2025-05-01,Project Nova,Non-Billable,158.5
EMP00175,Manager,Permanent,2025-05-01,Project Atlas,Billable,73.7
EMP00160,Junior,Contractor,2025-05-01,Project Atlas,Billable,116.7
EMP00051,Senior Analyst,Contractor,2025-05-01,Project Zenith,Billable,109.0
EMP00215,Junior,Contractor,2025-05-01,Project Zenith,Non-Billable,70.7
EMP00012,Analyst,Fixed-term,2025-05-01,Project Nimbus,Billable,30.8
EMP00133,Analyst,Freelancer,2025-05-01,Project Zenith,Billable,29.4
EMP00322,Senior Analyst,Part-time,2025-05-01,Project Vega,Billable,35.1
EMP00034,Senior Manager,Permanent,2025-05-01,Project Atlas,Non-Billable,135.7
EMP00020,Senior Manager,Permanent,2025-05-01,Project Horizon,Non-Billable,78.8
EMP00308,Senior Analyst,Part-time,2025-05-01,Project Orion,Non-Billable,73.0
EMP00269,Intern,Fixed-term,2025-05-01,Project Nimbus,Non-Billable,108.6
EMP00162,Manager,Freelancer,2025-05-01,Project Orion,Non-Billable,132.6
EMP00144,Intern,Freelancer,2025-05-01,Project Nimbus,Billable,28.0
EMP00151,Analyst,Fixed-term,2025-05-01,Project Vega,Billable,70.7
EMP00301,Analyst,Freelancer,2025-05-01,Project Vega,Non-Billable,70.5
EMP00184,Junior,Permanent,2025-05-01,Project Falcon,Non-Billable,100.0
EMP00125,Senior Analyst,Fixed-term,2025-05-01,Project Titan,Billable,43.8
EMP00019,Senior Analyst,Permanent,2025-05-01,Project Zenith,Non-Billable,88.9
EMP00217,Analyst,Permanent,2025-05-01, Project Falcon,Annual Leave,15.4
EMP00211,Manager,Fixed-term,2025-05-01,Project Orion,Billable,59.5
EMP00307,Analyst,Part-time,2025-05-01,Project Horizon,Non-Billable,40.3
EMP00196,Analyst,Part-time,2025-05-01,Project Orion,Non-Billable,47.2
EMP00331,Senior Analyst,Permanent,2025-05-01,Project Aurora,Non-Billable,120.5
EMP00195,Junior,Permanent,2025-05-01,Project Titan,Non-Billable,106.4
EMP00322,Senior Analyst,Part-time,2025-05-01,Project Vega,Annual Leave,11.8
EMP00005,Intern,Permanent,2025-05-01,Project Zenith,Billable,38.0
EMP00099,Analyst,Permanent,2025-05-01,Project Titan,Billable,44.3
EMP00249,Junior,Permanent,2025-05-01,Project Horizon,Non-Billable,117.0
EMP00151,Analyst,Fixed-term,2025-05-01,Project Vega,Non-Billable,96.2
EMP00202,Junior,Permanent,2025-05-01,Project Atlas,Billable,67.2
EMP00173,Manager,Freelancer,2025-05-01,Project Aurora,Non-Billable,123.6
EMP00239,Analyst,Freelancer,2025-05-01,Project Vega,Billable,107.0
EMP00114,Junior,Part-time,2025-05-01,Project Vega,Non-Billable,92.8
EMP00315,Director,Permanent,2025-05-01,Project Horizon,Non-Billable,95.8
EMP00275,Junior,Part-time,2025-05-01,Project Atlas,Billable,34.4
EMP00104,Junior,Permanent,2025-05-01,Project Falcon,Non-Billable,80.1
EMP00061,Analyst,Permanent,2025-05-01,Project Horizon,Billable,73.6
EMP00267,Intern,Freelancer,2025-05-01,Project Atlas,Non-Billable,84.4
EMP00078,Analyst,Contractor,2025-05-01,Project Aurora,Billable,55.2
EMP00117,Intern,Fixed-term,2025-05-01,Project Horizon,Annual Leave,32.6
EMP00273,Junior,Fixed-term,2025-05-01,Project Falcon,Non-Billable,42.4
EMP00200,Senior Manager,Fixed-term,2025-05-01,Project Vega,Billable,57.7
EMP00153,Analyst,Part-time,2025-05-01,Project Zenith,Non-Billable,66.6
EMP00058,Manager,Freelancer,2025-05-01,Project Zenith,Billable,64.9
EMP00142,Analyst,Permanent,2025-05-01,Project Falcon,Non-Billable,96.4
EMP00009,Manager,Freelancer,2025-05-01,Project Nova,Annual Leave,20.0
EMP00314,Senior Analyst,Permanent,2025-05-01,Project Atlas,Billable,35.5
EMP00332,Senior Analyst,Permanent,2025-05-01,Project Falcon,Billable,79.9
EMP00086,Senior Analyst,Part-time,2025-05-01,Project Falcon,Billable,27.0
EMP00103,Director,Fixed-term,2025-05-01,Project Nova,Billable,125.9
EMP00034,Senior Manager,Permanent,2025-05-01,Project Atlas,Annual Leave,33.8
EMP00298,Junior,Freelancer,2025-05-01,Project Atlas,Annual Leave,19.8
EMP00250,Senior Manager,Fixed-term,2025-05-01,Project Zenith,Non-Billable,84.6
EMP00031,Manager,Contractor,2025-05-01,Project Nimbus,Annual Leave,22.4
EMP00081,Manager,Fixed-term,2025-05-01,Project Aurora,Billable,92.5
EMP00232,Analyst,Permanent,2025-05-01,Project Falcon,Non-Billable,170.8
EMP00037,Analyst,Fixed-term,2025-05-01,Project Orion,Non-Billable,109.3
EMP00301,Analyst,Freelancer,2025-05-01,Project Vega,Billable,62.0
EMP00309,Manager,Permanent,2025-05-01,Project Nova,Non-Billable,133.6
EMP00199,Junior,Fixed-term,2025-05-01,Project Titan,Non-Billable,92.9
EMP00261,Analyst,Part-time,2025-05-01,Project Titan,Non-Billable,68.0
EMP00008,Director,Permanent,2025-05-01,Project Nimbus,Billable,64.2
EMP00306,Junior,Permanent,2025-05-01,Project Vega,Non-Billable,169.3
EMP00211,Manager,Fixed-term,2025-05-01,Project Orion,Non-Billable,70.4
EMP00090,Director,Permanent,2025-05-01,Project Nova,Billable,61.4
EMP00324,Junior,Permanent,2025-05-01,Project Falcon,Non-Billable,126.4
EMP00338,Intern,Contractor,2025-05-01,Project Nova,Billable,64.3
EMP00128,Manager,Fixed-term,2025-05-01,Project Vega,Billable,69.7
EMP00022,Analyst,Permanent,2025-05-01,Project Orion,Billable,41.3
EMP00273,Junior,Fixed-term,2025-05-01,Project Falcon,Billable,125.8
EMP00246,Manager,Part-time,2025-05-01,Project Zenith,Billable,76.6
EMP00141,Junior,Fixed-term,2025-05-01,Project Aurora,Billable,63.8
EMP00130,Junior,Permanent,2025-05-01,Project Nova,Billable,49.4
EMP00049,Senior Manager,Fixed-term,2025-05-01,Project Vega,Non-Billable,46.4
EMP00134,Analyst,Permanent,2025-05-01,Project Orion,Non-Billable,138.6
EMP00165,Executive,Permanent,2025-05-01,Project Orion,Non-Billable,86.4
EMP00127,Analyst,Freelancer,2025-05-01,Project Nova,Non-Billable,76.5
EMP00337,Senior Manager,Permanent,2025-05-01,Project Falcon,Non-Billable,138.0
EMP00130,Junior,Permanent,2025-05-01,Project Nova,Non-Billable,125.8
EMP00127,Analyst,Freelancer,2025-05-01,Project Nova,Billable,48.9
EMP00304,Senior Manager,Permanent,2025-05-01,Project Horizon,Billable,45.7
EMP00266,Manager,Fixed-term,2025-05-01,Project Orion,Billable,70.5
EMP00106,Intern,Contractor,2025-05-01,Project Nova,Billable,57.6
EMP00261,Analyst,Part-time,2025-05-01,Project Titan,Billable,26.0
EMP00191,Intern,Freelancer,2025-05-01,Project Orion,Non-Billable,81.7
EMP00215,Junior,Contractor,2025-05-01,Project Zenith,Billable,68.3
EMP00210,Director,Fixed-term,2025-05-01,Project Nova,Non-Billable,46.5
EMP00235,Analyst,Fixed-term,2025-05-01,Project Falcon,Non-Billable,120.4
EMP00174,Intern,Permanent,2025-05-01,Project Aurora,Billable,85.7
EMP00155,Junior,Permanent,2025-05-01,Project Vega,Billable,65.0
EMP00194,Analyst,Freelancer,2025-05-01,Project Vega,Non-Billable,74.6
EMP00025,Senior Analyst,Contractor,2025-05-01,Project Titan,Non-Billable,71.1
EMP00231,Intern,Fixed-term,2025-05-01,Project Atlas,Non-Billable,93.6
EMP00124,Analyst,Permanent,2025-05-01,Project Atlas,Non-Billable,71.6
EMP00045,Analyst,Fixed-term,2025-05-01,Project Atlas,Billable,93.9
EMP00124,Analyst,Permanent,2025-05-01,Project Atlas,Annual Leave,14.7
EMP00252,Intern,Part-time,2025-05-01,Project Titan,Non-Billable,97.0
EMP00316,Analyst,Permanent,2025-05-01,Project Titan,Non-Billable,174.2
EMP00012,Analyst,Fixed-term,2025-05-01,Project Nimbus,Annual Leave,37.7
EMP00136,Senior Analyst,Fixed-term,2025-05-01,Project Orion,Non-Billable,163.3
EMP00290,Analyst,Permanent,2025-05-01,Project Nimbus,Annual Leave,21.9
EMP00022,Analyst,Permanent,2025-05-01,Project Orion,Non-Billable,123.2
EMP00146,Analyst,Permanent,2025-05-01,Project Aurora,Non-Billable,47.4
EMP00254,Manager,Freelancer,2025-05-01,Project Orion,Non-Billable,104.6
EMP00087,Analyst,Contractor,2025-05-01,Project Atlas,Billable,56.6
EMP00242,Intern,Permanent,2025-05-01,Project Nova,Billable,72.3
EMP00138,Senior Analyst,Part-time,2025-05-01,Project Vega,Billable,46.4
EMP00011,Executive,Permanent,2025-05-01,Project Falcon,Non-Billable,87.1
EMP00326,Manager,Permanent,2025-05-01,Project Falcon,Non-Billable,82.4
EMP00320,Junior,Part-time,2025-05-01,Project Aurora,Billable,43.9
EMP00321,Manager,Part-time,2025-05-01,Project Zenith,Billable,42.8
EMP00047,Senior Analyst,Part-time,2025-05-01,Project Zenith,Non-Billable,68.1
EMP00311,Analyst,Permanent,2025-05-01,Project Nimbus,Non-Billable,137.4
EMP00132,Junior,Fixed-term,2025-05-01,Project Nimbus,Non-Billable,141.5
EMP00201,Analyst,Permanent,2025-05-01,Project Falcon,Billable,51.1
EMP00160,Junior,Contractor,2025-05-01,Project Atlas,Non-Billable,29.8
EMP00293,Manager,Fixed-term,2025-05-01,Project Aurora,Non-Billable,95.2
EMP00040,Senior Analyst,Permanent,2025-05-01,PROJECT ZENITH,Billable,37.6
EMP00260,Analyst,Contractor,2025-05-01,Project Nimbus,Non-Billable,123.8
EMP00109,Manager,Permanent,2025-05-01,Project Nimbus,Annual Leave,18.0
EMP00288,Junior,Permanent,2025-05-01,Project Zenith,Non-Billable,126.6
EMP00332,Senior Analyst,Permanent,2025-05-01,Project Falcon,Non-Billable,87.6
EMP00237,Senior Manager,Fixed-term,2025-05-01,Project Falcon,Billable,45.4
EMP00047,Senior Analyst,Part-time,2025-05-01,Project Zenith,Billable,24.3
EMP00028,Analyst,Permanent,2025-05-01,Project Vega,Non-Billable,167.5
EMP00067,Manager,Part-time,2025-05-01,Project Vega,Non-Billable,99.7
EMP00312,Analyst,Fixed-term,2025-05-01,Project Atlas,Non-Billable,12.6
EMP00145,Junior,Permanent,2025-05-01,Project Atlas,Non-Billable,172.8
EMP00291,Analyst,Fixed-term,2025-05-01,Project Horizon,Non-Billable,93.2
EMP00025,Senior Analyst,Contractor,2025-05-01,Project Titan,Billable,78.8
EMP00218,Analyst,Fixed-term,2025-05-01,Project Nimbus,Billable,64.3
EMP00029,Manager,Permanent,2025-05-01,Project Nimbus,Non-Billable,126.4
EMP00221,Intern,Contractor,2025-05-01,Project Titan,Non-Billable,152.0
EMP00023,Junior,Permanent,2025-05-01,Project Aurora,Billable,92.2
EMP00105,Junior,Permanent,2025-05-01,Project Aurora,Non-Billable,123.5
EMP00274,Junior,Freelancer,2025-05-01,Project Titan,Billable,51.2
EMP00059,Manager,Fixed-term,2025-05-01,Project Titan ,Non-Billable,131.5
EMP00140,Intern,Permanent,2025-05-01,Project Aurora,Billable,80.5
EMP00008,Director,Permanent,2025-05-01,Project Nimbus,Non-Billable,97.4
EMP00093,Analyst,Fixed-term,2025-05-01,Project Orion,Billable,73.7
EMP00326,Manager,Permanent,2025-05-01,Project Falcon,Billable,51.5
EMP00044,Director,Permanent,2025-05-01,Project Orion,Billable,65.1
EMP00117,Intern,Fixed-term,2025-05-01,Project Horizon,Non-Billable,80.3
EMP00284,Analyst,Permanent,2025-05-01,Project Falcon,Billable,125.0
EMP00249,Junior,Permanent,2025-05-01,Project Horizon,Billable,50.9
EMP00014,Senior Manager,Contractor,2025-05-01,Project Horizon,Billable,72.0
EMP00121,Senior Analyst,Contractor,2025-05-01,Project Nimbus,Non-Billable,148.6
EMP00065,Director,Fixed-term,2025-05-01,Project Aurora,Non-Billable,163.2
EMP00313,Intern,Fixed-term,2025-05-01,Project Titan,Non-Billable,64.3
EMP00066,Senior Analyst,Permanent,2025-05-01,Project Falcon,Billable,44.8
EMP00155,Junior,Permanent,2025-05-01,Project Vega,Annual Leave,28.3
EMP00045,Analyst,Fixed-term,2025-05-01,Project Atlas,Non-Billable,73.6
EMP00087,Analyst,Contractor,2025-05-01,Project Atlas,Non-Billable,76.7
EMP00091,Senior Analyst,Permanent,2025-05-01,Project Nova,Non-Billable,118.1
EMP00073,Intern,Part-time,2025-05-01,Project Horizon,Billable,27.7
EMP00091,Senior Analyst,Permanent,2025-05-01,Project Nova,Billable,51.7
EMP00108,Junior,Permanent,2025-05-01,Project Titan,Non-Billable,76.2
EMP00041,Intern,Permanent,2025-05-01,Project Vega,Non-Billable,162.3
EMP00176,Senior Manager,Freelancer,2025-05-01,Project Nova,Billable,34.9
EMP00144,Intern,Freelancer,2025-05-01,Project Nimbus,Annual Leave,33.0
EMP00124,Analyst,Permanent,2025-05-01,Project Atlas,Billable,87.4
EMP00100,Junior,Freelancer,2025-05-01,Project Titan,Non-Billable,92.5
EMP00186,Junior,Part-time,2025-05-01,Project Orion,Non-Billable,98.8
EMP00330,Senior Analyst,Part-time,2025-05-01,Project Nimbus,Billable,25.6
EMP00314,Senior Analyst,Permanent,2025-05-01,Project Atlas,Non-Billable,131.8
EMP00283,Director,Fixed-term,2025-05-01,Project Aurora,Billable,53.3
EMP00171,Analyst,Permanent,2025-05-01,Project Zenith,Non-Billable,82.1
EMP00300,Analyst,Fixed-term,2025-05-01,Project Nimbus,Billable,75.6
EMP00282,Analyst,Fixed-term,2025-05-01,Project Aurora,Annual Leave,22.4
EMP00238,Intern,Permanent,2025-05-01,Project Nova,Non-Billable,89.0
EMP00049,Senior Manager,Fixed-term,2025-05-01,Project Vega,Annual Leave,33.1
EMP00246,Manager,Part-time,2025-05-01,Project Zenith,Non-Billable,25.8
EMP00176,Senior Manager,Freelancer,2025-05-01,Project Nova,Annual Leave,19.7
EMP00095,Junior,Fixed-term,2025-05-01,Project Vega,Billable,61.7
EMP00309,Manager,Permanent,2025-05-01,Project Nova,Annual Leave,36.8
EMP00012,Analyst,Fixed-term,2025-05-01,Project Nimbus,Non-Billable,86.3
EMP00229,Intern,Contractor,2025-05-01,Project Aurora,Non-Billable,144.4
EMP00062,Senior Analyst,Permanent,2025-05-01,Project Nova,Billable,58.7
EMP00131,Junior,Contractor,2025-05-01,Project Orion,Non-Billable,68.3
EMP00144,Intern,Freelancer,2025-05-01,Project Nimbus,Non-Billable,68.2
EMP00030,Manager,Permanent,2025-05-01,Project Aurora,Non-Billable,94.9
EMP00169,Analyst,Fixed-term,2025-05-01,Project Falcon,Non-Billable,72.9
EMP00063,Junior,Permanent,2025-05-01,Project Falcon,Non-Billable,83.4
EMP00267,Intern,Freelancer,2025-05-01,Project Atlas,Billable,56.2
EMP00017,Analyst,Permanent,2025-05-01,Project Atlas,Non-Billable,165.6
EMP00150,Senior Manager,Fixed-term,2025-05-01,Project Atlas,Non-Billable,83.0
EMP00074,Junior,Permanent,2025-05-01,Project Horizon,Non-Billable,86.2
EMP00018,Manager,Fixed-term,2025-05-01,Project Horizon,Billable,71.1
EMP00129,Analyst,Permanent,2025-05-01,Project Atlas,Non-Billable,117.3
EMP00040,Senior Analyst,Permanent,2025-05-01,Project Zenith,Non-Billable,98.7
EMP00196,Analyst,Part-time,2025-05-01,Project Orion,Billable,48.8
EMP00208,Analyst,Permanent,2025-05-01,Project Nimbus,Non-Billable,86.8
EMP00294,Senior Manager,Permanent,2025-05-01,Project Nova,Billable,129.5
EMP00185,Junior,Part-time,2025-05-01,Project Horizon,Non-Billable,51.8
EMP00265,Intern,Permanent,2025-05-01,Project Zenith,Billable,40.9
EMP00188,Analyst,Fixed-term,2025-05-01,Project Orion,Annual Leave,8.5
EMP00102,Analyst,Contractor,2025-05-01,Project Vega,Billable,46.8
EMP00179,Analyst,Part-time,2025-05-01,Project Nimbus,Billable,53.5
EMP00319,Analyst,Permanent,2025-05-01,Project Titan,Non-Billable,142.2
EMP00093,Analyst,Fixed-term,2025-05-01,Project Orion,Non-Billable,108.2
EMP00081,Manager,Fixed-term,2025-05-01,Project Aurora,Non-Billable,70.9
EMP00107,Senior Analyst,Contractor,2025-05-01,Project Zenith,Non-Billable,85.0
EMP00027,Senior Analyst,Permanent,2025-05-01,Project Titan,Non-Billable,96.0
EMP00286,Analyst,Fixed-term,2025-05-01,Project Nimbus,Billable,79.2
EMP00040,Senior Analyst,Permanent,2025-05-01,Project Zenith,Annual Leave,29.0
EMP00219,Junior,Part-time,2025-05-01,Project Falcon,Non-Billable,104.9
EMP00004,Manager,Permanent,2025-05-01,Project Nimbus,Non-Billable,117.4
EMP00154,Junior,Part-time,2025-05-01,Project Nimbus,Non-Billable,51.3
EMP00312,Analyst,Fixed-term,2025-05-01,Project Atlas,Billable,144.9
EMP00094,Senior Analyst,Contractor,2025-05-01,Project Vega,Annual Leave,35.5
EMP00270,Senior Analyst,Contractor,2025-05-01,Project Nimbus,Non-Billable,65.7
EMP00131,Junior,Contractor,2025-05-01,Project Orion,Billable,69.7
EMP00033,Director,Fixed-term,2025-05-01,Project Horizon,Billable,62.1
EMP00005,Intern,Permanent,2025-05-01,Project Zenith,Non-Billable,116.4
EMP00188,Analyst,Fixed-term,2025-05-01,Project Orion,Non-Billable,88.4
EMP00042,Junior,Permanent,2025-05-01,Project Zenith,Billable,88.9
EMP00076,Intern,Permanent,2025-05-01,Project Titan,Billable,79.3
EMP00118,Senior Analyst,Fixed-term,2025-05-01,Project Atlas,Billable,57.8
EMP00281,Analyst,Permanent,2025-05-01,Project Falcon,Non-Billable,114.7
EMP00280,Manager,Permanent,2025-05-01,Project Orion,Non-Billable,167.1
EMP00165,Executive,Permanent,2025-05-01,Project Orion,Annual Leave,14.4
EMP00251,Director,Fixed-term,2025-05-01,Project Falcon,Non-Billable,76.5
EMP00168,Junior,Permanent,2025-05-01,Project Atlas,Non-Billable,146.2
EMP00063,Junior,Permanent,2025-05-01,Project Falcon,Billable,67.0
EMP00233,Junior,Permanent,2025-05-01,Project Orion,Non-Billable,112.4
EMP00062,Senior Analyst,Permanent,2025-05-01,Project Nova,Non-Billable,113.2
EMP00184,Junior,Permanent,2025-05-01,Project Falcon,Billable,68.8
EMP00204,Junior,Permanent,2025-05-01,Project Zenith,Non-Billable,83.5
EMP00281,Analyst,Permanent,2025-05-01,Project Falcon,Billable,64.8
EMP00250,Senior Manager,Fixed-term,2025-05-01,Project Zenith,Billable,97.6
EMP00208,Analyst,Permanent,2025-05-01,Project Nimbus,Billable,67.3
EMP00129,Analyst,Permanent,2025-05-01,Project Atlas,Billable,41.7
EMP00161,Intern,Contractor,2025-05-01,Project Nova,Non-Billable,76.2
EMP00245,Senior Analyst,Fixed-term,2025-05-01,Project Falcon,Billable,140.0
EMP00052,Analyst,Freelancer,2025-05-01,Project Falcon,Non-Billable,61.5
EMP00336,Manager,Freelancer,2025-05-01,Project Titan,Annual Leave,12.8
EMP00255,Analyst,Freelancer,2025-05-01,Project Nova,Non-Billable,87.8
EMP00164,Junior,Contractor,2025-05-01,Project Nova,Annual Leave,18.2
EMP00226,Senior Analyst,Part-time,2025-05-01,Project Vega,Billable,30.1
EMP00116,Manager,Fixed-term,2025-05-01,Project Zenith,Billable,94.0
EMP00009,Manager,Freelancer,2025-05-01,Project Nova,Billable,82.4
EMP00085,Junior,Permanent,2025-05-01,Project Horizon,Non-Billable,93.6
EMP00329,Analyst,Permanent,2025-05-01,Project Falcon,Non-Billable,95.9
EMP00031,Manager,Contractor,2025-05-01,Project Nimbus,Annual Leave,22.4
EMP00161,Intern,Contractor,2025-05-01,Project Nova,Billable,54.4
EMP00108,Junior,Permanent,2025-05-01,Project Titan,Annual Leave,21.0
EMP00212,Junior,Fixed-term,2025-05-01,Project Vega,Non-Billable,106.5
EMP00032,Manager,Contractor,2025-05-01,Project Atlas,Non-Billable,129.9
EMP00290,Analyst,Permanent,2025-05-01,Project Nimbus,Non-Billable,146.8
EMP00287,Senior Analyst,Contractor,2025-05-01,Project Aurora,Billable,60.2
EMP00110,Junior,Part-time,2025-05-01,Project Horizon,Annual Leave,31.8
EMP00066,Senior Analyst,Permanent,2025-05-01,Project Falcon,Non-Billable,120.8
EMP00201,Analyst,Permanent,2025-05-01,Project Falcon,Non-Billable,127.5
EMP00087,Analyst,Contractor,2025-05-01,Project Atlas,Annual Leave,27.3
EMP00240,Senior Analyst,Permanent,2025-05-01,Project Titan,Non-Billable,57.6
EMP00311,Analyst,Permanent,2025-05-01,Project Nimbus,Annual Leave,23.3
EMP00024,Intern,Freelancer,2025-05-01,Project Zenith,Non-Billable,51.7
EMP00026,Analyst,Permanent,2025-05-01,Project Nimbus,Non-Billable,125.9
EMP00141,Junior,Fixed-term,2025-05-01,Project Aurora,Annual Leave,16.1
EMP00244,Senior Analyst,Permanent,2025-05-01,Project Nimbus,Billable,129.2
EMP00009,Manager,Freelancer,2025-05-01,PROJECT NOVA,Non-Billable,36.7
EMP00287,Senior Analyst,Contractor,2025-05-01,Project Aurora,Non-Billable,88.6
EMP00167,Junior,Permanent,2025-05-01,Project Nimbus,Non-Billable,159.1
EMP00171,Analyst,Permanent,2025-05-01,Project Zenith,Billable,73.7
EMP00126,Senior Manager,Part-time,2025-05-01,Project Vega,Billable,38.6
EMP00109,Manager,Permanent,2025-05-01,Project Nimbus,Non-Billable,85.1
EMP00218,Analyst,Fixed-term,2025-05-01,Project Nimbus,Non-Billable,104.1
EMP00295,Junior,Part-time,2025-05-01,Project Zenith,Non-Billable,68.1
EMP00175,Manager,Permanent,2025-05-01,Project Atlas,Non-Billable,92.5
EMP00265,Intern,Permanent,2025-05-01,Project Zenith,Non-Billable,110.3
EMP00214,Senior Analyst,Freelancer,2025-05-01,Project Orion,Non-Billable,92.0
EMP00307,Analyst,Part-time,2025-05-01,Project Horizon,Billable,17.7
EMP00148,Junior,Permanent,2025-05-01,Project Nova,Billable,84.3
EMP00320,Junior,Part-time,2025-05-01,Project Aurora,Billable,43.9
EMP00272,Senior Analyst,Contractor,2025-05-01,Project Zenith,Annual Leave,27.5
EMP00194,Analyst,Freelancer,2025-05-01,Project Vega,Billable,47.8
EMP00282,Analyst,Fixed-term,2025-05-01,Project Aurora,Billable,56.2
EMP00061,Analyst,Permanent,2025-05-01,Project Horizon,Annual Leave,31.6
EMP00083,Intern,Permanent,2025-05-01,Project Nimbus,Non-Billable,95.1
EMP00327,Intern,Fixed-term,2025-05-01,Project Aurora,Non-Billable,42.3
EMP00152,Executive,Part-time,2025-05-01,Project Titan,Non-Billable,35.1
EMP00126,Senior Manager,Part-time,2025-05-01,Project Vega,Annual Leave,26.0
EMP00143,Analyst,Permanent,2025-05-01,Project Orion,Non-Billable,124.3
EMP00064,Senior Analyst,Permanent,2025-05-01,Project Nimbus,Non-Billable,33.6
EMP00044,Director,Permanent,2025-05-01,Project Orion,Non-Billable,94.6
EMP00016,Junior,Permanent,2025-05-01,Project Horizon,Billable,79.4
EMP00200,Senior Manager,Fixed-term,2025-05-01,Project Vega,Non-Billable,114.0
EMP00256,Manager,Part-time,2025-05-01,Project Atlas,Non-Billable,91.1
EMP00279,Analyst,Permanent,2025-05-01,Project Orion,Non-Billable,104.7
EMP00335,Senior Analyst,Permanent,2025-05-01,Project Falcon,Non-Billable,93.5
EMP00293,Manager,Fixed-term,2025-05-01,Project Aurora,Billable,67.0
EMP00039,Analyst,Permanent,2025-05-01,Project Atlas,Annual Leave,18.7
EMP00227,Junior,Fixed-term,2025-05-01,Project Atlas,Non-Billable,95.2
EMP00272,Senior Analyst,Contractor,2025-05-01,Project Zenith,Non-Billable,64.6
EMP00233,Junior,Permanent,2025-05-01,Project  Orion,Billable,40.6
EMP00294,Senior Manager,Permanent,2025-05-01,Project Nova,Non-Billable,40.8
EMP00269,Intern,Fixed-term,2025-05-01,Project Nimbus,Billable,71.4
EMP00143,Analyst,Permanent,2025-05-01,Project Orion,Billable,32.5
EMP00076,Intern,Permanent,2025-05-01,Project Titan,Non-Billable,105.6
EMP00279,Analyst,Permanent,2025-05-01,Project Orion,Billable,56.1
EMP00318,Junior,Contractor,2025-05-01,Project Nimbus,Non-Billable,150.2
EMP00052,Analyst,Freelancer,2025-05-01,Project Falcon,Billable,69.4
EMP00244,Senior Analyst,Permanent,2025-05-01,Project Nimbus,Non-Billable,38.5
EMP00007,Junior,Permanent,2025-05-01,Project Vega,Non-Billable,159.2
EMP00155,Junior,Permanent,2025-05-01,Project Vega,Non-Billable,79.8
EMP00315,Director,Permanent,2025-05-01,Project Horizon,Billable,65.2
EMP00043,Intern,Contractor,2025-05-01,Project Falcon,Non-Billable,60.7
EMP00224,Senior Manager,Fixed-term,2025-05-01,Project Falcon,Non-Billable,161.5
EMP00074,Junior,Permanent,2025-05-01,Project Horizon,Billable,70.7
EMP00227,Junior,Fixed-term,2025-05-01,Project Atlas,Billable,66.3
EMP00024,Intern,Freelancer,2025-05-01,Project Zenith,Billable,85.6
EMP00302,Junior,Fixed-term,2025-05-01,Project Zenith,Non-Billable,160.0
EMP00094,Senior Analyst,Contractor,2025-05-01,Project Vega,Non-Billable,59.6
EMP00119,Senior Analyst,Part-time,2025-05-01,Project Horizon,Billable,24.6
EMP00185,Junior,Part-time,2025-05-01,Project Horizon,Billable,40.8
EMP00082,Analyst,Permanent,2025-05-01,Project Nimbus,Non-Billable,168.7
EMP00128,Manager,Fixed-term,2025-05-01,Project Vega,Non-Billable,99.2
EMP00300,Analyst,Fixed-term,2025-05-01,Project Nimbus,Non-Billable,97.4
EMP00206,Senior Analyst,Part-time,2025-05-01,Project Nimbus,Billable,36.6
EMP00042,Junior,Permanent,2025-05-01,Project Zenith,Non-Billable,46.4
EMP00266,Manager,Fixed-term,2025-05-01,Project Orion,Non-Billable,89.4
EMP00308,Senior Analyst,Part-time,2025-05-01,Project Orion,Billable,23.4
EMP00102,Analyst,Contractor,2025-05-01,Project Vega,Non-Billable,106.9
EMP00235,Analyst,Fixed-term,2025-05-01,Project Falcon,Billable,47.4
EMP00158,Senior Analyst,Fixed-term,2025-05-01,Project Atlas,Non-Billable,167.7
EMP00134,Analyst,Permanent,2025-05-01,Project Orion,Annual Leave,23.0
EMP00020,Senior Manager,Permanent,2025-05-01,Project Horizon,Billable,70.6
EMP00149,Senior Analyst,Permanent,2025-05-01,Project Falcon,Non-Billable,171.2
EMP00116,Manager,Fixed-term,2025-05-01,Project Zenith,Non-Billable,76.0
EMP00048,Intern,Permanent,2025-05-01,Project Atlas,Non-Billable,87.7
EMP00231,Intern,Fixed-term,2025-05-01,Project Atlas,Annual Leave,27.2
EMP00308,Senior Analyst,Part-time,2025-05-01,Project Orion,Non-Billable,73.0
EMP00289,Junior,Fixed-term,2025-05-01,Project Nova,Non-Billable,143.4
EMP00168,Junior,Permanent,2025-05-01,Project Atlas,Annual Leave,25.8
EMP00006,Analyst,Contractor,2025-05-01,Project Zenith,Non-Billable,87.5
EMP00243,Senior Analyst,Contractor,2025-05-01,Project Aurora,Billable,36.1
EMP00090,Director,Permanent,2025-05-01,Project Nova,Non-Billable,99.0
EMP00028,Analyst,Permanent,2025-05-01,Project Vega,Annual Leave,14.2
EMP00231,Intern,Fixed-term,2025-05-01,Project Atlas,Billable,41.5
EMP00086,Senior Analyst,Part-time,2025-05-01,Project Falcon,Non-Billable,73.7
EMP00126,Senior Manager,Part-time,2025-05-01,Project Vega,Non-Billable,36.5
EMP00305,Junior,Permanent,2025-05-01,Project Nova,Non-Billable,176.4
EMP00133,Analyst,Freelancer,2025-05-01,Project Zenith,Non-Billable,80.7
EMP00105,Junior,Permanent,2025-05-01,Project Aurora,Billable,43.8
EMP00234,Analyst,Permanent,2025-05-01,Project Vega,Non-Billable,119.7
EMP00120,Senior Analyst,Permanent,2025-05-01,Project Titan,Billable,65.8
EMP00043,Intern,Contractor,2025-05-01,Project Falcon,Annual Leave,28.8
EMP00212,Junior,Fixed-term,2025-05-01,Project Vega,Billable,58.7
EMP00248,Analyst,Contractor,2025-05-01,Project Nova,Non-Billable,77.9
EMP00326,Manager,Permanent,2025-05-01,Project Falcon,Annual Leave,36.9
EMP00172,Senior Analyst,Part-time,2025-05-01,Project Zenith,Non-Billable,86.9
EMP00335,Senior Analyst,Permanent,2025-05-01,Project Falcon,Billable,78.3
EMP00056,Analyst,Permanent,2025-05-01,Project Aurora,Non-Billable,96.7
EMP00073,Intern,Part-time,2025-05-01,Project Horizon,Non-Billable,47.2
EMP00268,Senior Analyst,Permanent,2025-05-01,Project Horizon,Billable,49.2
EMP00336,Manager,Freelancer,2025-05-01,Project Titan,Non-Billable,84.8
EMP00272,Senior Analyst,Contractor,2025-05-01,Project Zenith,Billable,62.6
EMP00061,Analyst,Permanent,2025-05-01,Project Horizon,Non-Billable,61.8
EMP00177,Analyst,Contractor,2025-05-01,Project Falcon,Billable,68.5
EMP00304,Senior Manager,Permanent,2025-05-01,Project Horizon,Non-Billable,106.0
EMP00313,Intern,Fixed-term,2025-05-01,Project Titan,Billable,107.2
EMP00150,Senior Manager,Fixed-term,2025-05-01,Project Atlas,Billable,78.1
EMP00174,Intern,Permanent,2025-05-01,Project Aurora,Non-Billable,92.2
EMP00263,Analyst,Part-time,2025-05-01,Project Zenith,Non-Billable,67.1
EMP00240,Senior Analyst,Permanent,2025-05-01,Project Titan,Billable,124.2
EMP00204,Junior,Permanent,2025-05-01,Project Zenith,Billable,82.0
EMP00019,Senior Analyst,Permanent,2025-05-01,Project Zenith,Billable,73.8
EMP00042,Junior,Permanent,2025-05-01,Project Zenith,Annual Leave,15.4
EMP00080,Analyst,Part-time,2025-05-01,Project Nova,Billable,71.9
EMP00328,Analyst,Permanent,2025-05-01,Project Falcon,Non-Billable,84.3
EMP00283,Director,Fixed-term,2025-05-01,Project Aurora,Non-Billable,73.2
EMP00164,Junior,Contractor,2025-05-01,Project Nova,Non-Billable,135.5
EMP00198,Senior Manager,Freelancer,2025-05-01,Project Atlas,Non-Billable,119.3
EMP00154,Junior,Part-time,2025-05-01,Project Nimbus,Billable,47.1
EMP00238,Intern,Permanent,2025-05-01,Project Nova,Billable,89.5
EMP00075,Analyst,Permanent,2025-05-01,Project Atlas,Non-Billable,164.3
EMP00016,Junior,Permanent,2025-05-01,Project Horizon,Non-Billable,91.6
EMP00018,Manager,Fixed-term,2025-05-01,Project Horizon,Non-Billable,92.1
EMP00115,Junior,Permanent,2025-05-01,Project Vega,Non-Billable,125.3
EMP00327,Intern,Fixed-term,2025-05-01,Project Aurora,Billable,129.4
EMP00289,Junior,Fixed-term,2025-05-01,Project Nova,Annual Leave,39.6
EMP00258,Senior Manager,Permanent,2025-05-01,Project Vega,Billable,83.4
EMP00241,Analyst,Permanent,2025-05-01,Project Titan,Non-Billable,104.3
EMP00050,Manager,Freelancer,2025-05-01,Project Vega,Non-Billable,126.6
EMP00263,Analyst,Part-time,2025-05-01,Project Zenith,Billable,30.9
EMP00299,Senior Analyst,Fixed-term,2025-05-01,Project Nova,Billable,43.7
EMP00070,Junior,Permanent,2025-05-01,Project Nimbus,Non-Billable,96.1
EMP00035,Manager,Permanent,2025-05-01,Project Aurora,Billable,81.6
EMP00131,Junior,Contractor,2025-06-01,Project Orion,Annual Leave,36.9
EMP00013,Analyst,Part-time,2025-06-01,Project Atlas,Non-Billable,42.5
EMP00048,Intern,Permanent,2025-06-01,Project Atlas,Non-Billable,68.6
EMP00082,Analyst,Permanent,2025-06-01,Project Nimbus,Non-Billable,167.8
EMP00085,Junior,Permanent,2025-06-01,Project Horizon,Billable,58.5
EMP00173,Manager,Freelancer,2025-06-01,Project Aurora,Non-Billable,109.3
EMP00151,Analyst,Fixed-term,2025-06-01,Project Vega,Non-Billable,69.3
EMP00103,Director,Fixed-term,2025-06-01,Project Nova,Non-Billable,25.7
EMP00009,Manager,Freelancer,2025-06-01,Project Nova,Annual Leave,39.2
EMP00037,Analyst,Fixed-term,2025-06-01,Project Orion,Non-Billable,129.4
EMP00143,Analyst,Permanent,2025-06-01,Project Orion,Non-Billable,111.3
EMP00127,Analyst,Freelancer,2025-06-01,Project Nova,Non-Billable,70.6
EMP00282,Analyst,Fixed-term,2025-06-01,Project Aurora,Billable,72.7
EMP00298,Junior,Freelancer,2025-06-01,Project Atlas,Annual Leave,8.6
EMP00154,Junior,Part-time,2025-06-01,Project Nimbus,Non-Billable,52.8
EMP00104,Junior,Permanent,2025-06-01,Project Falcon,Billable,63.5
EMP00331,Senior Analyst,Permanent,2025-06-01,Project Aurora,Annual Leave,27.0
EMP00336,Manager,Freelancer,2025-06-01,Project Titan,Billable,41.2
EMP00225,Senior Analyst,Permanent,2025-06-01,Project Vega,Non-Billable,85.9
EMP00227,Junior,Fixed-term,2025-06-01,Project Atlas,Billable,71.0
EMP00310,Senior Analyst,Fixed-term,2025-06-01,Project Atlas,Non-Billable,169.9
EMP00042,Junior,Permanent,2025-06-01,Project Zenith,Billable,112.1
EMP00061,Analyst,Permanent,2025-06-01,Project Horizon,Billable,80.7
EMP00085,Junior,Permanent,2025-06-01,Project Horizon,Non-Billable,92.6
EMP00005,Intern,Permanent,2025-06-01,Project Zenith,Non-Billable,102.5
EMP00165,Executive,Permanent,2025-06-01,Project Orion,Non-Billable,98.0
EMP00262,Analyst,Permanent,2025-06-01,Project Vega,Non-Billable,182.3
EMP00273,Junior,Fixed-term,2025-06-01,Project Falcon,Non-Billable,40.1
EMP00093,Analyst,Fixed-term,2025-06-01,,Non-Billable,95.9
EMP00255,Analyst,Freelancer,2025-06-01,Project Nova,Non-Billable,67.7
EMP00093,Analyst,Fixed-term,2025-06-01,Project Orion,Billable,58.2
EMP00234,Analyst,Permanent,2025-06-01,Project Vega,Non-Billable,127.8
EMP00223,Senior Manager,Permanent,2025-06-01,Project Titan,Billable,103.8
EMP00004,Manager,Permanent,2025-06-01,Project Nimbus,Billable,49.6
EMP00152,Executive,Part-time,2025-06-01,Project Titan,Billable,76.2
EMP00322,Senior Analyst,Part-time,2025-06-01,Project Vega,Billable,35.6
EMP00117,Intern,Fixed-term,2025-06-01,Project Horizon,Billable,54.3
EMP00095,Junior,Fixed-term,2025-06-01,Project Vega,Non-Billable,72.4
EMP00120,Senior Analyst,Permanent,2025-06-01,Project Titan,Billable,74.1
EMP00266,Manager,Fixed-term,2025-06-01,Project Orion,Non-Billable,118.9
EMP00328,Analyst,Permanent,2025-06-01,Project Falcon,Billable,84.3
EMP00057,Intern,Part-time,2025-06-01,Project Nova,Non-Billable,91.4
EMP00328,Analyst,Permanent,2025-06-01,Project Falcon,Non-Billable,84.5
EMP00191,Intern,Freelancer,2025-06-01,Project Orion,Billable,52.6
EMP00025,Senior Analyst,Contractor,2025-06-01,Project Titan,Billable,58.9
EMP00117,Intern,Fixed-term,2025-06-01,Project Horizon,Non-Billable,111.2
EMP00184,Junior,Permanent,2025-06-01,Project Falcon,Non-Billable,99.1
EMP00114,Junior,Part-time,2025-06-01,Project Vega,Non-Billable,96.9
EMP00088,Analyst,Contractor,2025-06-01,Project Nova,Non-Billable,155.2
EMP00019,Senior Analyst,Permanent,2025-06-01,Project Zenith,Non-Billable,92.4
EMP00270,Senior Analyst,Contractor,2025-06-01,Project Nimbus,Billable,68.6
EMP00098,Intern,Fixed-term,2025-06-01,Project Atlas,Non-Billable,32.7
EMP00012,Analyst,Fixed-term,2025-06-01,Project  Nimbus,Annual Leave,17.6
EMP00121,Senior Analyst,Contractor,2025-06-01,Project Nimbus,Annual Leave,26.6
EMP00153,Analyst,Part-time,2025-06-01,Project Zenith,Billable,19.5
EMP00148,Junior,Permanent,2025-06-01,Project Nova,Non-Billable,81.7
EMP00185,Junior,Part-time,2025-06-01,Project Horizon,Non-Billable,47.3
EMP00103,Director,Fixed-term,2025-06-01,Project Nova,Annual Leave,20.2
EMP00091,Senior Analyst,Permanent,2025-06-01,Project Nova,Non-Billable,124.9
EMP00250,Senior Manager,Fixed-term,2025-06-01,Project Zenith,Non-Billable,99.1
EMP00308,Senior Analyst,Part-time,2025-06-01,Project Orion,Non-Billable,40.3
EMP00160,Junior,Contractor,2025-06-01,Project Atlas,Non-Billable,18.7
EMP00248,Analyst,Contractor,2025-06-01,Project Nova,Non-Billable,59.5
EMP00045,Analyst,Fixed-term,2025-06-01,Project Atlas,Annual Leave,24.2
EMP00004,Manager,Permanent,2025-06-01,Project Nimbus,Non-Billable,110.9
EMP00073,Intern,Part-time,2025-06-01,Project Horizon,Billable,37.7
EMP00319,Analyst,Permanent,2025-06-01,Project Titan,Non-Billable,173.4
EMP00279,Analyst,Permanent,2025-06-01,Project Orion,Billable,53.1
EMP00309,Manager,Permanent,2025-06-01,Project Nova,Non-Billable,160.6
EMP00214,Senior Analyst,Freelancer,2025-06-01,Project Orion,Billable,31.8
EMP00275,Junior,Part-time,2025-06-01,Project Atlas,Non-Billable,69.0
EMP00124,Analyst,Permanent,2025-06-01,Project Atlas,Billable,86.3
EMP00045,Analyst,Fixed-term,2025-06-01,Project Atlas,Billable,76.6
EMP00279,Analyst,Permanent,2025-06-01,Project Orion,Non-Billable,81.5
EMP00204,Junior,Permanent,2025-06-01,Project Zenith,Billable,86.0
EMP00105,Junior,Permanent,2025-06-01,Project Aurora,Billable,47.2
EMP00112,Intern,Permanent,2025-06-01,Project Titan,Annual Leave,21.3
EMP00135,Senior Analyst,Fixed-term,2025-06-01,Project Horizon,Billable,81.1
EMP00144,Intern,Freelancer,2025-06-01,Project Nimbus,Billable,33.9
EMP00235,Analyst,Fixed-term,2025-06-01,Project Falcon,Billable,46.6
EMP00335,Senior Analyst,Permanent,2025-06-01,Project Falcon,Non-Billable,104.0
EMP00301,Analyst,Freelancer,2025-06-01,Project Vega,Billable,60.6
EMP00266,Manager,Fixed-term,2025-06-01,Project Orion,Billable,69.1
EMP00218,Analyst,Fixed-term,2025-06-01,Project Nimbus,Annual Leave,36.6
EMP00108,Junior,Permanent,2025-06-01,Project Titan,Billable,69.1
EMP00245,Senior Analyst,Fixed-term,2025-06-01,Project Falcon,Billable,101.2
EMP00336,Manager,Freelancer,2025-06-01,Project Titan,Non-Billable,90.7
EMP00256,Manager,Part-time,2025-06-01,Project Atlas,Non-Billable,96.7
EMP00066,Senior Analyst,Permanent,2025-06-01,Project Falcon,Non-Billable,94.2
EMP00077,Senior Analyst,Fixed-term,2025-06-01,Project Horizon,Non-Billable,167.0
EMP00031,Manager,Contractor,2025-06-01,Project Nimbus,Billable,70.0
EMP00271,Senior Analyst,Permanent,2025-06-01,Project Aurora,Non-Billable,141.1
EMP00112,Intern,Permanent,2025-06-01,Project Titan,Non-Billable,113.8
EMP00333,Analyst,Permanent,2025-06-01,Project Zenith,Non-Billable,180.2
EMP00242,Intern,Permanent,2025-06-01,Project Nova,Non-Billable,76.1
EMP00109,Manager,Permanent,2025-06-01,Project Nimbus,Billable,62.2
EMP00009,Manager,Freelancer,2025-06-01,Project Nova,Billable,72.4
EMP00165,Executive,Permanent,2025-06-01,Project Orion,Billable,72.4
EMP00274,Junior,Freelancer,2025-06-01,Project Titan,Billable,54.8
EMP00129,Analyst,Permanent,2025-06-01,Project Atlas,Billable,52.3
EMP00043,Intern,Contractor,2025-06-01,Project Falcon,Annual Leave,22.6
EMP00159,Junior,Permanent,2025-06-01,Project Vega,Non-Billable,129.1
EMP00269,Intern,Fixed-term,2025-06-01,Project Nimbus,Billable,65.7
EMP00095,Junior,Fixed-term,2025-06-01,Project Vega,Billable,48.5
EMP00307,Analyst,Part-time,2025-06-01,Project Horizon,Billable,23.2
EMP00029,Manager,Permanent,2025-06-01,Project Nimbus,Billable,51.1
EMP00140,Intern,Permanent,2025-06-01,Project Aurora,Billable,93.8
EMP00032,Manager,Contractor,2025-06-01,Project Atlas,Non-Billable,153.3
EMP00271,Senior Analyst,Permanent,2025-06-01,Project Aurora,Annual Leave,17.7
EMP00068,Junior,Freelancer,2025-06-01,Project Vega,Billable,34.2
EMP00146,Analyst,Permanent,2025-06-01,Project Aurora,Billable,116.0
EMP00095,Junior,Fixed-term,2025-06-01,Project Vega,Annual Leave,29.5
EMP00148,Junior,Permanent,2025-06-01,Project Nova,Billable,85.8
EMP00173,Manager,Freelancer,2025-06-01,Project Aurora,Annual Leave,29.1
EMP00142,Analyst,Permanent,2025-06-01,Project Falcon,Non-Billable,72.4
EMP00066,Senior Analyst,Permanent,2025-06-01,Project Falcon,Billable,39.2
EMP00301,Analyst,Freelancer,2025-06-01,Project Vega,Non-Billable,83.4
EMP00326,Manager,Permanent,2025-06-01,Project Falcon,Billable,68.0
EMP00044,Director,Permanent,2025-06-01,Project Orion,Non-Billable,90.0
EMP00080,Analyst,Part-time,2025-06-01,Project Nova,Billable,68.1
EMP00018,Manager,Fixed-term,2025-06-01,Project Horizon,Billable,76.6
EMP00277,Senior Analyst,Part-time,2025-06-01,Project Falcon,Annual Leave,35.1
EMP00229,Intern,Contractor,2025-06-01,Project Aurora,Non-Billable,155.2
EMP00027,Senior Analyst,Permanent,2025-06-01,Project Titan,Non-Billable,98.1
EMP00337,Senior Manager,Permanent,2025-06-01,Project Falcon,Annual Leave,39.4
EMP00251,Director,Fixed-term,2025-06-01,Project Falcon,Billable,82.4
EMP00227,Junior,Fixed-term,2025-06-01,Project Atlas,Non-Billable,96.4
EMP00056,Analyst,Permanent,2025-06-01,Project Aurora,Non-Billable,95.8
EMP00239,Analyst,Freelancer,2025-06-01,Project Vega,Annual Leave,9.4
EMP00201,Analyst,Permanent,2025-06-01,Project Falcon,Billable,58.8
EMP00040,Senior Analyst,Permanent,2025-06-01,Project Zenith,Non-Billable,122.8
EMP00247,Junior,Fixed-term,2025-06-01,Project Titan,Annual Leave,18.8
EMP00021,Senior Analyst,Fixed-term,2025-06-01,Project Horizon,Billable,112.2
EMP00090,Director,Permanent,2025-06-01,Project Nova,Billable,61.2
EMP00026,Analyst,Permanent,2025-06-01,Project Nimbus,Non-Billable,116.9
EMP00150,Senior Manager,Fixed-term,2025-06-01,Project Atlas,Billable,70.8
EMP00206,Senior Analyst,Part-time,2025-06-01,Project Nimbus,Billable,43.3
EMP00014,Senior Manager,Contractor,2025-06-01,Project Horizon,Billable,78.4
EMP00294,Senior Manager,Permanent,2025-06-01,Project Nova,Non-Billable,63.0
EMP00160,Junior,Contractor,2025-06-01,Project Atlas,Annual Leave,20.1
EMP00327,Intern,Fixed-term,2025-06-01,Project Aurora,Non-Billable,26.8
EMP00109,Manager,Permanent,2025-06-01,Project Nimbus,Non-Billable,106.3
EMP00284,Analyst,Permanent,2025-06-01,Project Falcon,Billable,101.3
EMP00152,Executive,Part-time,2025-06-01,Project Titan,Non-Billable,19.9
EMP00074,Junior,Permanent,2025-06-01,Project Horizon,Non-Billable,89.4
EMP00047,Senior Analyst,Part-time,2025-06-01,Project Zenith,Billable,24.2
EMP00064,Senior Analyst,Permanent,2025-06-01,Project Nimbus,Non-Billable,37.8
EMP00215,Junior,Contractor,2025-06-01,Project Zenith,Billable,59.4
EMP00245,Senior Analyst,Fixed-term,2025-06-01,Project Falcon,Non-Billable,61.8
EMP00144,Intern,Freelancer,2025-06-01,Project Nimbus,Non-Billable,93.9
EMP00277,Senior Analyst,Part-time,2025-06-01,Project Falcon,Non-Billable,56.5
EMP00059,Manager,Fixed-term,2025-06-01,Project Titan,Billable,45.1
EMP00124,Analyst,Permanent,2025-06-01,Project Atlas,Non-Billable,71.8
EMP00139,Intern,Permanent,2025-06-01,Project Titan,Non-Billable,160.4
EMP00131,Junior,Contractor,2025-06-01,Project Orion,Non-Billable,55.5
EMP00036,Senior Manager,Permanent,2025-06-01,Project Nimbus,Billable,76.3
EMP00248,Analyst,Contractor,2025-06-01,Project Nova,Annual Leave,32.4
EMP00314,Senior Analyst,Permanent,2025-06-01,Project Atlas,Billable,43.2
EMP00331,Senior Analyst,Permanent,2025-06-01,Project Aurora,Billable,32.0
EMP00194,Analyst,Freelancer,2025-06-01,Project Vega,Billable,52.6
EMP00187,Analyst,Permanent,2025-06-01,Project Orion,Annual Leave,34.0
EMP00287,Senior Analyst,Contractor,2025-06-01,Project Aurora,Billable,57.1
EMP00265,Intern,Permanent,2025-06-01,Project Zenith,Billable,49.6
EMP00269,Intern,Fixed-term,2025-06-01,Project Nimbus,Non-Billable,104.3
EMP00083,Intern,Permanent,2025-06-01,Project Nimbus,Non-Billable,97.3
EMP00011,Executive,Permanent,2025-06-01,Project Falcon,Billable,65.6
EMP00250,Senior Manager,Fixed-term,2025-06-01,Project Zenith,Billable,71.3
EMP00102,Analyst,Contractor,2025-06-01,Project Vega,Non-Billable,91.6
EMP00274,Junior,Freelancer,2025-06-01,Project Titan,Non-Billable,79.6
EMP00033,Director,Fixed-term,2025-06-01,Project Horizon,Non-Billable,102.1
EMP00338,Intern,Contractor,2025-06-01,Project Nova,Billable,57.6
EMP00075,Analyst,Permanent,2025-06-01,Project Atlas,Non-Billable,128.4
EMP00182,Analyst,Permanent,2025-06-01,Project Nimbus,Annual Leave,15.4
EMP00268,Senior Analyst,Permanent,2025-06-01,Project Horizon,Non-Billable,119.8
EMP00305,Junior,Permanent,2025-06-01,Project Nova,Non-Billable,153.9
EMP00035,Manager,Permanent,2025-06-01,Project Aurora,Billable,84.6
EMP00258,Senior Manager,Permanent,2025-06-01,Project Vega,Non-Billable,100.1
EMP00243,Senior Analyst,Contractor,2025-06-01,Project Aurora,Billable,35.2
EMP00252,Intern,Part-time,2025-06-01,Project Titan,Non-Billable,97.0
EMP00338,Intern,Contractor,2025-06-01,Project Nova,Non-Billable,85.5
EMP00240,Senior Analyst,Permanent,2025-06-01,Project Titan,Billable,115.7
EMP00130,Junior,Permanent,2025-06-01,Project Nova,Non-Billable,122.0
EMP00235,Analyst,Fixed-term,2025-06-01,Project Falcon,Non-Billable,120.4
EMP00179,Analyst,Part-time,2025-06-01,Project Nimbus,Non-Billable,34.2
EMP00029,Manager,Permanent,2025-06-01,Project Nimbus,Non-Billable,122.4
EMP00143,Analyst,Permanent,2025-06-01,Project Orion,Annual Leave,13.0
EMP00315,Director,Permanent,2025-06-01,Project Horizon,Non-Billable,103.1
EMP00073,Intern,Part-time,2025-06-01,Project Horizon,Non-Billable,58.7
EMP00100,Junior,Freelancer,2025-06-01,Project Titan,Non-Billable,129.0
EMP00126,Senior Manager,Part-time,2025-06-01,Project Vega,Annual Leave,39.1
EMP00305,Junior,Permanent,2025-06-01,Project Nova,Annual Leave,8.5
EMP00267,Intern,Freelancer,2025-06-01,Project Atlas,Non-Billable,68.5
EMP00111,Senior Analyst,Fixed-term,2025-06-01,Project Nova,Non-Billable,172.4
EMP00118,Senior Analyst,Fixed-term,2025-06-01,Project Atlas,Non-Billable,123.9
EMP00134,Analyst,Permanent,2025-06-01,Project Orion,Non-Billable,177.0
EMP00270,Senior Analyst,Contractor,2025-06-01,Project Nimbus,Non-Billable,76.5
EMP00065,Director,Fixed-term,2025-06-01,Project Aurora,Non-Billable,169.1
EMP00105,Junior,Permanent,2025-06-01,Project Aurora,Non-Billable,132.6
EMP00129,Analyst,Permanent,2025-06-01,Project Atlas,Non-Billable,122.0
EMP00084,Senior Manager,Contractor,2025-06-01,Project Falcon,Non-Billable,142.3
EMP00286,Analyst,Fixed-term,2025-06-01,Project Nimbus,Non-Billable,97.5
EMP00078,Analyst,Contractor,2025-06-01,Project Aurora,Non-Billable,94.2
EMP00107,Senior Analyst,Contractor,2025-06-01,Project Zenith,Billable,64.2
EMP00102,Analyst,Contractor,2025-06-01,Project Vega,Billable,44.9
EMP00013,Analyst,Part-time,2025-06-01,Project Atlas,Billable,54.0
EMP00081,Manager,Fixed-term,2025-06-01,Project Aurora,Non-Billable,74.6
EMP00131,Junior,Contractor,2025-06-01,Project Orion,Billable,60.4
EMP00042,Junior,Permanent,2025-06-01,Project Zenith,Non-Billable,48.8
EMP00154,Junior,Part-time,2025-06-01,Project Nimbus,Billable,37.6
EMP00051,Senior Analyst,Contractor,2025-06-01,Project Zenith,Non-Billable,43.8
EMP00153,Analyst,Part-time,2025-06-01,Project Zenith,Annual Leave,20.2
EMP00052,Analyst,Freelancer,2025-06-01,Project Falcon,Non-Billable,61.4
EMP00212,Junior,Fixed-term,2025-06-01,Project Vega,Non-Billable,91.9
EMP00244,Senior Analyst,Permanent,2025-06-01,Project Nimbus,Billable,110.5
EMP00191,Intern,Freelancer,2025-06-01,Project Orion,Non-Billable,79.7
EMP00051,Senior Analyst,Contractor,2025-06-01,Project Zenith,Billable,107.3
EMP00141,Junior,Fixed-term,2025-06-01,Project Aurora,Non-Billable,63.8
EMP00322,Senior Analyst,Part-time,2025-06-01,Project Vega,Non-Billable,67.6
EMP00021,Senior Analyst,Fixed-term,2025-06-01,Project Horizon,Non-Billable,49.6
EMP00329,Analyst,Permanent,2025-06-01,Project Falcon,Non-Billable,92.3
EMP00195,Junior,Permanent,2025-06-01,Project Titan,Billable,44.3
EMP00128,Manager,Fixed-term,2025-06-01,Project Vega,Billable,55.8
EMP00304,Senior Manager,Permanent,2025-06-01,Project Horizon,Non-Billable,109.4
EMP00141,Junior,Fixed-term,2025-06-01,Project Aurora,Billable,93.0
EMP00125,Senior Analyst,Fixed-term,2025-06-01,Project Titan,Non-Billable,111.6
EMP00196,Analyst,Part-time,2025-06-01,Project Orion,Billable,50.1
EMP00330,Senior Analyst,Part-time,2025-06-01, Project Nimbus,Non-Billable,65.8
EMP00083,Intern,Permanent,2025-06-01,Project Nimbus,Billable,63.9
EMP00101,Manager,Permanent,2025-06-01,Project Zenith,Non-Billable,154.9
EMP00046,Analyst,Fixed-term,2025-06-01,Project Orion,Non-Billable,90.9
EMP00145,Junior,Permanent,2025-06-01,Project Atlas,Non-Billable,128.3
EMP00043,Intern,Contractor,2025-06-01,Project Falcon,Billable,60.0
EMP00076,Intern,Permanent,2025-06-01,Project Titan,Non-Billable,73.5
EMP00086,Senior Analyst,Part-time,2025-06-01,Project Falcon,Billable,22.7
EMP00145,Junior,Permanent,2025-06-01,Project Atlas,Annual Leave,36.8
EMP00039,Analyst,Permanent,2025-06-01,Project Atlas,Non-Billable,170.1
EMP00247,Junior,Fixed-term,2025-06-01,Project Titan,Non-Billable,85.5
EMP00286,Analyst,Fixed-term,2025-06-01,Project Nimbus,Billable,76.8
EMP00161,Intern,Contractor,2025-06-01,Project Nova,Billable,61.9
EMP00062,Senior Analyst,Permanent,2025-06-01,Project Nova,Billable,51.0
EMP00037,Analyst,Fixed-term,2025-06-01,Project Orion,Billable,43.9
EMP00103,Director,Fixed-term,2025-06-01,Project Nova,Billable,128.9
EMP00260,Analyst,Contractor,2025-06-01,Project Nimbus,Non-Billable,100.1
EMP00005,Intern,Permanent,2025-06-01,Project Zenith,Billable,41.0
EMP00320,Junior,Part-time,2025-06-01,Project Aurora,Billable,41.3
EMP00119,Senior Analyst,Part-time,2025-06-01,Project Horizon,Annual Leave,12.5
EMP00194,Analyst,Freelancer,2025-06-01,Project Vega,Non-Billable,86.6
EMP00251,Director,Fixed-term,2025-06-01,Project Falcon,Non-Billable,67.4
EMP00249,Junior,Permanent,2025-06-01,Project Horizon,Non-Billable,124.9
EMP00136,Senior Analyst,Fixed-term,2025-06-01,Project Orion,Annual Leave,38.2
EMP00225,Senior Analyst,Permanent,2025-06-01,Project Vega,Billable,96.7
EMP00291,Analyst,Fixed-term,2025-06-01,Project Horizon,Billable,80.4
EMP00132,Junior,Fixed-term,2025-06-01,Project Nimbus,Non-Billable,176.8
EMP00217,Analyst,Permanent,2025-06-01,Project Falcon,Non-Billable,181.5
EMP00300,Analyst,Fixed-term,2025-06-01,Project Nimbus,Non-Billable,78.8
EMP00059,Manager,Fixed-term,2025-06-01,Project Titan,Non-Billable,120.8
EMP00076,Intern,Permanent,2025-06-01,Project Titan,Annual Leave,30.4
EMP00047,Senior Analyst,Part-time,2025-06-01,Project Zenith,Annual Leave,16.4
EMP00288,Junior,Permanent,2025-06-01,Project Zenith,Non-Billable,123.6
EMP00205,Manager,Permanent,2025-06-01,Project Atlas,Non-Billable,175.1
EMP00228,Manager,Part-time,2025-06-01,Project Nimbus,Billable,61.1
EMP00199,Junior,Fixed-term,2025-06-01,Project Titan,Non-Billable,117.4
EMP00041,Intern,Permanent,2025-06-01,Project Vega,Non-Billable,171.8
EMP00186,Junior,Part-time,2025-06-01,Project Orion,Annual Leave,12.0
EMP00130,Junior,Permanent,2025-06-01,Project Nova,Billable,51.8
EMP00027,Senior Analyst,Permanent,2025-06-01,Project Titan,Billable,70.3
EMP00218,Analyst,Fixed-term,2025-06-01,Project Nimbus,Billable,50.6
EMP00045,Analyst,Fixed-term,2025-06-01,Project Atlas,Non-Billable,66.5
EMP00176,Senior Manager,Freelancer,2025-06-01,,Paternity Leave,9.3
EMP00219,Junior,Part-time,2025-06-01,Project Falcon,Non-Billable,95.1
EMP00087,Analyst,Contractor,2025-06-01,Project Atlas,Billable,87.5
EMP00290,Analyst,Permanent,2025-06-01,Project Nimbus,Annual Leave,20.1
EMP00324,Junior,Permanent,2025-06-01,Project Falcon,Non-Billable,109.2
EMP00070,Junior,Permanent,2025-06-01,Project Nimbus,Non-Billable,90.6
EMP00204,Junior,Permanent,2025-06-01,Project Zenith,Non-Billable,95.7
EMP00064,Senior Analyst,Permanent,2025-06-01,Project Nimbus,Annual Leave,23.8
EMP00239,Analyst,Freelancer,2025-06-01,Project Vega,Non-Billable,41.7
EMP00075,Analyst,Permanent,2025-06-01,Project Atlas,Annual Leave,39.7
EMP00293,Manager,Fixed-term,2025-06-01,Project Aurora,Billable,73.1
EMP00155,Junior,Permanent,2025-06-01,Project Vega,Non-Billable,83.9
EMP00299,Senior Analyst,Fixed-term,2025-06-01,Project Nova,Non-Billable,131.5
EMP00314,Senior Analyst,Permanent,2025-06-01,Project Atlas,Non-Billable,130.0
EMP00047,Senior Analyst,Part-time,2025-06-01,Project Zenith,Non-Billable,59.4
EMP00064,Senior Analyst,Permanent,2025-06-01,Project Nimbus,Billable,98.6
EMP00268,Senior Analyst,Permanent,2025-06-01,Project Horizon,Billable,36.4
EMP00099,Analyst,Permanent,2025-06-01,Project Titan,Non-Billable,134.7
EMP00104,Junior,Permanent,2025-06-01,Project Falcon,Non-Billable,88.0
EMP00255,Analyst,Freelancer,2025-06-01,Project Nova,Billable,55.0
EMP00261,Analyst,Part-time,2025-06-01,Project Titan,Annual Leave,36.9
EMP00195,Junior,Permanent,2025-06-01,Project Titan,Non-Billable,114.7
EMP00106,Intern,Contractor,2025-06-01,Project Nova,Billable,60.1
EMP00138,Senior Analyst,Part-time,2025-06-01,Project Vega,Non-Billable,53.6
EMP00112,Intern,Permanent,2025-06-01,Project Titan,Billable,42.4
EMP00094,Senior Analyst,Contractor,2025-06-01,Project Vega,Billable,69.1
EMP00203,Analyst,Contractor,2025-06-01,Project Atlas,Non-Billable,143.7
EMP00078,Analyst,Contractor,2025-06-01,Project Aurora,Billable,60.3
EMP00133,Analyst,Freelancer,2025-06-01,Project Zenith,Non-Billable,98.6
EMP00324,Junior,Permanent,2025-06-01,Project Falcon,Annual Leave,25.7
EMP00153,Analyst,Part-time,2025-06-01,Project Zenith,Non-Billable,52.7
EMP00258,Senior Manager,Permanent,2025-06-01,Project Vega,Billable,77.2
EMP00035,Manager,Permanent,2025-06-01,Project Aurora,Non-Billable,90.6
EMP00216,Junior,Fixed-term,2025-06-01,Project Horizon,Non-Billable,173.9
EMP00232,Analyst,Permanent,2025-06-01,Project Falcon,Non-Billable,176.8
EMP00332,Senior Analyst,Permanent,2025-06-01,Project Falcon,Billable,84.9
EMP00302,Junior,Fixed-term,2025-06-01,Project Zenith,Non-Billable,147.1
EMP00226,Senior Analyst,Part-time,2025-06-01,Project Vega,Billable,23.4
EMP00267,Intern,Freelancer,2025-06-01,Project Atlas,Billable,71.0
EMP00163,Senior Analyst,Part-time,2025-06-01,Project Aurora,Non-Billable,98.0
EMP00149,Senior Analyst,Permanent,2025-06-01,Project Falcon,Annual Leave,18.0
EMP00177,Analyst,Contractor,2025-06-01,Project Falcon,Billable,71.9
EMP00237,Senior Manager,Fixed-term,2025-06-01,Project Falcon,Billable,44.9
EMP00121,Senior Analyst,Contractor,2025-06-01,Project Nimbus,Non-Billable,115.2
EMP00044,Director,Permanent,2025-06-01,Project Orion,Billable,82.3
EMP00058,Manager,Freelancer,2025-06-01,Project Zenith,Non-Billable,65.8
EMP00055,Senior Manager,Fixed-term,2025-06-01,Project Atlas,Billable,67.1
EMP00320,Junior,Part-time,2025-06-01,Project Aurora,Non-Billable,51.7
EMP00198,Senior Manager,Freelancer,2025-06-01,Project Atlas,Annual Leave,28.5
EMP00298,Junior,Freelancer,2025-06-01,Project Atlas,Billable,53.1
EMP00290,Analyst,Permanent,2025-06-01,Project Nimbus,Non-Billable,149.4
EMP00096,Senior Analyst,Contractor,2025-06-01,Project Zenith,Annual Leave,38.4
EMP00288,Junior,Permanent,2025-06-01,Project Zenith,Billable,47.5
EMP00020,Senior Manager,Permanent,2025-06-01,Project Horizon,Billable,80.7
EMP00202,Junior,Permanent,2025-06-01,Project Atlas,Billable,50.9
EMP00272,Senior Analyst,Contractor,2025-06-01,Project Zenith,Non-Billable,82.7
EMP00273,Junior,Fixed-term,2025-06-01,Project Falcon,Billable,123.7
EMP00284,Analyst,Permanent,2025-06-01,Project Falcon,Non-Billable,62.7
EMP00155,Junior,Permanent,2025-06-01,Project Vega,Billable,86.6
EMP00188,Analyst,Fixed-term,2025-06-01,Project Orion,Billable,77.3
EMP00136,Senior Analyst,Fixed-term,2025-06-01,Project Orion,Non-Billable,128.4
EMP00183,Intern,Permanent,2025-06-01,Project Orion,Non-Billable,189.3
EMP00287,Senior Analyst,Contractor,2025-06-01,Project Aurora,Non-Billable,90.4
EMP00177,Analyst,Contractor,2025-06-01,Project Falcon,Non-Billable,70.3
EMP00311,Analyst,Permanent,2025-06-01,Project Nimbus,Non-Billable,168.4
EMP00156,Analyst,Freelancer,2025-06-01,Project Atlas,Billable,51.7
EMP00096,Senior Analyst,Contractor,2025-06-01,Project Zenith,Non-Billable,61.3
EMP00339,Manager,Contractor,2025-06-01,Project Nova,Non-Billable,147.1
EMP00331,Senior Analyst,Permanent,2025-06-01,Project Aurora,Non-Billable,102.8
EMP00289,Junior,Fixed-term,2025-06-01,Project Nova,Non-Billable,176.4
EMP00182,Analyst,Permanent,2025-06-01,Project Nimbus,Non-Billable,71.0
EMP00176,Senior Manager,Freelancer,2025-06-01,Project Nova,Non-Billable,84.9
EMP00198,Senior Manager,Freelancer,2025-06-01,Project Atlas,Non-Billable,106.9
EMP00200,Senior Manager,Fixed-term,2025-06-01,,Maternity Leave,8.5
EMP00006,Analyst,Contractor,2025-06-01,Project Zenith,Non-Billable,103.8
EMP00169,Analyst,Fixed-term,2025-06-01,Project Falcon,Billable,79.4
EMP00024,Intern,Freelancer,2025-06-01,Project Zenith,Billable,95.5
EMP00096,Senior Analyst,Contractor,2025-06-01,Project Zenith,Billable,57.8
EMP00226,Senior Analyst,Part-time,2025-06-01,Project Vega,Non-Billable,70.8
EMP00291,Analyst,Fixed-term,2025-06-01,Project Horizon,Non-Billable,95.8
EMP00230,Analyst,Part-time,2025-06-01,Project Titan,Non-Billable,93.0
EMP00063,Junior,Permanent,2025-06-01,Project Falcon,Billable,81.1
EMP00140,Intern,Permanent,2025-06-01,Project Aurora,Non-Billable,79.5
EMP00050,Manager,Freelancer,2025-06-01,Project Vega,Non-Billable,132.3
EMP00011,Executive,Permanent,2025-06-01,Project Falcon,Non-Billable,106.0
EMP00046,Analyst,Fixed-term,2025-06-01,Project Orion,Billable,74.7
EMP00166,Senior Analyst,Contractor,2025-06-01,Project Orion,Non-Billable,82.8
EMP00018,Manager,Fixed-term,2025-06-01,Project Horizon,Non-Billable,103.0
EMP00116,Manager,Fixed-term,2025-06-01,Project Zenith,Billable,92.4
EMP00067,Manager,Part-time,2025-06-01,Project Vega,Non-Billable,92.9
EMP00307,Analyst,Part-time,2025-06-01,Project Horizon,Non-Billable,67.9
EMP00308,Senior Analyst,Part-time,2025-06-01,Project Orion,Annual Leave,36.8
EMP00281,Analyst,Permanent,2025-06-01,Project Falcon,Non-Billable,95.3
EMP00231,Intern,Fixed-term,2025-06-01,Project Atlas,Annual Leave,33.9
EMP00128,Manager,Fixed-term,2025-06-01,Project Vega,Non-Billable,105.9
EMP00118,Senior Analyst,Fixed-term,2025-06-01,Project Atlas,Billable,53.1
EMP00260,Analyst,Contractor,2025-06-01,Project Nimbus,Billable,47.2
EMP00012,Analyst,Fixed-term,2025-06-01,Project Nimbus,Billable,41.4
EMP00199,Junior,Fixed-term,2025-06-01,Project Titan,Billable,69.9
EMP00108,Junior,Permanent,2025-06-01,Project Titan,Non-Billable,92.2
EMP00261,Analyst,Part-time,2025-06-01,Project Titan,Billable,14.8
EMP00174,Intern,Permanent,2025-06-01, Project Aurora,Non-Billable,90.9
EMP00146,Analyst,Permanent,2025-06-01,Project Aurora,Non-Billable,46.1
EMP00293,Manager,Fixed-term,2025-06-01,Project Aurora,Non-Billable,78.7
EMP00188,Analyst,Fixed-term,2025-06-01,Project Orion,Non-Billable,87.7
EMP00058,Manager,Freelancer,2025-06-01,Project Zenith,Billable,58.0
EMP00026,Analyst,Permanent,2025-06-01,Project Nimbus,Billable,42.2
EMP00076,Intern,Permanent,2025-06-01,Project Titan,Billable,68.8
EMP00249,Junior,Permanent,2025-06-01,Project Horizon,Billable,40.3
EMP00126,Senior Manager,Part-time,2025-06-01,Project Vega,Non-Billable,30.3
EMP00150,Senior Manager,Fixed-term,2025-06-01,Project Atlas,Non-Billable,105.2
EMP00015,Manager,Freelancer,2025-06-01,Project Aurora,Non-Billable,71.6
EMP00247,Junior,Fixed-term,2025-06-01,Project Titan,Billable,47.9
EMP00164,Junior,Contractor,2025-06-01,Project Nova,Non-Billable,145.2
EMP00094,Senior Analyst,Contractor,2025-06-01,Project Vega,Non-Billable,87.8
EMP00169,Analyst,Fixed-term,2025-06-01,Project Falcon,Non-Billable,91.0
EMP00208,Analyst,Permanent,2025-06-01,Project Nimbus,Billable,86.3
EMP00332,Senior Analyst,Permanent,2025-06-01,Project Falcon,Non-Billable,92.8
EMP00115,Junior,Permanent,2025-06-01,Project Vega,Billable,41.9
EMP00283,Director,Fixed-term,2025-06-01,Project Aurora,Billable,75.4
EMP00179,Analyst,Part-time,2025-06-01,Project Nimbus,Billable,61.7
EMP00178,Intern,Permanent,2025-06-01,Project Nova,Non-Billable,161.7
EMP00304,Senior Manager,Permanent,2025-06-01,Project Horizon,Billable,64.6
EMP00142,Analyst,Permanent,2025-06-01,Project Falcon,Billable,98.2
EMP00066,Senior Analyst,Permanent,2025-06-01,Project Falcon,Annual Leave,33.1
EMP00086,Senior Analyst,Part-time,2025-06-01,Project Falcon,Non-Billable,74.3
EMP00308,Senior Analyst,Part-time,2025-06-01,Project Orion ,Billable,15.3
EMP00072,Senior Analyst,Permanent,2025-06-01,Project Titan,Non-Billable,154.5
EMP00187,Analyst,Permanent,2025-06-01,Project Orion,Non-Billable,73.5
EMP00318,Junior,Contractor,2025-06-01,Project Nimbus,Non-Billable,153.9
EMP00143,Analyst,Permanent,2025-06-01,Project Orion,Billable,43.7
EMP00213,Senior Analyst,Permanent,2025-06-01,Project Horizon,Non-Billable,90.1
EMP00022,Analyst,Permanent,2025-06-01,Project Orion,Non-Billable,125.0
EMP00158,Senior Analyst,Fixed-term,2025-06-01,Project Atlas,Non-Billable,176.0
EMP00099,Analyst,Permanent,2025-06-01,Project Titan,Billable,38.4
EMP00215,Junior,Contractor,2025-06-01,Project Zenith,Non-Billable,93.5
EMP00043,Intern,Contractor,2025-06-01,Project Falcon,Non-Billable,69.6
EMP00200,Senior Manager,Fixed-term,2025-06-01,Project Vega,Billable,62.2
EMP00151,Analyst,Fixed-term,2025-06-01,Project Vega,Annual Leave,24.9
EMP00007,Junior,Permanent,2025-06-01,Project Vega,Non-Billable,170.9
EMP00074,Junior,Permanent,2025-06-01,Project Horizon,Billable,72.1
EMP00160,Junior,Contractor,2025-06-01,Project Atlas,Billable,108.7
EMP00337,Senior Manager,Permanent,2025-06-01,Project Falcon,Non-Billable,119.7
EMP00238,Intern,Permanent,2025-06-01,Project Nova,Billable,89.5
EMP00081,Manager,Fixed-term,2025-06-01,Project Aurora,Billable,96.4
EMP00244,Senior Analyst,Permanent,2025-06-01,Project Nimbus,Non-Billable,66.2
EMP00202,Junior,Permanent,2025-06-01,Project Atlas,Non-Billable,75.2
EMP00221,Intern,Contractor,2025-06-01,Project Titan,Non-Billable,145.8
EMP00063,Junior,Permanent,2025-06-01,Project Falcon,Annual Leave,31.0
EMP00030,Manager,Permanent,2025-06-01,Project Aurora,Non-Billable,101.7
EMP00006,Analyst,Contractor,2025-06-01,Project Zenith,Billable,60.7
EMP00238,Intern,Permanent,2025-06-01,Project Nova,Non-Billable,82.9
EMP00186,Junior,Part-time,2025-06-01,Project Orion,Non-Billable,95.4
EMP00172,Senior Analyst,Part-time,2025-06-01,Project Zenith,Non-Billable,91.7
EMP00295,Junior,Part-time,2025-06-01,Project Zenith,Non-Billable,92.2
EMP00149,Senior Analyst,Permanent,2025-06-01,Project Falcon,Non-Billable,141.8
EMP00113,Analyst,Permanent,2025-06-01,Project Atlas,Non-Billable,158.3
EMP00174,Intern,Permanent,2025-06-01,Project Aurora,Billable,93.4
EMP00200,Senior Manager,Fixed-term,2025-06-01,Project Vega,Non-Billable,88.2
EMP00335,Senior Analyst,Permanent,2025-06-01,Project Falcon,Annual Leave,11.4
EMP00175,Manager,Permanent,2025-06-01,Project Atlas,Billable,72.3
EMP00167,Junior,Permanent,2025-06-01,Project Nimbus,Non-Billable,189.3
EMP00080,Analyst,Part-time,2025-06-01,Project Nova,Non-Billable,33.8
EMP00315,Director,Permanent,2025-06-01,Project Horizon,Billable,56.5
EMP00056,Analyst,Permanent,2025-06-01,Project Aurora,Billable,70.7
EMP00062,Senior Analyst,Permanent,2025-06-01,Project Nova,Non-Billable,131.9
EMP00014,Senior Manager,Contractor,2025-06-01,Project Horizon,Non-Billable,68.1
EMP00125,Senior Analyst,Fixed-term,2025-06-01,Project Titan,Billable,40.8
EMP00234,Analyst,Permanent,2025-06-01,Project Vega,Billable,44.4
EMP00061,Analyst,Permanent,2025-06-01,Project Horizon,Non-Billable,76.0
EMP00101,Manager,Permanent,2025-06-01,Project Zenith,Annual Leave,11.4
EMP00107,Senior Analyst,Contractor,2025-06-01,Project Zenith,Non-Billable,87.8
EMP00031,Manager,Contractor,2025-06-01,Project Nimbus,Non-Billable,84.7
EMP00214,Senior Analyst,Freelancer,2025-06-01,Project Orion,Non-Billable,92.9
EMP00119,Senior Analyst,Part-time,2025-06-01,Project Horizon,Non-Billable,73.0
EMP00306,Junior,Permanent,2025-06-01,Project Vega,Non-Billable,175.9
EMP00133,Analyst,Freelancer,2025-06-01,Project Zenith,Billable,38.1
EMP00119,Senior Analyst,Part-time,2025-06-01,Project Horizon,Billable,22.3
EMP00272,Senior Analyst,Contractor,2025-06-01,Project Zenith,Billable,64.6
EMP00116,Manager,Fixed-term,2025-06-01,Project Zenith,Non-Billable,70.1
EMP00239,Analyst,Freelancer,2025-06-01,Project Vega,Billable,81.4
EMP00321,Manager,Part-time,2025-06-01,Project Zenith,Billable,36.1
EMP00016,Junior,Permanent,2025-06-01,Project Horizon,Billable,75.8
EMP00070,Junior,Permanent,2025-06-01,Project Nimbus,Billable,75.7
EMP00201,Analyst,Permanent,2025-06-01,Project Falcon,Non-Billable,113.8
EMP00127,Analyst,Freelancer,2025-06-01,Project Nova,Billable,65.8
EMP00285,Analyst,Fixed-term,2025-06-01,Project Aurora,Non-Billable,158.6
EMP00231,Intern,Fixed-term,2025-06-01,Project Atlas,Billable,31.4
EMP00254,Manager,Freelancer,2025-06-01,Project Orion,Non-Billable,93.6
EMP00321,Manager,Part-time,2025-06-01,Project Zenith,Non-Billable,57.5
EMP00025,Senior Analyst,Contractor,2025-06-01,Project Titan,Annual Leave,10.0
EMP00218,Analyst,Fixed-term,2025-06-01,Project Nimbus,Non-Billable,72.1
EMP00264,Junior,Part-time,2025-06-01,Project Orion,Billable,39.2
EMP00241,Analyst,Permanent,2025-06-01,Project Titan,Non-Billable,112.1
EMP00208,Analyst,Permanent,2025-06-01,Project Nimbus,Non-Billable,77.8
EMP00280,Manager,Permanent,2025-06-01,Project Orion,Non-Billable,168.2
EMP00240,Senior Analyst,Permanent,2025-06-01,Project Titan,Annual Leave,20.2
EMP00138,Senior Analyst,Part-time,2025-06-01,Project Vega,Billable,45.7
EMP00324,Junior,Permanent,2025-06-01,Project Falcon,Billable,33.8
EMP00033,Director,Fixed-term,2025-06-01,Project Horizon,Billable,59.8
EMP00241,Analyst,Permanent,2025-06-01,Project Titan,Billable,75.6
EMP00120,Senior Analyst,Permanent,2025-06-01,Project Titan,Non-Billable,87.7
EMP00028,Analyst,Permanent,2025-06-01,Project Vega,Non-Billable,158.4
EMP00055,Senior Manager,Fixed-term,2025-06-01,Project Atlas,Non-Billable,112.7
EMP00115,Junior,Permanent,2025-06-01,Project Vega,Non-Billable,128.2
EMP00265,Intern,Permanent,2025-06-01,Project Zenith,Non-Billable,117.0
EMP00281,Analyst,Permanent,2025-06-01,Project Falcon,Billable,74.4
EMP00243,Senior Analyst,Contractor,2025-06-01,Project Aurora,Non-Billable,116.6
EMP00068,Junior,Freelancer,2025-06-01,Project Vega,Non-Billable,100.4
EMP00231,Intern,Fixed-term,2025-06-01,Project Atlas,Non-Billable,92.3
EMP00036,Senior Manager,Permanent,2025-06-01,Project Nimbus,Non-Billable,93.0
EMP00196,Analyst,Part-time,2025-06-01,Project Orion,Non-Billable,45.3
EMP00206,Senior Analyst,Part-time,2025-06-01,Project Nimbus,Non-Billable,57.1
EMP00180,Analyst,Fixed-term,2025-06-01,Project Orion,Non-Billable,110.6
EMP00312,Analyst,Fixed-term,2025-06-01,Project Atlas,Non-Billable,45.1
EMP00162,Manager,Freelancer,2025-06-01,Project Orion,Non-Billable,130.8
EMP00015,Manager,Freelancer,2025-06-01,Project Aurora,Billable,57.8
EMP00171,Analyst,Permanent,2025-06-01,Project Zenith,Billable,75.6
EMP00166,Senior Analyst,Contractor,2025-06-01,Project Orion,Billable,60.2
EMP00063,Junior,Permanent,2025-06-01,Project Falcon,Non-Billable,60.7
EMP00298,Junior,Freelancer,2025-06-01,Project Atlas,Non-Billable,72.2
EMP00263,Analyst,Part-time,2025-06-01,Project Zenith,Non-Billable,54.4
EMP00211,Manager,Fixed-term,2025-06-01,Project Orion,Billable,98.6
EMP00151,Analyst,Fixed-term,2025-06-01,Project Vega,Billable,77.8
EMP00025,Senior Analyst,Contractor,2025-06-01,Project Titan,Non-Billable,78.9
EMP00185,Junior,Part-time,2025-06-01,Project Horizon,Billable,48.8
EMP00016,Junior,Permanent,2025-06-01,Project Horizon,Non-Billable,92.3
EMP00326,Manager,Permanent,2025-06-01,Project Falcon,Non-Billable,108.2
EMP00024,Intern,Freelancer,2025-06-01,Project Zenith,Non-Billable,49.0
EMP00182,Analyst,Permanent,2025-06-01,Project Nimbus,Billable,68.1
EMP00246,Manager,Part-time,2025-06-01,Project Zenith,Billable,72.6
EMP00034,Senior Manager,Permanent,2025-06-01,Project Atlas,Non-Billable,163.0
EMP00240,Senior Analyst,Permanent,2025-06-01,Project Titan,Non-Billable,32.5
EMP00261,Analyst,Part-time,2025-06-01,Project Titan,Non-Billable,47.1
EMP00023,Junior,Permanent,2025-06-01,Project Aurora,Billable,98.9
EMP00176,Senior Manager,Freelancer,2025-06-01,Project Nova,Billable,30.1
EMP00312,Analyst,Fixed-term,2025-06-01,Project Atlas,Billable,119.3
EMP00156,Analyst,Freelancer,2025-06-01,Project Atlas,Non-Billable,77.8
EMP00049,Senior Manager,Fixed-term,2025-06-01,Project Vega,Non-Billable,42.9
EMP00211,Manager,Fixed-term,2025-06-01,Project Orion,Non-Billable,72.0
EMP00180,Analyst,Fixed-term,2025-06-01,Project Orion,Billable,60.1
EMP00023,Junior,Permanent,2025-06-01,Project Aurora,Non-Billable,70.9
EMP00079,Manager,Permanent,2025-06-01,Project Horizon,Billable,79.1
EMP00275,Junior,Part-time,2025-06-01,Project Atlas,Billable,33.1
EMP00335,Senior Analyst,Permanent,2025-06-01,Project Falcon,Billable,61.3
EMP00242,Intern,Permanent,2025-06-01,Project Nova,Billable,75.5
EMP00187,Analyst,Permanent,2025-06-01,Project Orion,Billable,78.4
EMP00009,Manager,Freelancer,2025-06-01,Project Nova,Non-Billable,22.6
EMP00237,Senior Manager,Fixed-term,2025-06-01,Project Falcon,Non-Billable,131.1
EMP00052,Analyst,Freelancer,2025-06-01,Project Falcon,Billable,69.0
EMP00316,Analyst,Permanent,2025-06-01,Project Titan,Non-Billable,162.4
EMP00110,Junior,Part-time,2025-06-01,Project Horizon,Billable,35.4
EMP00254,Manager,Freelancer,2025-06-01,Project Orion,Billable,33.0
EMP00008,Director,Permanent,2025-06-01,Project Nimbus,Billable,72.3
EMP00246,Manager,Part-time,2025-06-01,Project Zenith,Non-Billable,24.6
EMP00098,Intern,Fixed-term,2025-06-01,Project Atlas,Billable,129.0
EMP00170,Analyst,Fixed-term,2025-06-01,Project Horizon,Non-Billable,160.4
EMP00040,Senior Analyst,Permanent,2025-06-01,Project Zenith,Billable,59.0
EMP00161,Intern,Contractor,2025-06-01,Project Nova,Non-Billable,93.2
EMP00020,Senior Manager,Permanent,2025-06-01,,Non-Billable,80.1
EMP00184,Junior,Permanent,2025-06-01,Project Falcon,Billable,64.2
EMP00212,Junior,Fixed-term,2025-06-01,Project Vega,Billable,69.6
EMP00329,Analyst,Permanent,2025-06-01,Project Falcon,Billable,75.1
EMP00022,Analyst,Permanent,2025-06-01,Project Orion,Billable,54.5
EMP00224,Senior Manager,Fixed-term,2025-06-01,Project Falcon,Non-Billable,181.2
EMP00171,Analyst,Permanent,2025-06-01,Project Zenith,Non-Billable,108.2
EMP00008,Director,Permanent,2025-06-01,Project Nimbus,Non-Billable,95.7
EMP00030,Manager,Permanent,2025-06-01,Project Aurora,Billable,65.5
EMP00330,Senior Analyst,Part-time,2025-06-01,Project Nimbus,Billable,25.2
EMP00300,Analyst,Fixed-term,2025-06-01,Project Nimbus,Billable,77.5
EMP00299,Senior Analyst,Fixed-term,2025-06-01,Project Nova,Billable,35.4
EMP00110,Junior,Part-time,2025-06-01,Project Horizon,Non-Billable,56.8
EMP00126,Senior Manager,Part-time,2025-06-01,Project Vega,Billable,29.6
EMP00091,Senior Analyst,Permanent,2025-06-01,Project Nova,Billable,55.8
EMP00017,Analyst,Permanent,2025-06-01,Project Atlas,Non-Billable,166.4
EMP00282,Analyst,Fixed-term,2025-06-01,Project Aurora,Non-Billable,98.7
EMP00106,Intern,Contractor,2025-06-01,Project Nova,Non-Billable,90.2
EMP00079,Manager,Permanent,2025-06-01,Project Horizon,Non-Billable,81.1
EMP00283,Director,Fixed-term,2025-06-01,Project Aurora,Non-Billable,93.5
EMP00213,Senior Analyst,Permanent,2025-06-01,Project Horizon,Billable,76.0
EMP00175,Manager,Permanent,2025-06-01,Project Atlas,Non-Billable,91.2
EMP00012,Analyst,Fixed-term,2025-06-01,Project Nimbus,Non-Billable,103.1
EMP00202,Junior,Permanent,2025-06-01,Project Atlas,Annual Leave,33.3
EMP00248,Analyst,Contractor,2025-06-01,Project Nova,Billable,55.4
EMP00135,Senior Analyst,Fixed-term,2025-06-01,Project Horizon,Non-Billable,85.9
EMP00263,Analyst,Part-time,2025-06-01,Project Zenith,Billable,41.8
EMP00279,Analyst,Permanent,2025-06-01,Project Orion,Annual Leave,38.0
EMP00228,Manager,Part-time,2025-06-01,Project Nimbus,Non-Billable,36.1
EMP00048,Intern,Permanent,2025-06-01,Project Atlas,Billable,95.6
EMP00019,Senior Analyst,Permanent,2025-06-01,Project Zenith,Billable,73.2
EMP00087,Analyst,Contractor,2025-06-01,Project Atlas,Non-Billable,70.8
EMP00264,Junior,Part-time,2025-06-01,Project Orion,Non-Billable,60.7
EMP00223,Senior Manager,Permanent,2025-06-01,Project Titan,Non-Billable,72.1
EMP00222,Senior Analyst,Permanent,2025-06-01,Project Vega,Non-Billable,168.3
EMP00327,Intern,Fixed-term,2025-06-01,Project Aurora,Billable,129.7
EMP00294,Senior Manager,Permanent,2025-06-01,Project Nova,Billable,99.9
EMP00090,Director,Permanent,2025-06-01,Project Nova,Non-Billable,99.6
EMP00159,Junior,Permanent,2025-06-01,Project Vega,Billable,50.5
EMP00049,Senior Manager,Fixed-term,2025-06-01,Project Vega,Billable,109.0
EMP00168,Junior,Permanent,2025-06-01,Project Atlas,Non-Billable,162.0
EMP00083,Intern,Permanent,2025-06-01,Project Nimbus,Annual Leave,8.3
EMP00087,Analyst,Contractor,2025-07-01,Project Atlas,Annual Leave,28.9
EMP00272,Senior Analyst,Contractor,2025-07-01,Project Zenith,Billable,68.6
EMP00048,Intern,Permanent,2025-07-01,Project Atlas,Billable,63.4
EMP00298,Junior,Freelancer,2025-07-01,Project Atlas,Billable,46.6
EMP00171,Analyst,Permanent,2025-07-01,Project Zenith,Annual Leave,38.8
EMP00175,Manager,Permanent,2025-07-01,Project Atlas,Billable,51.8
EMP00094,Senior Analyst,Contractor,2025-07-01,Project Vega,Annual Leave,19.0
EMP00099,Analyst,Permanent,2025-07-01,Project Titan,Billable,41.0
EMP00070,Junior,Permanent,2025-07-01,Project Nimbus,Annual Leave,15.0
EMP00191,Intern,Freelancer,2025-07-01,Project Orion,Annual Leave,11.2
EMP00153,Analyst,Part-time,2025-07-01,Project Zenith,Billable,16.5
EMP00036,Senior Manager,Permanent,2025-07-01,Project Nimbus,Billable,52.9
EMP00263,Analyst,Part-time,2025-07-01,Project Zenith,Billable,33.3
EMP00323,Analyst,Permanent,2025-07-01,Project Titan,Annual Leave,35.7
EMP00238,Intern,Permanent,2025-07-01,Project Nova,Annual Leave,8.2
EMP00266,Manager,Fixed-term,2025-07-01,Project Orion,Annual Leave,12.2
EMP00245,Senior Analyst,Fixed-term,2025-07-01,Project Falcon,Annual Leave,8.8
EMP00160,Junior,Contractor,2025-07-01,Project Atlas,Annual Leave,8.6
EMP00216,Junior,Fixed-term,2025-07-01,Project Horizon,Non-Billable,139.1
EMP00335,Senior Analyst,Permanent,2025-07-01,Project Falcon,Billable,64.6
EMP00034,Senior Manager,Permanent,2025-07-01,Project Atlas,Non-Billable,140.0
EMP00302,Junior,Fixed-term,2025-07-01,Project Zenith,Annual Leave,11.1
EMP00305,Junior,Permanent,2025-07-01,Project Nova,Non-Billable,144.2
EMP00110,Junior,Part-time,2025-07-01,Project Horizon,Non-Billable,51.7
EMP00178,Intern,Permanent,2025-07-01,Project Nova,Annual Leave,16.7
EMP00156,Analyst,Freelancer,2025-07-01,Project Atlas,Billable,40.7
EMP00304,Senior Manager,Permanent,2025-07-01,Project Horizon,Annual Leave,14.1
EMP00299,Senior Analyst,Fixed-term,2025-07-01,Project Nova,Annual Leave,15.1
EMP00090,Director,Permanent,2025-07-01,Project Nova,Annual Leave,16.3
EMP00218,Analyst,Fixed-term,2025-07-01,Project Nimbus,Billable,65.2
EMP00006,Analyst,Contractor,2025-07-01,Project Zenith,Annual Leave,33.3
EMP00024,Intern,Freelancer,2025-07-01,Project Zenith,Annual Leave,29.7
EMP00188,Analyst,Fixed-term,2025-07-01,Project Orion,Annual Leave,21.5
EMP00164,Junior,Contractor,2025-07-01,Project Nova,Annual Leave,30.4
EMP00043,Intern,Contractor,2025-07-01,Project Falcon,Billable,65.3
EMP00105,Junior,Permanent,2025-07-01,Project Aurora,Annual Leave,26.8
EMP00152,Executive,Part-time,2025-07-01,Project Titan,Annual Leave,21.4
EMP00131,Junior,Contractor,2025-07-01,,Paternity Leave,29.3
EMP00076,Intern,Permanent,2025-07-01,Project Titan,Annual Leave,39.8
EMP00168,Junior,Permanent,2025-07-01,Project Atlas,Annual Leave,13.6
EMP00243,Senior Analyst,Contractor,2025-07-01,Project Aurora,Annual Leave,32.5
EMP00151,Analyst,Fixed-term,2025-07-01,Project Vega,Non-Billable,87.6
EMP00150,Senior Manager,Fixed-term,2025-07-01,Project Atlas,Non-Billable,72.2
EMP00186,Junior,Part-time,2025-07-01,Project Orion,Annual Leave,14.1
EMP00142,Analyst,Permanent,2025-07-01,Project Falcon,Non-Billable,78.4
EMP00036,Senior Manager,Permanent,2025-07-01,Project Nimbus,Non-Billable,76.8
EMP00148,Junior,Permanent,2025-07-01,Project Nova,Billable,62.2
EMP00205,Manager,Permanent,2025-07-01,Project Atlas,Annual Leave,10.7
EMP00337,Senior Manager,Permanent,2025-07-01,Project Falcon,Non-Billable,121.2
EMP00274,Junior,Freelancer,2025-07-01,Project Titan,Annual Leave,13.0
EMP00312,Analyst,Fixed-term,2025-07-01,Project Atlas,Billable,95.1
EMP00112,Intern,Permanent,2025-07-01,Project Titan,Annual Leave,18.6
EMP00273,Junior,Fixed-term,2025-07-01,Project Falcon,Billable,115.3
EMP00081,Manager,Fixed-term,2025-07-01,Project Aurora,Billable,61.5
EMP00240,Senior Analyst,Permanent,2025-07-01,Project Titan,Billable,126.4
EMP00087,Analyst,Contractor,2025-07-01,Project Atlas,Billable,67.7
EMP00066,Senior Analyst,Permanent,2025-07-01,Project Falcon,Billable,29.6
EMP00215,Junior,Contractor,2025-07-01,Project Zenith,Billable,44.9
EMP00191,Intern,Freelancer,2025-07-01,Project Orion,Non-Billable,57.8
EMP00055,Senior Manager,Fixed-term,2025-07-01,Project Atlas,Non-Billable,84.9
EMP00054,Senior Analyst,Fixed-term,2025-07-01,Project Titan,Annual Leave,13.2
EMP00082,Analyst,Permanent,2025-07-01,Project Nimbus,Annual Leave,11.0
EMP00282,Analyst,Fixed-term,2025-07-01,Project Aurora,Annual Leave,27.0
EMP00029,Manager,Permanent,2025-07-01,Project Nimbus,Billable,33.3
EMP00270,Senior Analyst,Contractor,2025-07-01,Project Nimbus,Non-Billable,59.3
EMP00002,Senior Analyst,Permanent,2025-07-01,Project Nimbus,Billable,97.7
EMP00284,Analyst,Permanent,2025-07-01,Project Falcon,Annual Leave,19.5
EMP00327,Intern,Fixed-term,2025-07-01,Project Aurora,Non-Billable,50.7
EMP00018,Manager,Fixed-term,2025-07-01,Project Horizon,Annual Leave,20.1
EMP00301,Analyst,Freelancer,2025-07-01,Project Vega,Non-Billable,49.1
EMP00106,Intern,Contractor,2025-07-01,Project Nova,Non-Billable,78.5
EMP00131,Junior,Contractor,2025-07-01,Project Orion,Billable,52.6
EMP00327,Intern,Fixed-term,2025-07-01,Project Aurora,Annual Leave,33.6
EMP00179,Analyst,Part-time,2025-07-01,Project Nimbus,Annual Leave,27.5
EMP00255,Analyst,Freelancer,2025-07-01,Project Nova,Annual Leave,10.7
EMP00154,Junior,Part-time,2025-07-01,Project Nimbus,Billable,32.4
EMP00132,Junior,Fixed-term,2025-07-01,Project Nimbus,Non-Billable,146.4
EMP00130,Junior,Permanent,2025-07-01,Project Nova,Annual Leave,10.6
EMP00155,Junior,Permanent,2025-07-01,Project Vega,Billable,71.4
EMP00327,Intern,Fixed-term,2025-07-01,Project Aurora,Billable,84.3
EMP00228,Manager,Part-time,2025-07-01,Project Nimbus,Annual Leave,23.4
EMP00338,Intern,Contractor,2025-07-01,Project Nova,Annual Leave,24.9
EMP00161,Intern,Contractor,2025-07-01,Project Nova,Non-Billable,59.2
EMP00083,Intern,Permanent,2025-07-01,Project Nimbus,Billable,66.2
EMP00123,Senior Analyst,Part-time,2025-07-01,Project Orion,Billable,23.7
EMP00256,Manager,Part-time,2025-07-01,Project Atlas,Non-Billable,71.9
EMP00079,Manager,Permanent,2025-07-01,Project Horizon,Billable,83.1
EMP00084,Senior Manager,Contractor,2025-07-01,Project Falcon,Annual Leave,8.4
EMP00269,Intern,Fixed-term,2025-07-01,Project Nimbus,Non-Billable,73.9
EMP00154,Junior,Part-time,2025-07-01,Project Nimbus,Non-Billable,55.3
EMP00120,Senior Analyst,Permanent,2025-07-01,Project Titan,Billable,58.2
EMP00079,Manager,Permanent,2025-07-01,Project Horizon,Annual Leave,8.6
EMP00322,Senior Analyst,Part-time,2025-07-01,Project Vega,Annual Leave,17.6
EMP00138,Senior Analyst,Part-time,2025-07-01,Project Vega,Non-Billable,35.3
EMP00225,Senior Analyst,Permanent,2025-07-01,Project Vega,Annual Leave,32.8
EMP00321,Manager,Part-time,2025-07-01,Project Zenith,Non-Billable,55.2
EMP00012,Analyst,Fixed-term,2025-07-01,Project Nimbus,Billable,39.0
EMP00091,Senior Analyst,Permanent,2025-07-01,Project Nova,Billable,46.9
EMP00326,Manager,Permanent,2025-07-01,Project Falcon,Annual Leave,23.8
EMP00289,Junior,Fixed-term,2025-07-01,Project Nova,Non-Billable,139.4
EMP00212,Junior,Fixed-term,2025-07-01,Project Vega,Billable,66.9
EMP00044,Director,Permanent,2025-07-01,Project Orion,Billable,59.0
EMP00222,Senior Analyst,Permanent,2025-07-01,Project Vega,Annual Leave,28.6
EMP00319,Analyst,Permanent,2025-07-01,Project Titan,Non-Billable,155.3
EMP00203,Analyst,Contractor,2025-07-01,Project Atlas,Non-Billable,133.6
EMP00264,Junior,Part-time,2025-07-01,Project Orion,Annual Leave,11.1
EMP00022,Analyst,Permanent,2025-07-01,Project Orion,Billable,28.6
EMP00140,Intern,Permanent,2025-07-01,Project Aurora,Non-Billable,63.7
EMP00131,Junior,Contractor,2025-07-01,Project Orion,Non-Billable,48.5
EMP00243,Senior Analyst,Contractor,2025-07-01,Project Aurora,Billable,31.2
EMP00113,Analyst,Permanent,2025-07-01,Project Atlas,Annual Leave,32.5
EMP00148,Junior,Permanent,2025-07-01,Project Nova,Non-Billable,81.8
EMP00078,Analyst,Contractor,2025-07-01,Project Aurora,Billable,47.1
EMP00223,Senior Manager,Permanent,2025-07-01,Project Titan,Billable,115.8
EMP00034,Senior Manager,Permanent,2025-07-01,Project Atlas,Annual Leave,36.3
EMP00144,Intern,Freelancer,2025-07-01,Project Nimbus,Non-Billable,70.3
EMP00130,Junior,Permanent,2025-07-01,Project Nova,Billable,45.8
EMP00013,Analyst,Part-time,2025-07-01,Project Atlas,Billable,28.6
EMP00279,Analyst,Permanent,2025-07-01,Project Orion,Billable,41.5
EMP00304,Senior Manager,Permanent,2025-07-01,Project Horizon,Billable,76.9
EMP00158,Senior Analyst,Fixed-term,2025-07-01,Project Atlas,Annual Leave,15.8
EMP00125,Senior Analyst,Fixed-term,2025-07-01,Project Titan,Billable,49.3
EMP00060,Senior Analyst,Part-time,2025-07-01,Project Horizon,Billable,14.5
EMP00080,Analyst,Part-time,2025-07-01,Project Nova,Billable,42.1
EMP00186,Junior,Part-time,2025-07-01,Project Orion,Non-Billable,67.7
EMP00288,Junior,Permanent,2025-07-01,Project Zenith,Non-Billable,105.9
EMP00231,Intern,Fixed-term,2025-07-01,Project Atlas,Annual Leave,38.0
EMP00108,Junior,Permanent,2025-07-01,Project Titan,Non-Billable,92.2
EMP00331,Senior Analyst,Permanent,2025-07-01,Project Aurora,Billable,29.3
EMP00077,Senior Analyst,Fixed-term,2025-07-01,Project Horizon,Non-Billable,157.0
EMP00208,Analyst,Permanent,2025-07-01,Project Nimbus,Non-Billable,84.8
EMP00117,Intern,Fixed-term,2025-07-01,Project Horizon,Annual Leave,10.2
EMP00319,Analyst,Permanent,2025-07-01,Project Titan,Annual Leave,23.9
EMP00115,Junior,Permanent,2025-07-01,Project Vega,Annual Leave,8.6
EMP00031,Manager,Contractor,2025-07-01,Project Nimbus,Non-Billable,66.0
EMP00278,Analyst,Permanent,2025-07-01,Project Aurora,Non-Billable,101.2
EMP00331,Senior Analyst,Permanent,2025-07-01,Project Aurora,Non-Billable,118.9
EMP00012,Analyst,Fixed-term,2025-07-01,Project Nimbus,Non-Billable,86.8
EMP00009,Manager,Freelancer,2025-07-01,Project Nova,Non-Billable,35.7
EMP00127,Analyst,Freelancer,2025-07-01,Project Nova,Non-Billable,51.9
EMP00049,Senior Manager,Fixed-term,2025-07-01,Project Vega,Annual Leave,15.7
EMP00089,Intern,Freelancer,2025-07-01,Project Orion,Annual Leave,10.9
EMP00033,Director,Fixed-term,2025-07-01,Project Horizon,Annual Leave,34.9
EMP00225,Senior Analyst,Permanent,2025-07-01,Project Vega,Billable,69.9
EMP00039,Analyst,Permanent,2025-07-01,Project Atlas,Annual Leave,22.3
EMP00112,Intern,Permanent,2025-07-01,Project Titan,Non-Billable,112.4
EMP00142,Analyst,Permanent,2025-07-01,Project Falcon,Annual Leave,14.6
EMP00064,Senior Analyst,Permanent,2025-07-01,Project Nimbus,Billable,90.8
EMP00199,Junior,Fixed-term,2025-07-01,Project Titan,Annual Leave,21.7
EMP00276,Senior Analyst,Fixed-term,2025-07-01,Project Zenith,Annual Leave,14.7
EMP00258,Senior Manager,Permanent,2025-07-01,Project Vega,Non-Billable,80.1
EMP00109,Manager,Permanent,2025-07-01,Project Nimbus,Billable,54.0
EMP00126,Senior Manager,Part-time,2025-07-01,Project Vega,Non-Billable,34.3
EMP00044,Director,Permanent,2025-07-01,Project Orion,Annual Leave,30.8
EMP00055,Senior Manager,Fixed-term,2025-07-01,Project Atlas,Annual Leave,21.0
EMP00096,Senior Analyst,Contractor,2025-07-01,Project Zenith,Non-Billable,75.4
EMP00335,Senior Analyst,Permanent,2025-07-01,Project Falcon,Non-Billable,66.4
EMP00324,Junior,Permanent,2025-07-01,Project Falcon,Non-Billable,112.7
EMP00237,Senior Manager,Fixed-term,2025-07-01,Project Falcon,Billable,38.1
EMP00054,Senior Analyst,Fixed-term,2025-07-01,Project Titan,Non-Billable,70.5
EMP00262,Analyst,Permanent,2025-07-01,Project Vega,Annual Leave,36.5
EMP00079,Manager,Permanent,2025-07-01,Project Horizon,Non-Billable,72.6
EMP00146,Analyst,Permanent,2025-07-01,Project Aurora,Non-Billable,56.1
EMP00141,Junior,Fixed-term,2025-07-01,Project Aurora,Annual Leave,8.2
EMP00226,Senior Analyst,Part-time,2025-07-01,Project  Vega,Billable,20.6
EMP00047,Senior Analyst,Part-time,2025-07-01,Project Zenith,Non-Billable,54.7
EMP00263,Analyst,Part-time,2025-07-01,Project Zenith,Non-Billable,53.9
EMP00062,Senior Analyst,Permanent,2025-07-01,Project Nova,Billable,37.6
EMP00012,Analyst,Fixed-term,2025-07-01,Project Nimbus,Annual Leave,35.8
EMP00287,Senior Analyst,Contractor,2025-07-01,Project Aurora,Non-Billable,75.9
EMP00005,Intern,Permanent,2025-07-01,Project Zenith,Annual Leave,28.3
EMP00063,Junior,Permanent,2025-07-01,Project Falcon,Billable,72.0
EMP00253,Intern,Part-time,2025-07-01,Project Falcon,Non-Billable,44.1
EMP00293,Manager,Fixed-term,2025-07-01,Project Aurora,Billable,75.9
EMP00255,Analyst,Freelancer,2025-07-01,project nova,Non-Billable,75.0
EMP00046,Analyst,Fixed-term,2025-07-01,Project Orion,Billable,70.2
EMP00059,Manager,Fixed-term,2025-07-01,Project Titan,Annual Leave,20.0
EMP00028,Analyst,Permanent,2025-07-01,Project Vega,Annual Leave,36.8
EMP00169,Analyst,Fixed-term,2025-07-01,Project Falcon,Annual Leave,13.8
EMP00294,Senior Manager,Permanent,2025-07-01,Project Nova,Annual Leave,13.9
EMP00070,Junior,Permanent,2025-07-01,Project Nimbus,Billable,63.8
EMP00108,Junior,Permanent,2025-07-01,Project Titan,Billable,40.6
EMP00310,Senior Analyst,Fixed-term,2025-07-01,Project Atlas,Non-Billable,138.3
EMP00265,Intern,Permanent,2025-07-01,Project Zenith,Annual Leave,31.4
EMP00121,Senior Analyst,Contractor,2025-07-01,Project Nimbus,Annual Leave,29.8
EMP00249,Junior,Permanent,2025-07-01,Project Horizon,Billable,31.4
EMP00232,Analyst,Permanent,2025-07-01,Project Falcon,Non-Billable,135.7
EMP00332,Senior Analyst,Permanent,2025-07-01,Project Falcon,Annual Leave,15.1
EMP00058,Manager,Freelancer,2025-07-01,Project Zenith,Non-Billable,49.1
EMP00045,Analyst,Fixed-term,2025-07-01,Project Atlas,Annual Leave,14.2
EMP00214,Senior Analyst,Freelancer,2025-07-01,Project Orion,Non-Billable,63.2
EMP00143,Analyst,Permanent,2025-07-01,Project Orion,Annual Leave,31.8
EMP00077,Senior Analyst,Fixed-term,2025-07-01,Project Horizon,Annual Leave,25.2
EMP00017,Analyst,Permanent,2025-07-01,Project Atlas,Annual Leave,29.4
EMP00073,Intern,Part-time,2025-07-01,Project Horizon,Annual Leave,14.5
EMP00218,Analyst,Fixed-term,2025-07-01,Project Nimbus,Annual Leave,32.8
EMP00111,Senior Analyst,Fixed-term,2025-07-01,Project Nova,Annual Leave,26.7
EMP00287,Senior Analyst,Contractor,2025-07-01,Project Aurora,Billable,58.2
EMP00164,Junior,Contractor,2025-07-01,Project Nova,Non-Billable,124.8
EMP00019,Senior Analyst,Permanent,2025-07-01,Project Zenith,Non-Billable,66.6
EMP00051,Senior Analyst,Contractor,2025-07-01,Project Zenith,Annual Leave,20.2
EMP00065,Director,Fixed-term,2025-07-01,Project Aurora,Non-Billable,134.3
EMP00013,Analyst,Part-time,2025-07-01,Project Atlas,Non-Billable,30.5
EMP00125,Senior Analyst,Fixed-term,2025-07-01,Project Titan,Non-Billable,118.8
EMP00047,Senior Analyst,Part-time,2025-07-01,Project Zenith,Billable,19.7
EMP00231,Intern,Fixed-term,2025-07-01,Project Atlas,Billable,31.8
EMP00339,Manager,Contractor,2025-07-01,Project Nova,Non-Billable,128.6
EMP00228,Manager,Part-time,2025-07-01,Project Nimbus,Billable,55.0
EMP00330,Senior Analyst,Part-time,2025-07-01,Project Nimbus,Non-Billable,54.0
EMP00061,Analyst,Permanent,2025-07-01,Project Horizon,Annual Leave,12.6
EMP00324,Junior,Permanent,2025-07-01,Project Falcon,Annual Leave,26.8
EMP00129,Analyst,Permanent,2025-07-01,Project Atlas,Annual Leave,39.5
EMP00042,Junior,Permanent,2025-07-01,Project Zenith,Annual Leave,18.2
EMP00268,Senior Analyst,Permanent,2025-07-01,Project Horizon,Non-Billable,118.8
EMP00166,Senior Analyst,Contractor,2025-07-01,Project Orion,Non-Billable,57.8
EMP00075,Analyst,Permanent,2025-07-01,Project Atlas,Annual Leave,21.1
EMP00091,Senior Analyst,Permanent,2025-07-01,Project Nova,Annual Leave,13.5
EMP00099,Analyst,Permanent,2025-07-01,Project Titan,Annual Leave,39.9
EMP00084,Senior Manager,Contractor,2025-07-01,Project Falcon,Non-Billable,135.2
EMP00009,Manager,Freelancer,2025-07-01,Project Nova,Annual Leave,27.9
EMP00075,Analyst,Permanent,2025-07-01,Project Atlas,Non-Billable,148.0
EMP00287,Senior Analyst,Contractor,2025-07-01,Project Aurora,Annual Leave,10.2
EMP00165,Executive,Permanent,2025-07-01,Project Orion,Billable,63.4
EMP00272,Senior Analyst,Contractor,2025-07-01,Project Zenith,Non-Billable,74.7
EMP00150,Senior Manager,Fixed-term,2025-07-01,Project Atlas,Annual Leave,39.3
EMP00239,Analyst,Freelancer,2025-07-01,Project Vega,Non-Billable,28.4
EMP00318,Junior,Contractor,2025-07-01,Project Nimbus,Non-Billable,127.0
EMP00235,Analyst,Fixed-term,2025-07-01,Project Falcon,Non-Billable,107.2
EMP00336,Manager,Freelancer,2025-07-01,Project Titan,Annual Leave,22.7
EMP00049,Senior Manager,Fixed-term,2025-07-01,Project Vega,Billable,111.1
EMP00011,Executive,Permanent,2025-07-01,Project Falcon,Non-Billable,78.3
EMP00063,Junior,Permanent,2025-07-01,Project Falcon,Non-Billable,93.3
EMP00078,Analyst,Contractor,2025-07-01,Project Aurora,Non-Billable,87.5
EMP00171,Analyst,Permanent,2025-07-01,Project Zenith,Billable,55.0
EMP00100,Junior,Freelancer,2025-07-01,,Maternity Leave,20.1
EMP00021,Senior Analyst,Fixed-term,2025-07-01,Project Horizon,Billable,101.2
EMP00071,Analyst,Fixed-term,2025-07-01,Project Nimbus,Non-Billable,132.6
EMP00090,Director,Permanent,2025-07-01,Project Nova,Billable,48.9
EMP00255,Analyst,Freelancer,2025-07-01,Project Nova,Billable,45.2
EMP00298,Junior,Freelancer,2025-07-01,Project Atlas,Non-Billable,63.5
EMP00194,Analyst,Freelancer,2025-07-01,Project Vega,Billable,46.4
EMP00064,Senior Analyst,Permanent,2025-07-01,Project Nimbus,Annual Leave,34.5
EMP00133,Analyst,Freelancer,2025-07-01,Project Zenith,Non-Billable,70.6
EMP00154,Junior,Part-time,2025-07-01,,Maternity Leave,19.6
EMP00226,Senior Analyst,Part-time,2025-07-01,Project Vega,Annual Leave,21.4
EMP00329,Analyst,Permanent,2025-07-01,Project Falcon,Billable,52.8
EMP00338,Intern,Contractor,2025-07-01,Project Nova,Billable,42.0
EMP00022,Analyst,Permanent,2025-07-01,Project Orion,Non-Billable,73.9
EMP00096,Senior Analyst,Contractor,2025-07-01,Project Zenith,Annual Leave,17.9
EMP00049,Senior Manager,Fixed-term,2025-07-01,Project Vega,Non-Billable,35.1
EMP00307,Analyst,Part-time,2025-07-01,Project Horizon,Annual Leave,23.9
EMP00062,Senior Analyst,Permanent,2025-07-01,Project Nova,Annual Leave,17.4
EMP00074,Junior,Permanent,2025-07-01,Project Horizon,Non-Billable,84.0
EMP00246,Manager,Part-time,2025-07-01,Project Zenith,Billable,62.2
EMP00200,Senior Manager,Fixed-term,2025-07-01,Project Vega,Billable,53.5
EMP00213,Senior Analyst,Permanent,2025-07-01,Project Horizon,Annual Leave,39.8
EMP00121,Senior Analyst,Contractor,2025-07-01,Project Nimbus,Non-Billable,117.3
EMP00273,Junior,Fixed-term,2025-07-01,Project Falcon,Non-Billable,37.4
EMP00320,Junior,Part-time,2025-07-01,Project Aurora,Annual Leave,11.8
EMP00282,Analyst,Fixed-term,2025-07-01,Project Aurora,Billable,67.1
EMP00129,Analyst,Permanent,2025-07-01,Project Atlas,Non-Billable,97.3
EMP00143,Analyst,Permanent,2025-07-01,Project Orion,Billable,25.8
EMP00021,Senior Analyst,Fixed-term,2025-07-01,Project Horizon,Annual Leave,36.5
EMP00046,Analyst,Fixed-term,2025-07-01,Project Orion,Non-Billable,55.9
EMP00143,Analyst,Permanent,2025-07-01,Project Orion,Non-Billable,68.8
EMP00129,Analyst,Permanent,2025-07-01,Project Atlas,Billable,38.3
EMP00235,Analyst,Fixed-term,2025-07-01,Project Falcon,Annual Leave,20.8
EMP00109,Manager,Permanent,2025-07-01,Project Nimbus,Non-Billable,95.9
EMP00135,Senior Analyst,Fixed-term,2025-07-01,Project  Horizon,Non-Billable,65.3
EMP00218,Analyst,Fixed-term,2025-07-01,Project Nimbus,Non-Billable,78.0
EMP00023,Junior,Permanent,2025-07-01,Project Aurora,Billable,61.5
EMP00294,Senior Manager,Permanent,2025-07-01,Project Nova,Billable,112.0
EMP00279,Analyst,Permanent,2025-07-01,Project Orion,Non-Billable,54.2
EMP00133,Analyst,Freelancer,2025-07-01,Project Zenith,Billable,27.5
EMP00315,Director,Permanent,2025-07-01,Project Horizon,Non-Billable,107.4
EMP00064,Senior Analyst,Permanent,2025-07-01,Project Nimbus,Non-Billable,34.4
EMP00323,Analyst,Permanent,2025-07-01,Project Titan,Billable,79.1
EMP00025,Senior Analyst,Contractor,2025-07-01,Project Titan,Non-Billable,52.0
EMP00031,Manager,Contractor,2025-07-01,Project Nimbus,Billable,56.4
EMP00281,Analyst,Permanent,2025-07-01,Project Falcon,Annual Leave,24.4
EMP00278,Analyst,Permanent,2025-07-01,Project Aurora,Annual Leave,24.3
EMP00109,Manager,Permanent,2025-07-01,Project Nimbus,Annual Leave,10.9
EMP00250,Senior Manager,Fixed-term,2025-07-01,Project Zenith,Billable,59.9
EMP00184,Junior,Permanent,2025-07-01,Project Falcon,Annual Leave,15.9
EMP00102,Analyst,Contractor,2025-07-01,Project Vega,Non-Billable,96.2
EMP00102,Analyst,Contractor,2025-07-01,Project Vega,Billable,34.0
EMP00156,Analyst,Freelancer,2025-07-01,Project Atlas,Annual Leave,25.9
EMP00174,Intern,Permanent,2025-07-01,Project Aurora,Billable,81.2
EMP00256,Manager,Part-time,2025-07-01,Project Atlas,Annual Leave,15.0
EMP00307,Analyst,Part-time,2025-07-01,Project Horizon,Non-Billable,52.9
EMP00128,Manager,Fixed-term,2025-07-01,Project Vega,Annual Leave,12.4
EMP00286,Analyst,Fixed-term,2025-07-01,,Paternity Leave,9.2
EMP00234,Analyst,Permanent,2025-07-01,Project Vega,Annual Leave,26.0
EMP00006,Analyst,Contractor,2025-07-01,Project Zenith,Non-Billable,68.7
EMP00244,Senior Analyst,Permanent,2025-07-01,Project Nimbus,Billable,75.5
EMP00198,Senior Manager,Freelancer,2025-07-01,Project Atlas,Non-Billable,98.3
EMP00332,Senior Analyst,Permanent,2025-07-01,Project Falcon,Billable,65.6
EMP00083,Intern,Permanent,2025-07-01,Project Nimbus,Non-Billable,86.6
EMP00253,Intern,Part-time,2025-07-01,Project Falcon,Billable,35.5
EMP00128,Manager,Fixed-term,2025-07-01,Project Vega,Non-Billable,92.3
EMP00011,Executive,Permanent,2025-07-01,Project Falcon,Billable,61.1
EMP00275,Junior,Part-time,2025-07-01,Project Atlas,Non-Billable,39.8
EMP00104,Junior,Permanent,2025-07-01,Project Falcon,Annual Leave,25.5
EMP00300,Analyst,Fixed-term,2025-07-01,Project Nimbus,Non-Billable,74.9
EMP00068,Junior,Freelancer,2025-07-01,Project Vega,Annual Leave,33.6
EMP00284,Analyst,Permanent,2025-07-01,Project Falcon,Billable,126.0
EMP00310,Senior Analyst,Fixed-term,2025-07-01,Project Atlas,Annual Leave,30.3
EMP00048,Intern,Permanent,2025-07-01,Project Atlas,Annual Leave,23.4
EMP00002,Senior Analyst,Permanent,2025-07-01,Project Nimbus,Non-Billable,39.0
EMP00155,Junior,Permanent,2025-07-01,Project Vega,Annual Leave,20.4
EMP00014,Senior Manager,Contractor,2025-07-01,Project Horizon,Billable,72.5
EMP00211,Manager,Fixed-term,2025-07-01,Project Orion,Billable,39.2
EMP00133,Analyst,Freelancer,2025-07-01,Project Zenith,Annual Leave,39.9
EMP00118,Senior Analyst,Fixed-term,2025-07-01,Project Atlas,Annual Leave,36.1
EMP00144,Intern,Freelancer,2025-07-01,Project Nimbus,Billable,24.7
EMP00033,Director,Fixed-term,2025-07-01,Project Horizon,Non-Billable,70.7
EMP00103,Director,Fixed-term,2025-07-01,Project Nova,Non-Billable,19.4
EMP00020,Senior Manager,Permanent,2025-07-01,Project Horizon,Non-Billable,73.2
EMP00022,Analyst,Permanent,2025-07-01,Project Orion,Annual Leave,33.3
EMP00281,Analyst,Permanent,2025-07-01,Project Falcon,Billable,58.8
EMP00044,Director,Permanent,2025-07-01,Project Orion,Non-Billable,56.3
EMP00040,Senior Analyst,Permanent,2025-07-01,Project Zenith,Billable,44.0
EMP00053,Senior Analyst,Permanent,2025-07-01,Project Nimbus,Billable,73.7
EMP00216,Junior,Fixed-term,2025-07-01,Project Horizon,Annual Leave,20.1
EMP00093,Analyst,Fixed-term,2025-07-01,Project Orion,Annual Leave,15.3
EMP00030,Manager,Permanent,2025-07-01,Project Aurora,Non-Billable,67.0
EMP00095,Junior,Fixed-term,2025-07-01,Project Vega,Billable,48.9
EMP00056,Analyst,Permanent,2025-07-01,Project Aurora,Annual Leave,24.5
EMP00254,Manager,Freelancer,2025-07-01,Project Orion,Billable,17.9
EMP00269,Intern,Fixed-term,2025-07-01,Project Nimbus,Annual Leave,35.9
EMP00063,Junior,Permanent,2025-07-01,Project Falcon,Annual Leave,13.8
EMP00107,Senior Analyst,Contractor,2025-07-01,Project Zenith,Billable,30.9
EMP00179,Analyst,Part-time,2025-07-01,Project Nimbus,Non-Billable,30.2
EMP00146,Analyst,Permanent,2025-07-01,Project Aurora,Billable,90.9
EMP00322,Senior Analyst,Part-time,2025-07-01,Project Vega,Non-Billable,42.4
EMP00291,Analyst,Fixed-term,2025-07-01,Project Horizon,Non-Billable,82.0
EMP00016,Junior,Permanent,2025-07-01,Project Horizon,Billable,67.1
EMP00246,Manager,Part-time,2025-07-01,Project Zenith,Non-Billable,9.8
EMP00248,Analyst,Contractor,2025-07-01,Project Nova,Billable,50.1
EMP00200,Senior Manager,Fixed-term,2025-07-01,Project Vega,Annual Leave,9.8
EMP00180,Analyst,Fixed-term,2025-07-01,Project Orion,Billable,48.9
EMP00223,Senior Manager,Permanent,2025-07-01,Project Titan,Non-Billable,35.8
EMP00295,Junior,Part-time,2025-07-01,Project Zenith,Non-Billable,83.0
EMP00187,Analyst,Permanent,2025-07-01,,Maternity Leave,12.3
EMP00169,Analyst,Fixed-term,2025-07-01,Project Falcon,Billable,85.1
EMP00045,Analyst,Fixed-term,2025-07-01,Project Atlas,Non-Billable,88.1
EMP00270,Senior Analyst,Contractor,2025-07-01,Project Nimbus,Billable,53.2
EMP00095,Junior,Fixed-term,2025-07-01,Project Vega,Annual Leave,35.8
EMP00191,Intern,Freelancer,2025-07-01,Project Orion,Billable,44.2
EMP00276,Senior Analyst,Fixed-term,2025-07-01,Project Zenith,Non-Billable,103.0
EMP00015,Manager,Freelancer,2025-07-01,Project Aurora,Non-Billable,60.4
EMP00165,Executive,Permanent,2025-07-01,Project Orion,Non-Billable,64.5
EMP00304,Senior Manager,Permanent,2025-07-01,Project Horizon,Non-Billable,92.3
EMP00119,Senior Analyst,Part-time,2025-07-01,Project Horizon,Billable,21.0
EMP00274,Junior,Freelancer,2025-07-01,Project Titan,Non-Billable,78.4
EMP00178,Intern,Permanent,2025-07-01,Project Nova,Non-Billable,153.6
EMP00160,Junior,Contractor,2025-07-01,Project Atlas,Billable,98.0
EMP00116,Manager,Fixed-term,2025-07-01,Project Zenith,Billable,93.5
EMP00229,Intern,Contractor,2025-07-01,Project Aurora,Non-Billable,116.0
EMP00246,Manager,Part-time,2025-07-01,Project Zenith,Annual Leave,23.4
EMP00026,Analyst,Permanent,2025-07-01,Project Nimbus,Non-Billable,91.6
EMP00162,Manager,Freelancer,2025-07-01,Project Orion,Annual Leave,26.8
EMP00105,Junior,Permanent,2025-07-01,Project Aurora,Non-Billable,96.4
EMP00051,Senior Analyst,Contractor,2025-07-01,Project Zenith,Billable,115.7
EMP00184,Junior,Permanent,2025-07-01,Project Falcon,Billable,61.5
EMP00245,Senior Analyst,Fixed-term,2025-07-01,Project Falcon,Billable,98.8
EMP00085,Junior,Permanent,2025-07-01,Project Horizon,Billable,52.9
EMP00072,Senior Analyst,Permanent,2025-07-01,Project Titan,Non-Billable,159.9
EMP00286,Analyst,Fixed-term,2025-07-01,Project Nimbus,Billable,68.8
EMP00026,Analyst,Permanent,2025-07-01,Project Nimbus,Billable,35.9
EMP00059,Manager,Fixed-term,2025-07-01,Project Titan,Billable,29.6
EMP00115,Junior,Permanent,2025-07-01,Project Vega,Non-Billable,115.0
EMP00330,Senior Analyst,Part-time,2025-07-01,Project Nimbus,Billable,29.1
EMP00229,Intern,Contractor,2025-07-01,Project Aurora,Annual Leave,30.3
EMP00065,Director,Fixed-term,2025-07-01,Project Aurora,Annual Leave,27.2
EMP00166,Senior Analyst,Contractor,2025-07-01,Project Orion,Billable,44.8
EMP00248,Analyst,Contractor,2025-07-01,Project Nova,Non-Billable,87.7
EMP00119,Senior Analyst,Part-time,2025-07-01,Project Horizon,Non-Billable,58.0
EMP00151,Analyst,Fixed-term,2025-07-01,Project Vega,Annual Leave,16.1
EMP00146,Analyst,Permanent,2025-07-01,Project Aurora,Annual Leave,26.0
EMP00252,Intern,Part-time,2025-07-01,Project Titan,Annual Leave,30.9
EMP00050,Manager,Freelancer,2025-07-01,Project Vega,Non-Billable,105.9
EMP00187,Analyst,Permanent,2025-07-01,Project Orion,Billable,61.2
EMP00271,Senior Analyst,Permanent,2025-07-01,Project Aurora,Annual Leave,31.3
EMP00139,Intern,Permanent,2025-07-01,,Maternity Leave,20.0
EMP00035,Manager,Permanent,2025-07-01,Project Aurora,Billable,64.1
EMP00337,Senior Manager,Permanent,2025-07-01,Project Falcon,Annual Leave,39.7
EMP00135,Senior Analyst,Fixed-term,2025-07-01,Project Horizon,Annual Leave,38.1
EMP00124,Analyst,Permanent,2025-07-01,Project Atlas,Non-Billable,75.7
EMP00187,Analyst,Permanent,2025-07-01,Project Orion,Non-Billable,68.4
EMP00314,Senior Analyst,Permanent,2025-07-01,Project Atlas,Non-Billable,123.5
EMP00305,Junior,Permanent,2025-07-01,Project Nova,Annual Leave,26.9
EMP00252,Intern,Part-time,2025-07-01,Project Titan,Non-Billable,59.2
EMP00301,Analyst,Freelancer,2025-07-01,Project Vega,Annual Leave,34.2
EMP00182,Analyst,Permanent,2025-07-01,Project Nimbus,Billable,57.8
EMP00008,Director,Permanent,2025-07-01,Project Nimbus,Non-Billable,86.2
EMP00136,Senior Analyst,Fixed-term,2025-07-01,Project Orion,Non-Billable,119.5
EMP00163,Senior Analyst,Part-time,2025-07-01,Project Aurora,Non-Billable,88.8
EMP00159,Junior,Permanent,2025-07-01,Project Vega,Annual Leave,34.0
EMP00068,Junior,Freelancer,2025-07-01,Project Vega,Non-Billable,75.5
EMP00135,Senior Analyst,Fixed-term,2025-07-01,Project Horizon,Billable,75.5
EMP00336,Manager,Freelancer,2025-07-01,Project Titan,Billable,26.3
EMP00156,Analyst,Freelancer,2025-07-01,Project Atlas,Non-Billable,59.0
EMP00293,Manager,Fixed-term,2025-07-01,Project Aurora,Non-Billable,72.7
EMP00111,Senior Analyst,Fixed-term,2025-07-01,Project Nova,Non-Billable,156.3
EMP00289,Junior,Fixed-term,2025-07-01,Project Nova,Annual Leave,17.0
EMP00081,Manager,Fixed-term,2025-07-01,Project Aurora,Non-Billable,63.1
EMP00336,Manager,Freelancer,2025-07-01,Project Titan,Non-Billable,84.7
EMP00242,Intern,Permanent,2025-07-01,Project Nova,Annual Leave,8.5
EMP00023,Junior,Permanent,2025-07-01,,Paternity Leave,24.7
EMP00002,Senior Analyst,Permanent,2025-07-01,Project Nimbus,Annual Leave,34.6
EMP00261,Analyst,Part-time,2025-07-01,Project Titan,Non-Billable,46.0
EMP00086,Senior Analyst,Part-time,2025-07-01,Project Falcon,Non-Billable,45.4
EMP00335,Senior Analyst,Permanent,2025-07-01,Project Falcon,Annual Leave,30.7
EMP00148,Junior,Permanent,2025-07-01,Project Nova,Annual Leave,11.2
EMP00145,Junior,Permanent,2025-07-01,Project Atlas,Annual Leave,39.5
EMP00090,Director,Permanent,2025-07-01,Project Nova,Non-Billable,104.3
EMP00212,Junior,Fixed-term,2025-07-01,Project Vega,Annual Leave,9.0
EMP00194,Analyst,Freelancer,2025-07-01,Project Vega,Annual Leave,27.7
EMP00199,Junior,Fixed-term,2025-07-01,Project Titan,Non-Billable,78.4
EMP00240,Senior Analyst,Permanent,2025-07-01,Project Titan,Annual Leave,19.3
EMP00264,Junior,Part-time,2025-07-01,Project Orion,Billable,27.4
EMP00027,Senior Analyst,Permanent,2025-07-01,Project Titan,Annual Leave,35.6
EMP00277,Senior Analyst,Part-time,2025-07-01,Project Falcon,Non-Billable,59.2
EMP00251,Director,Fixed-term,2025-07-01,Project Falcon,Non-Billable,63.2
EMP00055,Senior Manager,Fixed-term,2025-07-01,Project Atlas,Billable,66.6
EMP00061,Analyst,Permanent,2025-07-01,Project Horizon,Billable,94.9
EMP00285,Analyst,Fixed-term,2025-07-01,Project Aurora,Non-Billable,140.3
EMP00046,Analyst,Fixed-term,2025-07-01,Project Orion,Annual Leave,39.7
EMP00293,Manager,Fixed-term,2025-07-01,Project Aurora,Annual Leave,13.6
EMP00249,Junior,Permanent,2025-07-01,Project Horizon,Non-Billable,93.4
EMP00074,Junior,Permanent,2025-07-01,Project Horizon,Annual Leave,8.6
EMP00085,Junior,Permanent,2025-07-01,Project Horizon,Non-Billable,110.2
EMP00202,Junior,Permanent,2025-07-01,Project Atlas,Billable,58.9
EMP00172,Senior Analyst,Part-time,2025-07-01,Project Zenith,Non-Billable,79.8
EMP00068,Junior,Freelancer,2025-07-01,Project Vega,Billable,22.1
EMP00005,Intern,Permanent,2025-07-01,Project Zenith,Billable,37.8
EMP00086,Senior Analyst,Part-time,2025-07-01,Project Falcon,Billable,14.1
EMP00226,Senior Analyst,Part-time,2025-07-01,Project Vega,Non-Billable,56.4
EMP00277,Senior Analyst,Part-time,2025-07-01,Project Falcon,Annual Leave,36.3
EMP00153,Analyst,Part-time,2025-07-01,Project Zenith,Annual Leave,25.0
EMP00290,Analyst,Permanent,2025-07-01,Project Nimbus,Non-Billable,143.4
EMP00312,Analyst,Fixed-term,2025-07-01,Project Atlas,Annual Leave,34.8
EMP00254,Manager,Freelancer,2025-07-01,Project Orion,Non-Billable,64.8
EMP00280,Manager,Permanent,2025-07-01,,Maternity Leave,25.1
EMP00060,Senior Analyst,Part-time,2025-07-01,Project Horizon ,Non-Billable,41.7
EMP00239,Analyst,Freelancer,2025-07-01,Project Vega,Billable,78.0
EMP00234,Analyst,Permanent,2025-07-01,Project Vega,Non-Billable,111.7
EMP00230,Analyst,Part-time,2025-07-01,Project Titan,Non-Billable,69.2
EMP00288,Junior,Permanent,2025-07-01,Project Zenith,Billable,35.7
EMP00152,Executive,Part-time,2025-07-01,Project Titan,Non-Billable,29.5
EMP00080,Analyst,Part-time,2025-07-01,Project Nova,Non-Billable,16.7
EMP00004,Manager,Permanent,2025-07-01,Project Nimbus,Annual Leave,20.9
EMP00019,Senior Analyst,Permanent,2025-07-01,Project Zenith,Annual Leave,31.6
EMP00160,Junior,Contractor,2025-07-01,Project Atlas,Non-Billable,35.5
EMP00309,Manager,Permanent,2025-07-01,Project Nova,Non-Billable,147.6
EMP00004,Manager,Permanent,2025-07-01,Project Nimbus,Non-Billable,111.0
EMP00050,Manager,Freelancer,2025-07-01,Project Vega,Annual Leave,26.8
EMP00042,Junior,Permanent,2025-07-01,Project Zenith,Billable,94.4
EMP00103,Director,Fixed-term,2025-07-01,Project Nova,Billable,93.7
EMP00106,Intern,Contractor,2025-07-01,Project Nova,Billable,56.1
EMP00018,Manager,Fixed-term,2025-07-01,Project Horizon,Billable,59.5
EMP00027,Senior Analyst,Permanent,2025-07-01,Project Titan,Billable,59.3
EMP00188,Analyst,Fixed-term,2025-07-01,Project Orion,Non-Billable,72.7
EMP00174,Intern,Permanent,2025-07-01,Project Aurora,Non-Billable,65.9
EMP00214,Senior Analyst,Freelancer,2025-07-01,Project Orion,Billable,20.4
EMP00241,Analyst,Permanent,2025-07-01,Project Titan,Annual Leave,35.2
EMP00258,Senior Manager,Permanent,2025-07-01,Project Vega,Annual Leave,33.0
EMP00315,Director,Permanent,2025-07-01,Project Horizon,Billable,52.5
EMP00188,Analyst,Fixed-term,2025-07-01,Project Orion,Billable,48.3
EMP00301,Analyst,Freelancer,2025-07-01,Project Vega,Billable,47.0
EMP00056,Analyst,Permanent,2025-07-01,Project Aurora,Non-Billable,95.0
EMP00114,Junior,Part-time,2025-07-01,Project Vega,Non-Billable,74.9
EMP00179,Analyst,Part-time,2025-07-01,Project Nimbus,Billable,38.7
EMP00272,Senior Analyst,Contractor,2025-07-01,Project Zenith,Annual Leave,17.7
EMP00053,Senior Analyst,Permanent,2025-07-01,Project Nimbus,Non-Billable,87.5
EMP00333,Analyst,Permanent,2025-07-01,Project Zenith,Non-Billable,153.0
EMP00307,Analyst,Part-time,2025-07-01,Project Horizon,Billable,22.7
EMP00204,Junior,Permanent,2025-07-01,Project Zenith,Annual Leave,9.2
EMP00262,Analyst,Permanent,2025-07-01,Project Vega,Non-Billable,131.8
EMP00194,Analyst,Freelancer,2025-07-01,Project Vega,Non-Billable,68.2
EMP00118,Senior Analyst,Fixed-term,2025-07-01,Project Atlas,Non-Billable,89.1
EMP00195,Junior,Permanent,2025-07-01,Project Titan,Billable,27.6
EMP00016,Junior,Permanent,2025-07-01,Project Horizon,Annual Leave,25.1
EMP00309,Manager,Permanent,2025-07-01,Project Nova,Annual Leave,20.5
EMP00323,Analyst,Permanent,2025-07-01,Project Titan,Non-Billable,64.5
EMP00227,Junior,Fixed-term,2025-07-01,Project Atlas,Billable,82.0
EMP00211,Manager,Fixed-term,2025-07-01,Project Orion,Non-Billable,61.9
EMP00089,Intern,Freelancer,2025-07-01,Project Orion,Non-Billable,111.0
EMP00007,Junior,Permanent,2025-07-01,Project Vega,Annual Leave,29.9
EMP00320,Junior,Part-time,2025-07-01,Project Aurora,Billable,34.8
EMP00199,Junior,Fixed-term,2025-07-01,Project Titan,Billable,61.6
EMP00124,Analyst,Permanent,2025-07-01,Project Atlas,Billable,76.8
EMP00087,Analyst,Contractor,2025-07-01,Project Atlas,Non-Billable,57.4
EMP00182,Analyst,Permanent,2025-07-01,Project Nimbus,Annual Leave,31.6
EMP00339,Manager,Contractor,2025-07-01,Project Nova,Annual Leave,23.4
EMP00078,Analyst,Contractor,2025-07-01,Project Aurora,Annual Leave,20.0
EMP00023,Junior,Permanent,2025-07-01,Project Aurora,Non-Billable,67.7
EMP00322,Senior Analyst,Part-time,2025-07-01,Project Vega,Billable,30.4
EMP00283,Director,Fixed-term,2025-07-01,Project Aurora,Billable,64.7
EMP00206,Senior Analyst,Part-time,2025-07-01,Project Nimbus,Non-Billable,40.5
EMP00318,Junior,Contractor,2025-07-01,Project Nimbus,Annual Leave,29.5
EMP00275,Junior,Part-time,2025-07-01,Project Atlas,Billable,19.0
EMP00024,Intern,Freelancer,2025-07-01,Project Zenith,Non-Billable,35.8
EMP00014,Senior Manager,Contractor,2025-07-01,Project Horizon,Annual Leave,17.9
EMP00282,Analyst,Fixed-term,2025-07-01,Project Aurora,Non-Billable,81.9
EMP00214,Senior Analyst,Freelancer,2025-07-01,Project Orion,Annual Leave,17.5
EMP00276,Senior Analyst,Fixed-term,2025-07-01,Project Zenith,Billable,35.9
EMP00221,Intern,Contractor,2025-07-01,Project Titan,Annual Leave,35.3
EMP00183,Intern,Permanent,2025-07-01,Project Orion,Annual Leave,35.5
EMP00266,Manager,Fixed-term,2025-07-01,Project Orion,Billable,50.0
EMP00167,Junior,Permanent,2025-07-01,Project Nimbus,Non-Billable,129.8
EMP00117,Intern,Fixed-term,2025-07-01,Project Horizon,Billable,54.4
EMP00163,Senior Analyst,Part-time,2025-07-01,Project Aurora,Annual Leave,14.2
EMP00237,Senior Manager,Fixed-term,2025-07-01,Project Falcon,Annual Leave,30.9
EMP00244,Senior Analyst,Permanent,2025-07-01,Project Nimbus,Annual Leave,31.7
EMP00031,Manager,Contractor,2025-07-01,Project Nimbus,Annual Leave,17.7
EMP00019,Senior Analyst,Permanent,2025-07-01,Project Zenith,Billable,66.5
EMP00112,Intern,Permanent,2025-07-01,Project Titan,Billable,39.9
EMP00203,Analyst,Contractor,2025-07-01,Project Atlas,Annual Leave,26.2
EMP00183,Intern,Permanent,2025-07-01,Project Orion,Non-Billable,97.6
EMP00024,Intern,Freelancer,2025-07-01,Project Zenith,Billable,77.6
EMP00166,Senior Analyst,Contractor,2025-07-01,Project Orion,Annual Leave,26.4
EMP00052,Analyst,Freelancer,2025-07-01,Project Falcon,Billable,62.9
EMP00219,Junior,Part-time,2025-07-01,Project Falcon,Annual Leave,32.7
EMP00264,Junior,Part-time,2025-07-01,Project Orion,Non-Billable,39.8
EMP00009,Manager,Freelancer,2025-07-01,Project Nova,Billable,69.9
EMP00080,Analyst,Part-time,2025-07-01,Project Nova,Annual Leave,33.6
EMP00128,Manager,Fixed-term,2025-07-01,Project Vega,Billable,63.2
EMP00248,Analyst,Contractor,2025-07-01,Project Nova,Annual Leave,14.5
EMP00106,Intern,Contractor,2025-07-01,Project Nova,Annual Leave,23.7
EMP00302,Junior,Fixed-term,2025-07-01,Project Zenith,Non-Billable,155.3
EMP00230,Analyst,Part-time,2025-07-01,Project Titan,Annual Leave,25.9
EMP00127,Analyst,Freelancer,2025-07-01,Project Nova,Annual Leave,37.5
EMP00138,Senior Analyst,Part-time,2025-07-01,Project Vega,Annual Leave,16.2
EMP00260,Analyst,Contractor,2025-07-01,Project Nimbus,Annual Leave,36.9
EMP00007,Junior,Permanent,2025-07-01,Project Vega,Non-Billable,138.0
EMP00032,Manager,Contractor,2025-07-01,Project Atlas,Annual Leave,11.0
EMP00201,Analyst,Permanent,2025-07-01,Project Falcon,Billable,44.1
EMP00227,Junior,Fixed-term,2025-07-01,Project Atlas,Annual Leave,18.0
EMP00025,Senior Analyst,Contractor,2025-07-01,Project Titan,Annual Leave,37.6
EMP00281,Analyst,Permanent,2025-07-01,Project Falcon,Non-Billable,79.8
EMP00294,Senior Manager,Permanent,2025-07-01,Project Nova,Non-Billable,46.3
EMP00134,Analyst,Permanent,2025-07-01,Project Orion,Non-Billable,97.3
EMP00240,Senior Analyst,Permanent,2025-07-01,Project Titan,Non-Billable,41.9
EMP00321,Manager,Part-time,2025-07-01,Project Zenith,Billable,30.2
EMP00039,Analyst,Permanent,2025-07-01,Project Atlas,Non-Billable,145.4
EMP00265,Intern,Permanent,2025-07-01,Project Zenith,Billable,42.3
EMP00104,Junior,Permanent,2025-07-01,Project Falcon,Non-Billable,73.8
EMP00308,Senior Analyst,Part-time,2025-07-01,Project Orion,Billable,15.0
EMP00144,Intern,Freelancer,2025-07-01,Project Nimbus,Annual Leave,38.3
EMP00059,Manager,Fixed-term,2025-07-01,Project Titan,Non-Billable,112.2
EMP00041,Intern,Permanent,2025-07-01,Project Vega,Annual Leave,8.1
EMP00223,Senior Manager,Permanent,2025-07-01,Project Titan,Annual Leave,31.0
EMP00177,Analyst,Contractor,2025-07-01,Project Falcon,Billable,67.8
EMP00332,Senior Analyst,Permanent,2025-07-01,Project Falcon,Non-Billable,83.6
EMP00066,Senior Analyst,Permanent,2025-07-01,Project Falcon,Annual Leave,35.8
EMP00101,Manager,Permanent,2025-07-01,Project Zenith,Non-Billable,149.1
EMP00177,Analyst,Contractor,2025-07-01,Project Falcon,Annual Leave,23.7
EMP00100,Junior,Freelancer,2025-07-01,Project Titan,Non-Billable,120.2
EMP00316,Analyst,Permanent,2025-07-01,Project Titan,Annual Leave,11.7
EMP00202,Junior,Permanent,2025-07-01,Project Atlas,Annual Leave,14.6
EMP00017,Analyst,Permanent,2025-07-01,Project Atlas,Non-Billable,133.2
EMP00035,Manager,Permanent,2025-07-01,Project Aurora,Annual Leave,20.7
EMP00126,Senior Manager,Part-time,2025-07-01,Project Vega,Billable,30.1
EMP00206,Senior Analyst,Part-time,2025-07-01,Project Nimbus,Billable,31.7
EMP00241,Analyst,Permanent,2025-07-01,Project Titan,Non-Billable,74.3
EMP00205,Manager,Permanent,2025-07-01,Project Atlas,Non-Billable,156.7
EMP00138,Senior Analyst,Part-time,2025-07-01,Project Vega,Billable,45.7
EMP00123,Senior Analyst,Part-time,2025-07-01,Project Orion,Annual Leave,33.9
EMP00073,Intern,Part-time,2025-07-01,Project Horizon,Non-Billable,48.6
EMP00005,Intern,Permanent,2025-07-01,Project Zenith,Non-Billable,95.7
EMP00253,Intern,Part-time,2025-07-01,Project Falcon,Annual Leave,11.3
EMP00043,Intern,Contractor,2025-07-01,Project Falcon,Non-Billable,69.8
EMP00151,Analyst,Fixed-term,2025-07-01,Project Vega,Billable,72.0
EMP00283,Director,Fixed-term,2025-07-01,,Paternity Leave,8.0
EMP00067,Manager,Part-time,2025-07-01,Project Vega,Non-Billable,53.3
EMP00072,Senior Analyst,Permanent,2025-07-01,Project Titan,Annual Leave,20.0
EMP00171,Analyst,Permanent,2025-07-01,Project Zenith,Non-Billable,67.7
EMP00011,Executive,Permanent,2025-07-01,Project Falcon,Annual Leave,22.1
EMP00150,Senior Manager,Fixed-term,2025-07-01,Project Atlas,Billable,53.1
EMP00312,Analyst,Fixed-term,2025-07-01,Project Atlas,Non-Billable,33.5
EMP00094,Senior Analyst,Contractor,2025-07-01,Project Vega,Non-Billable,69.6
EMP00053,Senior Analyst,Permanent,2025-07-01,Project Nimbus,Annual Leave,9.0
EMP00311,Analyst,Permanent,2025-07-01,Project Nimbus,Annual Leave,33.7
EMP00104,Junior,Permanent,2025-07-01,Project Falcon,Billable,64.4
EMP00275,Junior,Part-time,2025-07-01,Project Atlas,Annual Leave,36.9
EMP00175,Manager,Permanent,2025-07-01,Project Atlas,Annual Leave,35.6
EMP00073,Intern,Part-time,2025-07-01,Project Horizon,Billable,39.6
EMP00172,Senior Analyst,Part-time,2025-07-01,Project Zenith,Annual Leave,21.0
EMP00082,Analyst,Permanent,2025-07-01,Project Nimbus,Non-Billable,139.3
EMP00101,Manager,Permanent,2025-07-01,Project Zenith,Annual Leave,10.9
EMP00314,Senior Analyst,Permanent,2025-07-01,Project Atlas,Billable,46.0
EMP00018,Manager,Fixed-term,2025-07-01,Project Horizon,Non-Billable,93.8
EMP00113,Analyst,Permanent,2025-07-01,Project Atlas,Non-Billable,135.5
EMP00027,Senior Analyst,Permanent,2025-07-01,Project Titan,Non-Billable,71.2
EMP00231,Intern,Fixed-term,2025-07-01,Project Atlas,Non-Billable,95.6
EMP00271,Senior Analyst,Permanent,2025-07-01,Project Aurora,Non-Billable,144.8
EMP00331,Senior Analyst,Permanent,2025-07-01,Project Aurora,Annual Leave,13.4
EMP00037,Analyst,Fixed-term,2025-07-01,Project Orion,Non-Billable,88.8
EMP00067,Manager,Part-time,2025-07-01,Project Vega,Annual Leave,35.4
EMP00015,Manager,Freelancer,2025-07-01,Project Aurora,Annual Leave,23.1
EMP00299,Senior Analyst,Fixed-term,2025-07-01,Project Nova,Non-Billable,112.8
EMP00086,Senior Analyst,Part-time,2025-07-01,Project Falcon,Annual Leave,35.7
EMP00076,Intern,Permanent,2025-07-01,Project Titan,Billable,53.6
EMP00219,Junior,Part-time,2025-07-01,Project Falcon,Non-Billable,60.8
EMP00020,Senior Manager,Permanent,2025-07-01,Project Horizon,Billable,83.7
EMP00033,Director,Fixed-term,2025-07-01,Project Horizon,Billable,53.0
EMP00311,Analyst,Permanent,2025-07-01,Project Nimbus,Non-Billable,129.4
EMP00299,Senior Analyst,Fixed-term,2025-07-01,Project Nova,Billable,34.0
EMP00140,Intern,Permanent,2025-07-01,Project Aurora,Annual Leave,16.7
EMP00035,Manager,Permanent,2025-07-01,Project Aurora,Non-Billable,76.4
EMP00032,Manager,Contractor,2025-07-01,Project Atlas,Non-Billable,136.0
EMP00081,Manager,Fixed-term,2025-07-01,Project Aurora,Annual Leave,31.7
EMP00136,Senior Analyst,Fixed-term,2025-07-01,,Maternity Leave,20.1
EMP00267,Intern,Freelancer,2025-07-01,Project Atlas,Billable,41.5
EMP00201,Analyst,Permanent,2025-07-01,Project Falcon,Non-Billable,122.3
EMP00185,Junior,Part-time,2025-07-01,Project Horizon,Annual Leave,16.7
EMP00270,Senior Analyst,Contractor,2025-07-01,Project Nimbus,Annual Leave,28.1
EMP00251,Director,Fixed-term,2025-07-01,Project Falcon,Annual Leave,30.0
EMP00324,Junior,Permanent,2025-07-01,Project Falcon,Billable,29.4
EMP00208,Analyst,Permanent,2025-07-01,Project Nimbus,Billable,65.1
EMP00243,Senior Analyst,Contractor,2025-07-01,Project Aurora,Non-Billable,92.9
EMP00173,Manager,Freelancer,2025-07-01,Project Aurora ,Annual Leave,29.7
EMP00185,Junior,Part-time,2025-07-01,Project Horizon,Billable,35.6
EMP00254,Manager,Freelancer,2025-07-01,Project Orion,Annual Leave,34.8
EMP00107,Senior Analyst,Contractor,2025-07-01,Project Zenith,Annual Leave,29.4
EMP00249,Junior,Permanent,2025-07-01,Project Horizon,Annual Leave,32.5
EMP00177,Analyst,Contractor,2025-07-01,Project Falcon,Non-Billable,69.2
EMP00198,Senior Manager,Freelancer,2025-07-01,Project Atlas,Annual Leave,18.9
EMP00241,Analyst,Permanent,2025-07-01,Project Titan,Billable,63.3
EMP00238,Intern,Permanent,2025-07-01,Project Nova,Billable,92.2
EMP00200,Senior Manager,Fixed-term,2025-07-01,Project Vega,Non-Billable,87.4
EMP00093,Analyst,Fixed-term,2025-07-01,Project Orion,Billable,56.7
EMP00098,Intern,Fixed-term,2025-07-01,Project Atlas,Annual Leave,9.6
EMP00263,Analyst,Part-time,2025-07-01,Project Zenith,Annual Leave,9.3
EMP00028,Analyst,Permanent,2025-07-01,Project Vega,Non-Billable,133.4
EMP00169,Analyst,Fixed-term,2025-07-01,Project Falcon,Non-Billable,80.6
EMP00094,Senior Analyst,Contractor,2025-07-01,Project Vega,Billable,58.1
EMP00195,Junior,Permanent,2025-07-01,Project Titan,Non-Billable,94.3
EMP00057,Intern,Part-time,2025-07-01,Project Nova,Non-Billable,61.9
EMP00328,Analyst,Permanent,2025-07-01,Project Falcon,Annual Leave,9.1
EMP00161,Intern,Contractor,2025-07-01,Project Nova,Billable,52.9
EMP00269,Intern,Fixed-term,2025-07-01,Project Nimbus,Billable,63.6
EMP00043,Intern,Contractor,2025-07-01,Project Falcon,Annual Leave,14.7
EMP00105,Junior,Permanent,2025-07-01,Project Aurora,Billable,37.2
EMP00239,Analyst,Freelancer,2025-07-01,Project Vega,Annual Leave,23.1
EMP00228,Manager,Part-time,2025-07-01,Project Nimbus,Non-Billable,21.1
EMP00040,Senior Analyst,Permanent,2025-07-01,Project Zenith,Annual Leave,14.8
EMP00123,Senior Analyst,Part-time,2025-07-01,Project Orion,Non-Billable,29.7
EMP00056,Analyst,Permanent,2025-07-01,Project Aurora,Billable,58.5
EMP00167,Junior,Permanent,2025-07-01,Project Nimbus,Annual Leave,38.9
EMP00235,Analyst,Fixed-term,2025-07-01,Project Falcon,Billable,36.9
EMP00308,Senior Analyst,Part-time,2025-07-01,Project Orion,Annual Leave,23.2
EMP00004,Manager,Permanent,2025-07-01,Project Nimbus,Billable,41.5
EMP00182,Analyst,Permanent,2025-07-01,Project Nimbus,Non-Billable,81.9
EMP00098,Intern,Fixed-term,2025-07-01,Project Atlas,Non-Billable,45.8
EMP00061,Analyst,Permanent,2025-07-01,Project Horizon,Non-Billable,59.1
EMP00134,Analyst,Permanent,2025-07-01,Project Orion,Annual Leave,36.4
EMP00170,Analyst,Fixed-term,2025-07-01,project horizon,Non-Billable,137.7
EMP00232,Analyst,Permanent,2025-07-01,Project Falcon,Annual Leave,23.9
EMP00261,Analyst,Part-time,2025-07-01,Project Titan,Billable,19.1
EMP00139,Intern,Permanent,2025-07-01,Project Titan,Non-Billable,150.7
EMP00217,Analyst,Permanent,2025-07-01,Project Falcon,Non-Billable,143.7
EMP00215,Junior,Contractor,2025-07-01,Project Zenith,Non-Billable,83.2
EMP00110,Junior,Part-time,2025-07-01,Project Horizon,Annual Leave,16.7
EMP00155,Junior,Permanent,2025-07-01,Project Vega,Non-Billable,68.8
EMP00266,Manager,Fixed-term,2025-07-01,Project Orion,Non-Billable,66.3
EMP00108,Junior,Permanent,2025-07-01,Project Titan,Annual Leave,31.5
EMP00330,Senior Analyst,Part-time,2025-07-01,Project Nimbus,Annual Leave,11.3
EMP00212,Junior,Fixed-term,2025-07-01,Project Vega,Non-Billable,82.6
EMP00071,Analyst,Fixed-term,2025-07-01,Project Nimbus,Annual Leave,31.1
EMP00320,Junior,Part-time,2025-07-01,Project Aurora,Non-Billable,48.6
EMP00286,Analyst,Fixed-term,2025-07-01,Project Nimbus,Non-Billable,78.9
EMP00250,Senior Manager,Fixed-term,2025-07-01,Project Zenith,Annual Leave,26.4
EMP00265,Intern,Permanent,2025-07-01,Project Zenith,Non-Billable,106.2
EMP00278,Analyst,Permanent,2025-07-01,Project Aurora,Billable,34.5
EMP00283,Director,Fixed-term,2025-07-01,Project Aurora,Non-Billable,85.3
EMP00115,Junior,Permanent,2025-07-01,Project Vega,Billable,49.0
EMP00300,Analyst,Fixed-term,2025-07-01,Project Nimbus,Billable,76.2
EMP00041,Intern,Permanent,2025-07-01,Project Vega,Non-Billable,161.6
EMP00234,Analyst,Permanent,2025-07-01,Project Vega,Billable,45.2
EMP00202,Junior,Permanent,2025-07-01,Project Atlas,Non-Billable,85.7
EMP00268,Senior Analyst,Permanent,2025-07-01,Project Horizon,Billable,46.4
EMP00295,Junior,Part-time,2025-07-01,Project Zenith,Annual Leave,12.6
EMP00015,Manager,Freelancer,2025-07-01,Project Aurora,Billable,49.6
EMP00152,Executive,Part-time,2025-07-01,Project Titan,Billable,50.5
EMP00149,Senior Analyst,Permanent,2025-07-01,Project Falcon,Non-Billable,140.7
EMP00145,Junior,Permanent,2025-07-01,Project Atlas,Non-Billable,124.7
EMP00083,Intern,Permanent,2025-07-01,Project Nimbus,Annual Leave,9.7
EMP00142,Analyst,Permanent,2025-07-01,Project Falcon,Billable,81.9
EMP00260,Analyst,Contractor,2025-07-01,Project Nimbus,Non-Billable,89.8
EMP00195,Junior,Permanent,2025-07-01,Project Titan,Annual Leave,39.8
EMP00158,Senior Analyst,Fixed-term,2025-07-01,Project Atlas,Non-Billable,152.2
EMP00057,Intern,Part-time,2025-07-01,Project Nova,Annual Leave,32.8
EMP00026,Analyst,Permanent,2025-07-01,Project Nimbus,Annual Leave,39.4
EMP00321,Manager,Part-time,2025-07-01,Project Zenith,Annual Leave,15.3
EMP00174,Intern,Permanent,2025-07-01,Project Aurora,Annual Leave,13.3
EMP00006,Analyst,Contractor,2025-07-01,Project Zenith,Billable,51.4
EMP00298,Junior,Freelancer,2025-07-01,Project Atlas,Annual Leave,19.6
EMP00288,Junior,Permanent,2025-07-01,Project Zenith,Annual Leave,32.9
EMP00208,Analyst,Permanent,2025-07-01,Project Nimbus,Annual Leave,15.0
EMP00095,Junior,Fixed-term,2025-07-01,Project Vega,Non-Billable,82.9
EMP00060,Senior Analyst,Part-time,2025-07-01,Project Horizon,Annual Leave,35.7
EMP00116,Manager,Fixed-term,2025-07-01,Project Zenith,Annual Leave,17.7
EMP00217,Analyst,Permanent,2025-07-01,Project Falcon,Annual Leave,32.3
EMP00110,Junior,Part-time,2025-07-01,Project Horizon,Billable,29.9
EMP00185,Junior,Part-time,2025-07-01,Project Horizon,Non-Billable,41.7
EMP00201,Analyst,Permanent,2025-07-01,Project Falcon,Annual Leave,11.2
EMP00333,Analyst,Permanent,2025-07-01,Project Zenith,Annual Leave,25.0
EMP00062,Senior Analyst,Permanent,2025-07-01,Project Nova,Non-Billable,104.5
EMP00153,Analyst,Part-time,2025-07-01,Project Zenith,Non-Billable,52.5
EMP00102,Analyst,Contractor,2025-07-01,Project Vega,Annual Leave,15.6
EMP00016,Junior,Permanent,2025-07-01,Project Horizon,Non-Billable,59.3
EMP00132,Junior,Fixed-term,2025-07-01,Project Nimbus,Annual Leave,19.0
EMP00206,Senior Analyst,Part-time,2025-07-01,Project Nimbus,Annual Leave,28.5
EMP00245,Senior Analyst,Fixed-term,2025-07-01,Project Falcon,Non-Billable,60.6
EMP00119,Senior Analyst,Part-time,2025-07-01,Project  Horizon,Annual Leave,19.9
EMP00204,Junior,Permanent,2025-07-01,Project Zenith,Non-Billable,65.7
EMP00224,Senior Manager,Fixed-term,2025-07-01,Project Falcon,Annual Leave,9.5
EMP00096,Senior Analyst,Contractor,2025-07-01,Project Zenith,Billable,61.8
EMP00224,Senior Manager,Fixed-term,2025-07-01,Project Falcon,Non-Billable,164.5
EMP00290,Analyst,Permanent,2025-07-01,Project Nimbus,Annual Leave,21.9
EMP00093,Analyst,Fixed-term,2025-07-01,Project Orion,Non-Billable,74.6
EMP00029,Manager,Permanent,2025-07-01,Project Nimbus,Annual Leave,35.1
EMP00173,Manager,Freelancer,2025-07-01,Project Aurora,Non-Billable,112.4
EMP00058,Manager,Freelancer,2025-07-01,Project Zenith,Billable,69.6
EMP00029,Manager,Permanent,2025-07-01,Project Nimbus,Non-Billable,99.7
EMP00116,Manager,Fixed-term,2025-07-01,Project Zenith,Non-Billable,60.8
EMP00273,Junior,Fixed-term,2025-07-01,Project Falcon,Annual Leave,14.9
EMP00066,Senior Analyst,Permanent,2025-07-01,Project Falcon,Non-Billable,106.3
EMP00175,Manager,Permanent,2025-07-01,Project Atlas,Non-Billable,85.5
EMP00211,Manager,Fixed-term,2025-07-01,Project Orion,Annual Leave,39.3
EMP00180,Analyst,Fixed-term,2025-07-01,Project Orion,Non-Billable,66.1
EMP00204,Junior,Permanent,2025-07-01,Project Zenith,Billable,90.2
EMP00315,Director,Permanent,2025-07-01,Project Horizon,Annual Leave,13.1
EMP00225,Senior Analyst,Permanent,2025-07-01,Project Vega,Non-Billable,69.8
EMP00326,Manager,Permanent,2025-07-01,Project Falcon,Billable,55.8
EMP00196,Analyst,Part-time,2025-07-01,Project Orion,Non-Billable,30.4
EMP00037,Analyst,Fixed-term,2025-07-01,Project Orion,Billable,34.1
EMP00274,Junior,Freelancer,2025-07-01,Project Titan,Billable,42.1
EMP00279,Analyst,Permanent,2025-07-01,Project Orion,Annual Leave,35.8
EMP00124,Analyst,Permanent,2025-07-01,Project Atlas,Annual Leave,22.9
EMP00052,Analyst,Freelancer,2025-07-01,Project Falcon,Annual Leave,23.1
EMP00051,Senior Analyst,Contractor,2025-07-01,Project Zenith,Non-Billable,23.8
EMP00196,Analyst,Part-time,2025-07-01,Project Orion,Billable,24.8
EMP00161,Intern,Contractor,2025-07-01,Project Nova,Annual Leave,35.5
EMP00244,Senior Analyst,Permanent,2025-07-01,,Non-Billable,55.1
EMP00088,Analyst,Contractor,2025-07-01,Project Nova,Non-Billable,120.3
EMP00180,Analyst,Fixed-term,2025-07-01,Project Orion,Annual Leave,28.7
EMP00328,Analyst,Permanent,2025-07-01,Project Falcon,Billable,88.2
EMP00141,Junior,Fixed-term,2025-07-01,Project Aurora,Billable,69.1
EMP00125,Senior Analyst,Fixed-term,2025-07-01,Project Titan,Annual Leave,13.0
EMP00103,Director,Fixed-term,2025-07-01,Project Nova,Annual Leave,39.0
EMP00030,Manager,Permanent,2025-07-01,Project Aurora,Annual Leave,37.1
EMP00126,Senior Manager,Part-time,2025-07-01,Project Vega,Annual Leave,33.8
EMP00140,Intern,Permanent,2025-07-01,Project Aurora,Billable,72.9
EMP00268,Senior Analyst,Permanent,2025-07-01,Project Horizon,Annual Leave,11.9
EMP00316,Analyst,Permanent,2025-07-01,Project Titan,Non-Billable,153.4
EMP00025,Senior Analyst,Contractor,2025-07-01,Project Titan,Billable,61.7
EMP00237,Senior Manager,Fixed-term,2025-07-01,Project Falcon,Non-Billable,104.0
EMP00120,Senior Analyst,Permanent,2025-07-01,Project Titan,Non-Billable,74.1
EMP00099,Analyst,Permanent,2025-07-01,Project Titan,Non-Billable,81.4
EMP00048,Intern,Permanent,2025-07-01,Project Atlas,Non-Billable,89.9
EMP00329,Analyst,Permanent,2025-07-01,Project Falcon,Annual Leave,21.3
EMP00250,Senior Manager,Fixed-term,2025-07-01,Project Zenith,Non-Billable,83.1
EMP00070,Junior,Permanent,2025-07-01,Project Nimbus,Non-Billable,87.9
EMP00159,Junior,Permanent,2025-07-01,Project Vega,Non-Billable,99.5
EMP00141,Junior,Fixed-term,2025-07-01,Project Aurora,Non-Billable,86.3
EMP00054,Senior Analyst,Fixed-term,2025-07-01,Project Titan,Billable,59.8
EMP00329,Analyst,Permanent,2025-07-01,Project Falcon,Non-Billable,90.7
EMP00285,Analyst,Fixed-term,2025-07-01,Project Aurora,Annual Leave,37.1
EMP00222,Senior Analyst,Permanent,2025-07-01,Project Vega,Non-Billable,140.4
EMP00076,Intern,Permanent,2025-07-01,Project Titan,Non-Billable,71.5
EMP00238,Intern,Permanent,2025-07-01,Project Nova,Non-Billable,70.5
EMP00306,Junior,Permanent,2025-07-01,Project Vega,Non-Billable,167.7
EMP00251,Director,Fixed-term,2025-07-01,Project Falcon,Billable,79.8
EMP00326,Manager,Permanent,2025-07-01,Project Falcon,Non-Billable,86.6
EMP00014,Senior Manager,Contractor,2025-07-01,Project Horizon,Non-Billable,61.5
EMP00215,Junior,Contractor,2025-07-01,Project Zenith,Annual Leave,30.4
EMP00314,Senior Analyst,Permanent,2025-07-01,Project Atlas,Annual Leave,11.1
EMP00098,Intern,Fixed-term,2025-07-01,Project Atlas,Billable,97.5
EMP00261,Analyst,Part-time,2025-07-01,Project Titan,Annual Leave,28.5
EMP00227,Junior,Fixed-term,2025-07-01,Project Atlas,Non-Billable,82.2
EMP00008,Director,Permanent,2025-07-01,Project Nimbus,Annual Leave,24.4
EMP00338,Intern,Contractor,2025-07-01,Project Nova,Non-Billable,76.5
EMP00165,Executive,Permanent,2025-07-01,Project Orion,Annual Leave,11.7
EMP00037,Analyst,Fixed-term,2025-07-01,Project Orion,Annual Leave,13.3
EMP00306,Junior,Permanent,2025-07-01,Project Vega,Annual Leave,14.9
EMP00267,Intern,Freelancer,2025-07-01,Project Atlas,Non-Billable,61.9
EMP00213,Senior Analyst,Permanent,2025-07-01,Project Horizon,Billable,54.4
EMP00291,Analyst,Fixed-term,2025-07-01,Project Horizon,Annual Leave,21.6
EMP00127,Analyst,Freelancer,2025-07-01,Project Nova,Billable,37.2
EMP00213,Senior Analyst,Permanent,2025-07-01,Project Horizon,Non-Billable,70.8
EMP00258,Senior Manager,Permanent,2025-07-01,Project Vega,Billable,69.3
EMP00040,Senior Analyst,Permanent,2025-07-01,Project Zenith,Non-Billable,115.3
EMP00045,Analyst,Fixed-term,2025-07-01,Project Atlas,Billable,74.5
EMP00107,Senior Analyst,Contractor,2025-07-01,Project Zenith,Non-Billable,61.9
EMP00008,Director,Permanent,2025-07-01,Project Nimbus,Billable,65.3
EMP00085,Junior,Permanent,2025-07-01,Project Horizon,Annual Leave,14.1
EMP00013,Analyst,Part-time,2025-07-01,Project Atlas,Annual Leave,39.8
EMP00020,Senior Manager,Permanent,2025-07-01,Project Horizon,Annual Leave,15.1
EMP00242,Intern,Permanent,2025-07-01,Project Nova,Non-Billable,94.1
EMP00088,Analyst,Contractor,2025-07-01,project nova,Annual Leave,28.9
EMP00058,Manager,Freelancer,2025-07-01,Project Zenith,Annual Leave,18.1
EMP00168,Junior,Permanent,2025-07-01,Project Atlas,Non-Billable,152.1
EMP00120,Senior Analyst,Permanent,2025-07-01,project titan,Annual Leave,34.8
EMP00114,Junior,Part-time,2025-07-01,Project Vega,Annual Leave,19.7
EMP00074,Junior,Permanent,2025-07-01,Project Horizon,Billable,76.6
EMP00021,Senior Analyst,Fixed-term,2025-07-01,Project Horizon,Non-Billable,27.9
EMP00036,Senior Manager,Permanent,2025-07-01,Project Nimbus,Annual Leave,30.8
EMP00260,Analyst,Contractor,2025-07-01,Project Nimbus,Billable,29.2
EMP00300,Analyst,Fixed-term,2025-07-01,Project Nimbus,Annual Leave,16.8
EMP00328,Analyst,Permanent,2025-07-01,Project Falcon,Non-Billable,68.6
EMP00284,Analyst,Permanent,2025-07-01,Project Falcon,Non-Billable,31.7
EMP00308,Senior Analyst,Part-time,2025-07-01,Project Orion,Non-Billable,40.2
EMP00170,Analyst,Fixed-term,2025-07-01,Project Horizon,Annual Leave,21.9
EMP00149,Senior Analyst,Permanent,2025-07-01,Project Falcon,Annual Leave,30.4
EMP00130,Junior,Permanent,2025-07-01,Project Nova,Non-Billable,105.9
EMP00030,Manager,Permanent,2025-07-01,Project Aurora,Billable,53.8
EMP00196,Analyst,Part-time,2025-07-01,Project Orion,Annual Leave,24.4
EMP00280,Manager,Permanent,2025-07-01,Project Orion,Non-Billable,125.4
EMP00221,Intern,Contractor,2025-07-01,Project Titan,Non-Billable,108.2
EMP00052,Analyst,Freelancer,2025-07-01,Project Falcon,Non-Billable,41.6
EMP00291,Analyst,Fixed-term,2025-07-01,Project Horizon,Billable,65.3
EMP00047,Senior Analyst,Part-time,2025-07-01,Project Zenith,Annual Leave,22.2
EMP00159,Junior,Permanent,2025-07-01,Project Vega,Billable,40.3
EMP00117,Intern,Fixed-term,2025-07-01,Project Horizon,Non-Billable,108.7
EMP00162,Manager,Freelancer,2025-07-01,Project Orion,Non-Billable,92.1
EMP00042,Junior,Permanent,2025-07-01,Project Zenith,Non-Billable,42.8
EMP00184,Junior,Permanent,2025-07-01,Project Falcon,Non-Billable,78.4
EMP00242,Intern,Permanent,2025-07-01,Project Nova,Billable,60.6
EMP00118,Senior Analyst,Fixed-term,2025-07-01,Project Atlas,Billable,34.3
EMP00267,Intern,Freelancer,2025-07-01,Project Atlas,Annual Leave,25.0
EMP00091,Senior Analyst,Permanent,2025-07-01,Project Nova,Non-Billable,109.5
EMP00246,Manager,Part-time,2025-08-01,Project Zenith,Billable,64.0
EMP00080,Analyst,Part-time,2025-08-01,Project Nova,Billable,84.2
EMP00025,Senior Analyst,Contractor,2025-08-01,Project Titan,Billable,71.7
EMP00085,Junior,Permanent,2025-08-01,Project Horizon,Non-Billable,102.2
EMP00138,Senior Analyst,Part-time,2025-08-01,Project  Vega,Non-Billable,51.2
EMP00121,Senior Analyst,Contractor,2025-08-01,Project Nimbus,Non-Billable,155.0
EMP00106,Intern,Contractor,2025-08-01,Project Nova,Billable,52.2
EMP00172,Senior Analyst,Part-time,2025-08-01,Project Zenith,Annual Leave,15.1
EMP00211,Manager,Fixed-term,2025-08-01,Project Orion,Non-Billable,33.8
EMP00249,Junior,Permanent,2025-08-01,Project Horizon,Billable,44.2
EMP00224,Senior Manager,Fixed-term,2025-08-01,Project Falcon ,Non-Billable,174.5
EMP00142,Analyst,Permanent,2025-08-01,Project Falcon,Billable,76.9
EMP00179,Analyst,Part-time,2025-08-01,Project Nimbus,Non-Billable,43.4
EMP00188,Analyst,Fixed-term,2025-08-01,Project Orion,Non-Billable,73.6
EMP00145,Junior,Permanent,2025-08-01,Project Atlas,Non-Billable,163.0
EMP00323,Analyst,Permanent,2025-08-01,Project Titan,Non-Billable,71.2
EMP00250,Senior Manager,Fixed-term,2025-08-01,Project Zenith,Non-Billable,105.1
EMP00161,Intern,Contractor,2025-08-01,Project Nova,Annual Leave,37.5
EMP00240,Senior Analyst,Permanent,2025-08-01,Project Titan,Billable,119.7
EMP00329,Analyst,Permanent,2025-08-01,Project Falcon,Billable,58.3
EMP00078,Analyst,Contractor,2025-08-01,Project Aurora,Non-Billable,82.7
EMP00194,Analyst,Freelancer,2025-08-01,Project Vega,Non-Billable,59.2
EMP00001,Junior,Part-time,2025-08-01,Project Atlas,Non-Billable,41.9
EMP00116,Manager,Fixed-term,2025-08-01,Project Zenith,Billable,92.2
EMP00133,Analyst,Freelancer,2025-08-01,Project Zenith,Non-Billable,70.3
EMP00112,Intern,Permanent,2025-08-01,Project Titan,Annual Leave,25.2
EMP00093,Analyst,Fixed-term,2025-08-01,Project Orion,Billable,38.8
EMP00185,Junior,Part-time,2025-08-01,Project Horizon,Non-Billable,54.4
EMP00024,Intern,Freelancer,2025-08-01,Project Zenith,Non-Billable,26.5
EMP00060,Senior Analyst,Part-time,2025-08-01,Project Horizon,Non-Billable,69.8
EMP00298,Junior,Freelancer,2025-08-01,Project Atlas,Non-Billable,84.3
EMP00227,Junior,Fixed-term,2025-08-01,Project Atlas,Billable,60.7
EMP00167,Junior,Permanent,2025-08-01,Project Nimbus,Non-Billable,171.3
EMP00123,Senior Analyst,Part-time,2025-08-01,Project Orion,Billable,27.5
EMP00165,Executive,Permanent,2025-08-01,Project Orion,Annual Leave,8.4
EMP00286,Analyst,Fixed-term,2025-08-01,Project Nimbus,Non-Billable,-106.9
EMP00254,Manager,Freelancer,2025-08-01,,Maternity Leave,24.8
EMP00178,Intern,Permanent,2025-08-01,Project Nova,Annual Leave,23.3
EMP00256,Manager,Part-time,2025-08-01,Project Atlas,Non-Billable,100.0
EMP00011,Executive,Permanent,2025-08-01,Project Falcon,Billable,70.1
EMP00242,Intern,Permanent,2025-08-01,Project Nova,Non-Billable,91.8
EMP00115,Junior,Permanent,2025-08-01,Project Vega,Billable,33.3
EMP00107,Senior Analyst,Contractor,2025-08-01,Project Zenith,Annual Leave,20.6
EMP00308,Senior Analyst,Part-time,2025-08-01,Project Orion,Non-Billable,44.7
EMP00035,Manager,Permanent,2025-08-01,Project Aurora,Billable,54.5
EMP00282,Analyst,Fixed-term,2025-08-01,Project Aurora,Non-Billable,83.4
EMP00129,Analyst,Permanent,2025-08-01,Project Atlas,Billable,47.3
EMP00154,Junior,Part-time,2025-08-01,Project Nimbus,Billable,40.6
EMP00011,Executive,Permanent,2025-08-01,Project Falcon,Non-Billable,87.7
EMP00241,Analyst,Permanent,2025-08-01,Project Titan,Non-Billable,82.3
EMP00031,Manager,Contractor,2025-08-01,Project Nimbus,Billable,74.9
EMP00166,Senior Analyst,Contractor,2025-08-01,Project Orion,Non-Billable,60.5
EMP00228,Manager,Part-time,2025-08-01,Project Nimbus,Billable,66.7
EMP00327,Intern,Fixed-term,2025-08-01,Project Aurora,Billable,144.9
EMP00078,Analyst,Contractor,2025-08-01,Project Aurora,Billable,61.0
EMP00255,Analyst,Freelancer,2025-08-01,Project Nova,Billable,40.0
EMP00002,Senior Analyst,Permanent,2025-08-01,Project Nimbus,Non-Billable,28.6
EMP00322,Senior Analyst,Part-time,2025-08-01,Project Vega,Annual Leave,35.1
EMP00315,Director,Permanent,2025-08-01,Project Horizon,Billable,72.2
EMP00091,Senior Analyst,Permanent,2025-08-01,Project Nova,Non-Billable,119.7
EMP00231,Intern,Fixed-term,2025-08-01,Project Atlas,Non-Billable,104.4
EMP00060,Senior Analyst,Part-time,2025-08-01,Project Horizon,Billable,27.5
EMP00281,Analyst,Permanent,2025-08-01,Project Falcon,Non-Billable,89.6
EMP00042,Junior,Permanent,2025-08-01,Project Zenith,Non-Billable,61.4
EMP00271,Senior Analyst,Permanent,2025-08-01,Project Aurora,Non-Billable,132.8
EMP00061,Analyst,Permanent,2025-08-01,Project Horizon,Non-Billable,68.8
EMP00053,Senior Analyst,Permanent,2025-08-01,Project Nimbus,Billable,85.1
EMP00027,Senior Analyst,Permanent,2025-08-01,Project Titan,Non-Billable,94.0
EMP00074,Junior,Permanent,2025-08-01,Project Horizon,Non-Billable,108.4
EMP00062,Senior Analyst,Permanent,2025-08-01,Project Nova,Non-Billable,121.3
EMP00312,Analyst,Fixed-term,2025-08-01,Project Atlas,Annual Leave,26.3
EMP00251,Director,Fixed-term,2025-08-01,Project Falcon,Billable,89.6
EMP00169,Analyst,Fixed-term,2025-08-01,Project Falcon,Non-Billable,68.1
EMP00213,Senior Analyst,Permanent,2025-08-01,Project Horizon,Non-Billable,85.9
EMP00261,Analyst,Part-time,2025-08-01,Project Titan,Billable,-29.0
EMP00259,Manager,Freelancer,2025-08-01,Project Horizon,Non-Billable,82.4
EMP00246,Manager,Part-time,2025-08-01,Project Zenith,Annual Leave,11.4
EMP00131,Junior,Contractor,2025-08-01,Project Orion,Non-Billable,47.3
EMP00175,Manager,Permanent,2025-08-01,Project Atlas,Billable,74.0
EMP00298,Junior,Freelancer,2025-08-01,Project Atlas,Billable,57.7
EMP00151,Analyst,Fixed-term,2025-08-01,Project Vega,Billable,66.4
EMP00126,Senior Manager,Part-time,2025-08-01,Project Vega,Non-Billable,46.9
EMP00099,Analyst,Permanent,2025-08-01,Project Titan,Non-Billable,116.0
EMP00090,Director,Permanent,2025-08-01,Project Nova,Annual Leave,29.7
EMP00114,Junior,Part-time,2025-08-01,Project Vega,Non-Billable,82.8
EMP00268,Senior Analyst,Permanent,2025-08-01,Project Horizon,Billable,46.3
EMP00026,Analyst,Permanent,2025-08-01,Project Nimbus,Non-Billable,98.7
EMP00107,Senior Analyst,Contractor,2025-08-01,Project Zenith,Non-Billable,80.7
EMP00251,Director,Fixed-term,2025-08-01,Project Falcon,Annual Leave,14.2
EMP00290,Analyst,Permanent,2025-08-01,Project Nimbus,Annual Leave,32.9
EMP00079,Manager,Permanent,2025-08-01,Project Horizon,Non-Billable,87.3
EMP00305,Junior,Permanent,2025-08-01,Project Nova,Non-Billable,155.0
EMP00130,Junior,Permanent,2025-08-01,Project Nova,Billable,50.1
EMP00132,Junior,Fixed-term,2025-08-01,Project Nimbus,Non-Billable,177.1
EMP00324,Junior,Permanent,2025-08-01,Project Falcon,Non-Billable,133.8
EMP00120,Senior Analyst,Permanent,2025-08-01,Project Titan,Annual Leave,35.6
EMP00107,Senior Analyst,Contractor,2025-08-01,Project Zenith,Billable,56.4
EMP00128,Manager,Fixed-term,2025-08-01,Project Vega,Billable,63.7
EMP00275,Junior,Part-time,2025-08-01,Project Atlas,Non-Billable,54.5
EMP00186,Junior,Part-time,2025-08-01,Project Orion,Non-Billable,67.5
EMP00206,Senior Analyst,Part-time,2025-08-01,Project Nimbus,Non-Billable,55.4
EMP00242,Intern,Permanent,2025-08-01,Project Nova,Billable,65.1
EMP00332,Senior Analyst,Permanent,2025-08-01,Project Falcon,Billable,81.5
EMP00001,Junior,Part-time,2025-08-01,Project Atlas,Billable,56.7
EMP00180,Analyst,Fixed-term,2025-08-01,Project Orion,Billable,56.8
EMP00308,Senior Analyst,Part-time,2025-08-01,Project Orion,Billable,17.6
EMP00240,Senior Analyst,Permanent,2025-08-01,Project Titan,Annual Leave,21.6
EMP00142,Analyst,Permanent,2025-08-01,Project Falcon,Non-Billable,84.0
EMP00216,Junior,Fixed-term,2025-08-01,Project Horizon,Non-Billable,147.8
EMP00194,Analyst,Freelancer,2025-08-01,Project Vega,Billable,66.8
EMP00254,Manager,Freelancer,2025-08-01,Project Orion,Non-Billable,41.2
EMP00124,Analyst,Permanent,2025-08-01,Project Atlas,Billable,80.1
EMP00015,Manager,Freelancer,2025-08-01,Project Aurora,Non-Billable,80.4
EMP00253,Intern,Part-time,2025-08-01,Project Falcon,Billable,37.9
EMP00267,Intern,Freelancer,2025-08-01,Project Atlas,Billable,68.4
EMP00136,Senior Analyst,Fixed-term,2025-08-01,Project Orion,Non-Billable,118.7
EMP00276,Senior Analyst,Fixed-term,2025-08-01,Project Zenith,Billable,37.7
EMP00049,Senior Manager,Fixed-term,2025-08-01,Project Vega,Billable,141.0
EMP00270,Senior Analyst,Contractor,2025-08-01,Project Nimbus,Billable,82.0
EMP00241,Analyst,Permanent,2025-08-01,Project Titan,Annual Leave,16.9
EMP00336,Manager,Freelancer,2025-08-01,Project Titan,Billable,33.5
EMP00140,Intern,Permanent,2025-08-01,Project Aurora,Billable,95.7
EMP00300,Analyst,Fixed-term,2025-08-01,Project Nimbus,Billable,87.4
EMP00245,Senior Analyst,Fixed-term,2025-08-01,Project Falcon,Billable,118.3
EMP00090,Director,Permanent,2025-08-01,Project Nova,Non-Billable,85.6
EMP00040,Senior Analyst,Permanent,2025-08-01,Project Zenith,Annual Leave,21.0
EMP00283,Director,Fixed-term,2025-08-01,Project Aurora,Non-Billable,102.2
EMP00110,Junior,Part-time,2025-08-01,Project Horizon,Non-Billable,62.7
EMP00006,Analyst,Contractor,2025-08-01,Project Zenith,Non-Billable,91.6
EMP00309,Manager,Permanent,2025-08-01,Project Nova,Annual Leave,14.7
EMP00310,Senior Analyst,Fixed-term,2025-08-01,Project Atlas,Non-Billable,161.9
EMP00120,Senior Analyst,Permanent,2025-08-01,Project Titan,Billable,63.7
EMP00051,Senior Analyst,Contractor,2025-08-01,Project Zenith,Non-Billable,48.3
EMP00169,Analyst,Fixed-term,2025-08-01,Project Falcon,Billable,57.7
EMP00013,Analyst,Part-time,2025-08-01,Project Atlas,Billable,50.0
EMP00081,Manager,Fixed-term,2025-08-01,Project Aurora,Non-Billable,78.0
EMP00239,Analyst,Freelancer,2025-08-01,Project Vega,Non-Billable,43.9
EMP00228,Manager,Part-time,2025-08-01,Project Nimbus,Non-Billable,26.6
EMP00096,Senior Analyst,Contractor,2025-08-01,Project Zenith,Billable,65.7
EMP00232,Analyst,Permanent,2025-08-01,Project Falcon,Non-Billable,168.7
EMP00335,Senior Analyst,Permanent,2025-08-01,Project Falcon,Billable,83.2
EMP00016,Junior,Permanent,2025-08-01,Project Horizon,Non-Billable,77.2
EMP00059,Manager,Fixed-term,2025-08-01,Project Titan,Billable,38.7
EMP00264,Junior,Part-time,2025-08-01,Project Orion,Non-Billable,35.1
EMP00202,Junior,Permanent,2025-08-01,Project Atlas,Non-Billable,120.2
EMP00047,Senior Analyst,Part-time,2025-08-01,Project Zenith,Billable,27.9
EMP00054,Senior Analyst,Fixed-term,2025-08-01,Project Titan,Non-Billable,82.7
EMP00037,Analyst,Fixed-term,2025-08-01,Project Orion,Non-Billable,88.4
EMP00322,Senior Analyst,Part-time,2025-08-01,Project Vega,Billable,22.7
EMP00336,Manager,Freelancer,2025-08-01,Project Titan,Non-Billable,94.3
EMP00104,Junior,Permanent,2025-08-01,Project Falcon,Non-Billable,85.8
EMP00333,Analyst,Permanent,2025-08-01,Project Zenith,Non-Billable,142.3
EMP00237,Senior Manager,Fixed-term,2025-08-01,Project Falcon,Non-Billable,111.8
EMP00331,Senior Analyst,Permanent,2025-08-01,Project Aurora,Non-Billable,123.3
EMP00045,Analyst,Fixed-term,2025-08-01,Project Atlas,Annual Leave,19.8
EMP00320,Junior,Part-time,2025-08-01,Project Aurora,Non-Billable,53.8
EMP00183,Intern,Permanent,2025-08-01,Project Orion,Non-Billable,113.7
EMP00338,Intern,Contractor,2025-08-01,Project Nova,Non-Billable,90.1
EMP00294,Senior Manager,Permanent,2025-08-01,Project Nova,Billable,110.7
EMP00102,Analyst,Contractor,2025-08-01,Project Vega,Billable,40.2
EMP00085,Junior,Permanent,2025-08-01,Project Horizon,Billable,74.7
EMP00323,Analyst,Permanent,2025-08-01,Project Titan,Billable,102.6
EMP00266,Manager,Fixed-term,2025-08-01,Project Orion,Non-Billable,64.5
EMP00102,Analyst,Contractor,2025-08-01,Project Vega,Non-Billable,106.3
EMP00109,Manager,Permanent,2025-08-01,Project Nimbus,Non-Billable,106.0
EMP00199,Junior,Fixed-term,2025-08-01,Project Titan,Non-Billable,83.3
EMP00148,Junior,Permanent,2025-08-01,Project Nova,Non-Billable,95.8
EMP00061,Analyst,Permanent,2025-08-01,Project Horizon,Annual Leave,22.8
EMP00292,Senior Manager,Fixed-term,2025-08-01,Project Titan,Non-Billable,80.9
EMP00118,Senior Analyst,Fixed-term,2025-08-01,Project Atlas,Billable,39.7
EMP00168,Junior,Permanent,2025-08-01,Project Atlas,Non-Billable,157.6
EMP00126,Senior Manager,Part-time,2025-08-01,Project Vega,Billable,54.7
EMP00043,Intern,Contractor,2025-08-01,Project Falcon,Billable,77.9
EMP00276,Senior Analyst,Fixed-term,2025-08-01,Project Zenith,Non-Billable,111.4
EMP00234,Analyst,Permanent,2025-08-01,Project Vega,Non-Billable,112.2
EMP00057,Intern,Part-time,2025-08-01,Project Nova,Non-Billable,92.2
EMP00214,Senior Analyst,Freelancer,2025-08-01,Project Orion,Non-Billable,61.4
EMP00201,Analyst,Permanent,2025-08-01,Project Falcon,Billable,37.1
EMP00338,Intern,Contractor,2025-08-01,Project Nova,Billable,53.9
EMP00104,Junior,Permanent,2025-08-01,Project Falcon,Billable,62.4
EMP00292,Senior Manager,Fixed-term,2025-08-01,Project Titan,Billable,76.6
EMP00139,Intern,Permanent,2025-08-01,Project Titan,Non-Billable,157.6
EMP00165,Executive,Permanent,2025-08-01,Project Orion,Billable,59.0
EMP00172,Senior Analyst,Part-time,2025-08-01,Project Zenith,Non-Billable,81.7
EMP00283,Director,Fixed-term,2025-08-01,Project Aurora,Billable,74.9
EMP00318,Junior,Contractor,2025-08-01,Project Nimbus,Non-Billable,145.9
EMP00206,Senior Analyst,Part-time,2025-08-01,Project Nimbus,Billable,45.2
EMP00067,Manager,Part-time,2025-08-01,Project Vega,Non-Billable,103.1
EMP00309,Manager,Permanent,2025-08-01,Project Nova,Non-Billable,135.4
EMP00083,Intern,Permanent,2025-08-01,Project Nimbus,Non-Billable,101.4
EMP00108,Junior,Permanent,2025-08-01,Project Titan,Non-Billable,102.3
EMP00166,Senior Analyst,Contractor,2025-08-01,Project Orion,Billable,39.8
EMP00144,Intern,Freelancer,2025-08-01,Project Nimbus,Non-Billable,87.6
EMP00156,Analyst,Freelancer,2025-08-01,Project Atlas,Billable,54.2
EMP00129,Analyst,Permanent,2025-08-01,Project Atlas,Non-Billable,110.2
EMP00243,Senior Analyst,Contractor,2025-08-01,Project Aurora,Billable,36.0
EMP00144,Intern,Freelancer,2025-08-01,Project Nimbus,Billable,37.8
EMP00052,Analyst,Freelancer,2025-08-01,Project Falcon,Billable,60.3
EMP00279,Analyst,Permanent,2025-08-01,Project Orion,Non-Billable,64.2
EMP00193,Intern,Freelancer,2025-08-01,Project Nimbus,Billable,59.4
EMP00081,Manager,Fixed-term,2025-08-01,,Maternity Leave,11.7
EMP00171,Analyst,Permanent,2025-08-01,Project Zenith,Non-Billable,98.0
EMP00274,Junior,Freelancer,2025-08-01,Project Titan,Non-Billable,84.5
EMP00127,Analyst,Freelancer,2025-08-01,Project Nova,Billable,68.0
EMP00196,Analyst,Part-time,2025-08-01,Project Orion,Billable,34.4
EMP00023,Junior,Permanent,2025-08-01,Project Aurora,Non-Billable,72.2
EMP00195,Junior,Permanent,2025-08-01,Project Titan,Billable,40.2
EMP00179,Analyst,Part-time,2025-08-01,Project Nimbus,Billable,43.9
EMP00023,Junior,Permanent,2025-08-01,Project Aurora,Billable,107.8
EMP00054,Senior Analyst,Fixed-term,2025-08-01,Project Titan,Annual Leave,11.7
EMP00105,Junior,Permanent,2025-08-01,Project Aurora,Non-Billable,121.3
EMP00155,Junior,Permanent,2025-08-01,Project Vega,Billable,64.6
EMP00287,Senior Analyst,Contractor,2025-08-01,Project Aurora,Billable,66.5
EMP00056,Analyst,Permanent,2025-08-01,Project Aurora,Non-Billable,88.2
EMP00289,Junior,Fixed-term,2025-08-01,Project Nova,Non-Billable,176.4
EMP00299,Senior Analyst,Fixed-term,2025-08-01,Project Nova,Billable,42.7
EMP00182,Analyst,Permanent,2025-08-01,Project Nimbus,Billable,72.3
EMP00191,Intern,Freelancer,2025-08-01,Project Orion,Non-Billable,60.4
EMP00201,Analyst,Permanent,2025-08-01,Project Falcon,Non-Billable,108.2
EMP00330,Senior Analyst,Part-time,2025-08-01,Project Nimbus,Non-Billable,50.6
EMP00146,Analyst,Permanent,2025-08-01,Project Aurora,Non-Billable,43.9
EMP00066,Senior Analyst,Permanent,2025-08-01,Project Falcon,Billable,47.0
EMP00230,Analyst,Part-time,2025-08-01,Project Titan,Non-Billable,64.4
EMP00253,Intern,Part-time,2025-08-01,Project Falcon,Non-Billable,53.8
EMP00074,Junior,Permanent,2025-08-01,Project Horizon,Billable,67.7
EMP00033,Director,Fixed-term,2025-08-01,Project Horizon,Non-Billable,103.9
EMP00131,Junior,Contractor,2025-08-01,Project Orion,Billable,46.9
EMP00123,Senior Analyst,Part-time,2025-08-01,Project Orion,Non-Billable,31.1
EMP00138,Senior Analyst,Part-time,2025-08-01,Project Vega,Billable,42.7
EMP00222,Senior Analyst,Permanent,2025-08-01,Project Vega,Non-Billable,168.4
EMP00264,Junior,Part-time,2025-08-01,Project Orion,Annual Leave,14.3
EMP00098,Intern,Fixed-term,2025-08-01,Project Atlas,Non-Billable,50.0
EMP00153,Analyst,Part-time,2025-08-01,Project Zenith,Non-Billable,63.7
EMP00140,Intern,Permanent,2025-08-01,Project Aurora,Non-Billable,77.7
EMP00198,Senior Manager,Freelancer,2025-08-01,Project Atlas,Non-Billable,129.7
EMP00326,Manager,Permanent,2025-08-01,Project Falcon,Billable,59.1
EMP00120,Senior Analyst,Permanent,2025-08-01,Project Titan,Non-Billable,68.4
EMP00014,Senior Manager,Contractor,2025-08-01,Project Horizon,Billable,69.3
EMP00004,Manager,Permanent,2025-08-01,Project Nimbus,Non-Billable,122.7
EMP00013,Analyst,Part-time,2025-08-01,Project Atlas,Non-Billable,50.0
EMP00304,Senior Manager,Permanent,2025-08-01,Project Horizon,Non-Billable,100.8
EMP00161,Intern,Contractor,2025-08-01,Project Nova,Non-Billable,67.6
EMP00223,Senior Manager,Permanent,2025-08-01,Project Titan,Non-Billable,46.8
EMP00204,Junior,Permanent,2025-08-01, Project Zenith,Non-Billable,51.5
EMP00187,Analyst,Permanent,2025-08-01,Project Orion,Non-Billable,51.6
EMP00148,Junior,Permanent,2025-08-01,Project Nova,Billable,75.6
EMP00154,Junior,Part-time,2025-08-01,Project Nimbus,Non-Billable,56.7
EMP00020,Senior Manager,Permanent,2025-08-01,Project Horizon,Billable,77.4
EMP00165,Executive,Permanent,2025-08-01,Project Orion,Non-Billable,54.8
EMP00118,Senior Analyst,Fixed-term,2025-08-01,Project Atlas,Non-Billable,127.4
EMP00321,Manager,Part-time,2025-08-01,Project Zenith,Billable,22.0
EMP00150,Senior Manager,Fixed-term,2025-08-01,Project Atlas,Non-Billable,97.8
EMP00160,Junior,Contractor,2025-08-01,Project Atlas,Billable,103.4
EMP00063,Junior,Permanent,2025-08-01,Project Falcon,Non-Billable,108.6
EMP00046,Analyst,Fixed-term,2025-08-01,Project Orion,Billable,55.3
EMP00095,Junior,Fixed-term,2025-08-01,Project Vega,Non-Billable,107.3
EMP00187,Analyst,Permanent,2025-08-01,Project Orion,Billable,57.9
EMP00288,Junior,Permanent,2025-08-01,Project Zenith,Non-Billable,134.4
EMP00241,Analyst,Permanent,2025-08-01,Project Titan,Billable,66.9
EMP00332,Senior Analyst,Permanent,2025-08-01,Project Falcon,Non-Billable,80.8
EMP00284,Analyst,Permanent,2025-08-01,Project Falcon,Billable,122.8
EMP00275,Junior,Part-time,2025-08-01,Project Atlas,Billable,34.1
EMP00281,Analyst,Permanent,2025-08-01,Project Falcon,Billable,42.6
EMP00191,Intern,Freelancer,2025-08-01,Project Orion,Billable,34.4
EMP00111,Senior Analyst,Fixed-term,2025-08-01,Project Nova,Non-Billable,160.9
EMP00273,Junior,Fixed-term,2025-08-01,Project Falcon,Non-Billable,32.0
EMP00072,Senior Analyst,Permanent,2025-08-01,Project Titan,Non-Billable,150.9
EMP00272,Senior Analyst,Contractor,2025-08-01,Project Zenith,Billable,58.6
EMP00022,Analyst,Permanent,2025-08-01,Project Orion,Non-Billable,86.9
EMP00054,Senior Analyst,Fixed-term,2025-08-01,Project Titan,Billable,79.1
EMP00326,Manager,Permanent,2025-08-01,Project Falcon,Non-Billable,111.5
EMP00073,Intern,Part-time,2025-08-01,Project Horizon,Non-Billable,56.1
EMP00020,Senior Manager,Permanent,2025-08-01,Project Horizon,Non-Billable,86.9
EMP00134,Analyst,Permanent,2025-08-01,Project Orion,Non-Billable,101.3
EMP00109,Manager,Permanent,2025-08-01,Project Nimbus,Billable,61.3
EMP00271,Senior Analyst,Permanent,2025-08-01,Project Aurora,Annual Leave,37.0
EMP00212,Junior,Fixed-term,2025-08-01,Project Vega,Non-Billable,99.3
EMP00203,Analyst,Contractor,2025-08-01,Project Atlas,Non-Billable,129.5
EMP00215,Junior,Contractor,2025-08-01,Project Zenith,Non-Billable,88.6
EMP00064,Senior Analyst,Permanent,2025-08-01,Project Nimbus,Non-Billable,35.6
EMP00245,Senior Analyst,Fixed-term,2025-08-01,Project Falcon,Non-Billable,51.0
EMP00041,Intern,Permanent,2025-08-01,Project Vega,Non-Billable,152.1
EMP00269,Intern,Fixed-term,2025-08-01,Project Nimbus,Billable,69.5
EMP00086,Senior Analyst,Part-time,2025-08-01,Project Falcon,Billable,27.0
EMP00260,Analyst,Contractor,2025-08-01,Project Nimbus,Non-Billable,108.6
EMP00333,Analyst,Permanent,2025-08-01,Project Zenith,Annual Leave,17.9
EMP00218,Analyst,Fixed-term,2025-08-01,Project Nimbus,Non-Billable,86.7
EMP00100,Junior,Freelancer,2025-08-01,Project Titan,Non-Billable,125.8
EMP00119,Senior Analyst,Part-time,2025-08-01,Project Horizon,Non-Billable,71.6
EMP00173,Manager,Freelancer,2025-08-01,Project Aurora,Non-Billable,129.4
EMP00331,Senior Analyst,Permanent,2025-08-01,Project Aurora,Billable,37.8
EMP00099,Analyst,Permanent,2025-08-01,Project Titan,Billable,52.8
EMP00128,Manager,Fixed-term,2025-08-01,Project Vega,Non-Billable,99.3
EMP00022,Analyst,Permanent,2025-08-01,Project Orion,Billable,30.5
EMP00182,Analyst,Permanent,2025-08-01,Project Nimbus,Non-Billable,92.5
EMP00328,Analyst,Permanent,2025-08-01,Project Falcon,Non-Billable,105.0
EMP00208,Analyst,Permanent,2025-08-01,Project Nimbus,Non-Billable,94.5
EMP00088,Analyst,Contractor,2025-08-01,Project Nova,Non-Billable,151.4
EMP00059,Manager,Fixed-term,2025-08-01,Project Titan,Non-Billable,137.6
EMP00229,Intern,Contractor,2025-08-01,Project Aurora,Non-Billable,141.7
EMP00262,Analyst,Permanent,2025-08-01,Project Vega,Non-Billable,158.9
EMP00214,Senior Analyst,Freelancer,2025-08-01,Project Orion,Billable,22.2
EMP00068,Junior,Freelancer,2025-08-01,Project Vega,Billable,30.4
EMP00082,Analyst,Permanent,2025-08-01,Project Nimbus,Non-Billable,178.5
EMP00279,Analyst,Permanent,2025-08-01,Project Orion,Billable,48.0
EMP00015,Manager,Freelancer,2025-08-01,Project Aurora,Billable,47.8
EMP00053,Senior Analyst,Permanent,2025-08-01,Project Nimbus,Non-Billable,83.0
EMP00032,Manager,Contractor,2025-08-01,Project Atlas,Non-Billable,130.8
EMP00033,Director,Fixed-term,2025-08-01,Project Horizon,Billable,58.2
EMP00008,Director,Permanent,2025-08-01,Project Nimbus,Billable,66.9
EMP00039,Analyst,Permanent,2025-08-01,,Maternity Leave,30.6
EMP00290,Analyst,Permanent,2025-08-01,Project Nimbus,Non-Billable,125.2
EMP00071,Analyst,Fixed-term,2025-08-01,Project Nimbus,Non-Billable,167.1
EMP00238,Intern,Permanent,2025-08-01,Project Nova,Billable,76.0
EMP00185,Junior,Part-time,2025-08-01,Project Horizon,Billable,37.3
EMP00007,Junior,Permanent,2025-08-01,Project Vega,Non-Billable,177.0
EMP00055,Senior Manager,Fixed-term,2025-08-01,Project Atlas,Annual Leave,29.0
EMP00327,Intern,Fixed-term,2025-08-01,Project Aurora,Non-Billable,27.7
EMP00035,Manager,Permanent,2025-08-01,Project Aurora,Non-Billable,111.6
EMP00254,Manager,Freelancer,2025-08-01,Project Orion,Billable,17.7
EMP00146,Analyst,Permanent,2025-08-01,Project Aurora,Billable,114.7
EMP00278,Analyst,Permanent,2025-08-01,Project Aurora,Billable,39.7
EMP00294,Senior Manager,Permanent,2025-08-01,Project Nova,Non-Billable,60.0
EMP00281,Analyst,Permanent,2025-08-01,Project Falcon,Annual Leave,32.3
EMP00260,Analyst,Contractor,2025-08-01,Project Nimbus,Billable,37.7
EMP00051,Senior Analyst,Contractor,2025-08-01,Project Zenith,Billable,102.5
EMP00291,Analyst,Fixed-term,2025-08-01,Project Horizon,Billable,61.4
EMP00008,Director,Permanent,2025-08-01,Project Nimbus,Non-Billable,112.1
EMP00282,Analyst,Fixed-term,2025-08-01,Project Aurora,Billable,83.3
EMP00156,Analyst,Freelancer,2025-08-01,Project Atlas,Non-Billable,75.2
EMP00070,Junior,Permanent,2025-08-01,Project Nimbus,Non-Billable,85.8
EMP00005,Intern,Permanent,2025-08-01,Project Zenith,Billable,38.4
EMP00315,Director,Permanent,2025-08-01,Project Horizon,Non-Billable,91.4
EMP00098,Intern,Fixed-term,2025-08-01,Project Atlas,Billable,126.4
EMP00259,Manager,Freelancer,2025-08-01,Project Horizon,Billable,55.9
EMP00087,Analyst,Contractor,2025-08-01,Project Atlas,Non-Billable,76.4
EMP00061,Analyst,Permanent,2025-08-01,Project Horizon,Billable,71.1
EMP00080,Analyst,Part-time,2025-08-01,Project Nova,Non-Billable,18.7
EMP00064,Senior Analyst,Permanent,2025-08-01,Project Nimbus,Billable,126.4
EMP00251,Director,Fixed-term,2025-08-01,Project Falcon,Non-Billable,66.6
EMP00114,Junior,Part-time,2025-08-01,,Maternity Leave,24.2
EMP00322,Senior Analyst,Part-time,2025-08-01,Project Vega,Non-Billable,34.3
EMP00130,Junior,Permanent,2025-08-01,Project Nova,Non-Billable,127.1
EMP00204,Junior,Permanent,2025-08-01,Project Zenith,Billable,96.4
EMP00065,Director,Fixed-term,2025-08-01,Project Aurora,Non-Billable,166.9
EMP00044,Director,Permanent,2025-08-01,Project Orion,Billable,50.6
EMP00258,Senior Manager,Permanent,2025-08-01,Project Vega,Non-Billable,75.1
EMP00143,Analyst,Permanent,2025-08-01,Project Orion,Non-Billable,89.2
EMP00133,Analyst,Freelancer,2025-08-01,Project Zenith,Annual Leave,25.1
EMP00184,Junior,Permanent,2025-08-01,Project Falcon,Billable,74.7
EMP00066,Senior Analyst,Permanent,2025-08-01,Project Falcon,Non-Billable,125.8
EMP00127,Analyst,Freelancer,2025-08-01,Project Nova,Non-Billable,69.1
EMP00012,Analyst,Fixed-term,2025-08-01,Project Nimbus,Billable,47.7
EMP00125,Senior Analyst,Fixed-term,2025-08-01,Project Titan,Non-Billable,131.4
EMP00045,Analyst,Fixed-term,2025-08-01,Project Atlas,Billable,68.7
EMP00302,Junior,Fixed-term,2025-08-01,Project Zenith,Non-Billable,171.5
EMP00036,Senior Manager,Permanent,2025-08-01,Project Nimbus,Non-Billable,79.1
EMP00106,Intern,Contractor,2025-08-01,Project Nova,Non-Billable,67.3
EMP00115,Junior,Permanent,2025-08-01,Project Vega,Non-Billable,153.2
EMP00314,Senior Analyst,Permanent,2025-08-01,Project Atlas,Non-Billable,123.7
EMP00330,Senior Analyst,Part-time,2025-08-01,Project Nimbus,Annual Leave,21.7
EMP00171,Analyst,Permanent,2025-08-01,,Billable,65.5
EMP00193,Intern,Freelancer,2025-08-01,Project Nimbus,Non-Billable,77.0
EMP00135,Senior Analyst,Fixed-term,2025-08-01,Project Horizon,Non-Billable,66.3
EMP00314,Senior Analyst,Permanent,2025-08-01, Project Atlas,Billable,43.7
EMP00339,Manager,Contractor,2025-08-01,Project Nova,Non-Billable,153.1
EMP00223,Senior Manager,Permanent,2025-08-01,Project Titan,Billable,112.3
EMP00073,Intern,Part-time,2025-08-01,Project Horizon,Billable,46.5
EMP00021,Senior Analyst,Fixed-term,2025-08-01,Project Horizon,Non-Billable,37.1
EMP00261,Analyst,Part-time,2025-08-01,Project Titan,Non-Billable,65.1
EMP00077,Senior Analyst,Fixed-term,2025-08-01,Project Horizon,Non-Billable,175.3
EMP00058,Manager,Freelancer,2025-08-01,Project Zenith,Non-Billable,56.5
EMP00315,Director,Permanent,2025-08-01,Project Horizon,Annual Leave,10.8
EMP00244,Senior Analyst,Permanent,2025-08-01,Project Nimbus,Non-Billable,34.3
EMP00239,Analyst,Freelancer,2025-08-01,Project Vega,Billable,92.8
EMP00160,Junior,Contractor,2025-08-01,Project Atlas,Non-Billable,41.1
EMP00278,Analyst,Permanent,2025-08-01,Project Aurora,Annual Leave,32.5
EMP00252,Intern,Part-time,2025-08-01,Project Titan,Non-Billable,95.8
EMP00019,Senior Analyst,Permanent,2025-08-01,Project Zenith,Billable,76.8
EMP00284,Analyst,Permanent,2025-08-01,Project Falcon,Annual Leave,37.3
EMP00056,Analyst,Permanent,2025-08-01,Project Aurora,Annual Leave,30.0
EMP00244,Senior Analyst,Permanent,2025-08-01,Project Nimbus,Billable,145.5
EMP00009,Manager,Freelancer,2025-08-01,Project Nova,Billable,99.6
EMP00016,Junior,Permanent,2025-08-01,Project Horizon,Billable,83.7
EMP00010,Intern,Permanent,2025-08-01,Project Atlas,Non-Billable,88.6
EMP00226,Senior Analyst,Part-time,2025-08-01,Project Vega,Non-Billable,67.0
EMP00004,Manager,Permanent,2025-08-01,Project Nimbus,Billable,47.7
EMP00079,Manager,Permanent,2025-08-01,Project Horizon,Billable,91.1
EMP00029,Manager,Permanent,2025-08-01,Project Nimbus,Non-Billable,123.2
EMP00208,Analyst,Permanent,2025-08-01,Project Nimbus,Billable,69.3
EMP00212,Junior,Fixed-term,2025-08-01,Project Vega,Billable,70.6
EMP00081,Manager,Fixed-term,2025-08-01,Project Aurora,Billable,79.2
EMP00291,Analyst,Fixed-term,2025-08-01,Project Horizon,Non-Billable,77.5
EMP00202,Junior,Permanent,2025-08-01,Project  Atlas,Billable,56.7
EMP00246,Manager,Part-time,2025-08-01,Project Zenith,Non-Billable,22.1
EMP00196,Analyst,Part-time,2025-08-01,Project Orion,Non-Billable,29.9
EMP00006,Analyst,Contractor,2025-08-01,Project Zenith,Billable,58.3
EMP00263,Analyst,Part-time,2025-08-01,Project Zenith,Billable,36.0
EMP00103,Director,Fixed-term,2025-08-01,Project Nova,Billable,140.2
EMP00321,Manager,Part-time,2025-08-01,Project Zenith,Non-Billable,46.5
EMP00117,Intern,Fixed-term,2025-08-01,Project Horizon,Non-Billable,103.8
EMP00268,Senior Analyst,Permanent,2025-08-01,Project Horizon,Non-Billable,143.7
EMP00086,Senior Analyst,Part-time,2025-08-01,Project Falcon,Non-Billable,72.1
EMP00274,Junior,Freelancer,2025-08-01,Project Titan,Billable,47.7
EMP00025,Senior Analyst,Contractor,2025-08-01,Project Titan,Non-Billable,52.2
EMP00184,Junior,Permanent,2025-08-01,Project Falcon,Non-Billable,93.6
EMP00301,Analyst,Freelancer,2025-08-01,Project Vega,Billable,56.5
EMP00217,Analyst,Permanent,2025-08-01,Project Falcon,Non-Billable,131.4
EMP00044,Director,Permanent,2025-08-01,Project Orion,Non-Billable,51.6
EMP00021,Senior Analyst,Fixed-term,2025-08-01,Project Horizon,Billable,120.6
EMP00043,Intern,Contractor,2025-08-01,Project Falcon,Non-Billable,83.3
EMP00163,Senior Analyst,Part-time,2025-08-01,Project Aurora,Non-Billable,79.0
EMP00040,Senior Analyst,Permanent,2025-08-01,Project Zenith,Billable,35.8
EMP00272,Senior Analyst,Contractor,2025-08-01,Project Zenith,Non-Billable,101.3
EMP00207,Analyst,Part-time,2025-08-01,Project Nova,Billable,31.1
EMP00072,Senior Analyst,Permanent,2025-08-01,Project Titan,Annual Leave,8.2
EMP00243,Senior Analyst,Contractor,2025-08-01,Project Aurora,Non-Billable,109.2
EMP00178,Intern,Permanent,2025-08-01,Project Nova,Non-Billable,158.2
EMP00207,Analyst,Part-time,2025-08-01,Project Nova,Non-Billable,62.6
EMP00018,Manager,Fixed-term,2025-08-01,Project Horizon,Billable,79.2
EMP00034,Senior Manager,Permanent,2025-08-01,Project Atlas,Non-Billable,127.0
EMP00170,Analyst,Fixed-term,2025-08-01,Project Horizon,Non-Billable,158.3
EMP00216,Junior,Fixed-term,2025-08-01,Project Horizon,Annual Leave,25.5
EMP00188,Analyst,Fixed-term,2025-08-01,Project Orion,Billable,40.3
EMP00133,Analyst,Freelancer,2025-08-01,Project Zenith,Billable,25.6
EMP00255,Analyst,Freelancer,2025-08-01,Project Nova,Non-Billable,87.8
EMP00300,Analyst,Fixed-term,2025-08-01,Project Nimbus,Non-Billable,86.6
EMP00265,Intern,Permanent,2025-08-01,Project Zenith,Billable,42.6
EMP00158,Senior Analyst,Fixed-term,2025-08-01,Project Atlas,Non-Billable,164.3
EMP00230,Analyst,Part-time,2025-08-01,Project Titan,Annual Leave,21.5
EMP00012,Analyst,Fixed-term,2025-08-01,Project Nimbus,Non-Billable,114.8
EMP00204,Junior,Permanent,2025-08-01,Project Zenith,Annual Leave,26.7
EMP00266,Manager,Fixed-term,2025-08-01,Project Orion,Billable,55.4
EMP00018,Manager,Fixed-term,2025-08-01,Project Horizon,Non-Billable,99.3
EMP00330,Senior Analyst,Part-time,2025-08-01,Project Nimbus,Billable,21.4
EMP00321,Manager,Part-time,2025-08-01,Project Zenith,Annual Leave,22.9
EMP00320,Junior,Part-time,2025-08-01,Project Aurora,Billable,39.4
EMP00324,Junior,Permanent,2025-08-01,Project Falcon,Billable,36.7
EMP00270,Senior Analyst,Contractor,2025-08-01,Project Nimbus,Non-Billable,72.5
EMP00084,Senior Manager,Contractor,2025-08-01,Project Falcon,Non-Billable,150.3
EMP00217,Analyst,Permanent,2025-08-01,Project Falcon,Annual Leave,33.9
EMP00307,Analyst,Part-time,2025-08-01,Project Horizon,Billable,27.3
EMP00177,Analyst,Contractor,2025-08-01,Project Falcon,Billable,63.2
EMP00076,Intern,Permanent,2025-08-01,Project Titan,Billable,85.1
EMP00103,Director,Fixed-term,2025-08-01,Project Nova,Non-Billable,29.1
EMP00159,Junior,Permanent,2025-08-01,Project Vega,Non-Billable,125.6
EMP00306,Junior,Permanent,2025-08-01,Project Vega,Non-Billable,168.9
EMP00269,Intern,Fixed-term,2025-08-01,Project Nimbus,Non-Billable,106.6
EMP00094,Senior Analyst,Contractor,2025-08-01,Project Vega,Billable,63.8
EMP00301,Analyst,Freelancer,2025-08-01,Project Vega,Non-Billable,75.1
EMP00068,Junior,Freelancer,2025-08-01,Project Vega,Non-Billable,95.9
EMP00175,Manager,Permanent,2025-08-01,Project Atlas,Non-Billable,101.8
EMP00149,Senior Analyst,Permanent,2025-08-01,Project Falcon,Non-Billable,179.5
EMP00277,Senior Analyst,Part-time,2025-08-01,Project Falcon,Non-Billable,97.2
EMP00229,Intern,Contractor,2025-08-01,Project Aurora,Annual Leave,10.6
EMP00047,Senior Analyst,Part-time,2025-08-01,Project Zenith,Non-Billable,75.3
EMP00029,Manager,Permanent,2025-08-01,Project Nimbus,Billable,46.0
EMP00110,Junior,Part-time,2025-08-01,Project Horizon,Billable,44.0
EMP00273,Junior,Fixed-term,2025-08-01,Project Falcon,Billable,142.6
EMP00042,Junior,Permanent,2025-08-01,Project Zenith,Billable,115.8
EMP00083,Intern,Permanent,2025-08-01,Project Nimbus,Billable,74.6
EMP00040,Senior Analyst,Permanent,2025-08-01,Project Zenith,Non-Billable,112.2
EMP00258,Senior Manager,Permanent,2025-08-01,Project Vega,Billable,87.7
EMP00250,Senior Manager,Fixed-term,2025-08-01,Project Zenith,Billable,74.8
EMP00062,Senior Analyst,Permanent,2025-08-01,Project Nova,Billable,41.0
EMP00151,Analyst,Fixed-term,2025-08-01,Project Vega,Non-Billable,98.1
EMP00095,Junior,Fixed-term,2025-08-01,Project Vega,Billable,72.3
EMP00096,Senior Analyst,Contractor,2025-08-01,Project Zenith,Non-Billable,70.4
EMP00087,Analyst,Contractor,2025-08-01,Project Atlas,Billable,67.9
EMP00265,Intern,Permanent,2025-08-01,Project Zenith,Non-Billable,125.2
EMP00218,Analyst,Fixed-term,2025-08-01,Project Nimbus,Billable,85.9
EMP00152,Executive,Part-time,2025-08-01,Project Titan,Non-Billable,36.3
EMP00105,Junior,Permanent,2025-08-01,Project Aurora,Billable,39.1
EMP00288,Junior,Permanent,2025-08-01,Project Zenith,Billable,39.1
EMP00240,Senior Analyst,Permanent,2025-08-01,Project Titan,Non-Billable,32.3
EMP00200,Senior Manager,Fixed-term,2025-08-01,Project Vega,Non-Billable,110.6
EMP00293,Manager,Fixed-term,2025-08-01,Project Aurora,Non-Billable,84.4
EMP00135,Senior Analyst,Fixed-term,2025-08-01,Project Horizon,Billable,101.8
EMP00075,Analyst,Permanent,2025-08-01,Project Atlas,Non-Billable,153.0
EMP00070,Junior,Permanent,2025-08-01,Project Nimbus,Billable,76.3
EMP00125,Senior Analyst,Fixed-term,2025-08-01,Project Titan,Billable,40.2
EMP00328,Analyst,Permanent,2025-08-01,Project Falcon,Billable,66.6
EMP00058,Manager,Freelancer,2025-08-01,Project Zenith,Billable,63.2
EMP00164,Junior,Contractor,2025-08-01,Project Nova,Non-Billable,148.2
EMP00153,Analyst,Part-time,2025-08-01,Project Zenith,Billable,28.6
EMP00267,Intern,Freelancer,2025-08-01,Project Atlas,Non-Billable,62.5
EMP00200,Senior Manager,Fixed-term,2025-08-01,Project Vega,Billable,65.3
EMP00017,Analyst,Permanent,2025-08-01,Project Atlas,Non-Billable,162.5
EMP00056,Analyst,Permanent,2025-08-01,Project Aurora,Billable,58.9
EMP00280,Manager,Permanent,2025-08-01,Project Orion,Non-Billable,116.9
EMP00090,Director,Permanent,2025-08-01,Project Nova,Billable,42.7
EMP00215,Junior,Contractor,2025-08-01,Project Zenith,Billable,62.6
EMP00005,Intern,Permanent,2025-08-01,Project Zenith,Non-Billable,132.1
EMP00091,Senior Analyst,Permanent,2025-08-01,Project Nova,Billable,51.3
EMP00238,Intern,Permanent,2025-08-01,Project Nova,Non-Billable,90.1
EMP00162,Manager,Freelancer,2025-08-01,Project Orion,Non-Billable,86.3
EMP00234,Analyst,Permanent,2025-08-01,Project Vega,Billable,45.1
EMP00235,Analyst,Fixed-term,2025-08-01,Project Falcon,Billable,42.8
EMP00010,Intern,Permanent,2025-08-01,Project Atlas,Billable,72.4
EMP00225,Senior Analyst,Permanent,2025-08-01,Project Vega,Billable,83.3
EMP00076,Intern,Permanent,2025-08-01,Project Titan,Non-Billable,71.2
EMP00026,Analyst,Permanent,2025-08-01,Project Nimbus,Annual Leave,37.1
EMP00026,Analyst,Permanent,2025-08-01,Project Nimbus,Billable,38.2
EMP00034,Senior Manager,Permanent,2025-08-01,Project Atlas,Annual Leave,37.6
EMP00249,Junior,Permanent,2025-08-01,Project Horizon,Non-Billable,133.1
EMP00199,Junior,Fixed-term,2025-08-01,Project Titan,Billable,82.9
EMP00284,Analyst,Permanent,2025-08-01,Project Falcon,Non-Billable,27.5
EMP00235,Analyst,Fixed-term,2025-08-01,Project Falcon,Non-Billable,124.8
EMP00002,Senior Analyst,Permanent,2025-08-01,Project Nimbus,Annual Leave,36.5
EMP00113,Analyst,Permanent,2025-08-01,Project Atlas,Non-Billable,168.0
EMP00030,Manager,Permanent,2025-08-01,Project Aurora,Billable,62.4
EMP00037,Analyst,Fixed-term,2025-08-01,Project Orion,Billable,26.5
EMP00045,Analyst,Fixed-term,2025-08-01,Project Atlas,Non-Billable,80.2
EMP00248,Analyst,Contractor,2025-08-01,Project Nova,Billable,51.1
EMP00316,Analyst,Permanent,2025-08-01,Project Titan,Non-Billable,170.9
EMP00024,Intern,Freelancer,2025-08-01,Project Zenith,Billable,114.3
EMP00093,Analyst,Fixed-term,2025-08-01,Project Orion,Non-Billable,70.0
EMP00237,Senior Manager,Fixed-term,2025-08-01,Project Falcon,Billable,47.5
EMP00048,Intern,Permanent,2025-08-01,Project Atlas,Billable,81.8
EMP00329,Analyst,Permanent,2025-08-01,Project Falcon,Non-Billable,114.6
EMP00263,Analyst,Part-time,2025-08-01,Project Zenith,Non-Billable,59.5
EMP00312,Analyst,Fixed-term,2025-08-01,Project Atlas,Non-Billable,27.9
EMP00211,Manager,Fixed-term,2025-08-01,Project Orion,Annual Leave,37.9
EMP00108,Junior,Permanent,2025-08-01,Project Titan,Billable,56.7
EMP00143,Analyst,Permanent,2025-08-01,Project Orion,Billable,25.7
EMP00055,Senior Manager,Fixed-term,2025-08-01,Project Atlas,Non-Billable,92.7
EMP00152,Executive,Part-time,2025-08-01,Project Titan,Billable,53.7
EMP00248,Analyst,Contractor,2025-08-01,Project Nova,Non-Billable,72.9
EMP00124,Analyst,Permanent,2025-08-01,Project Atlas,Annual Leave,39.2
EMP00155,Junior,Permanent,2025-08-01,Project Vega,Non-Billable,79.0
EMP00163,Senior Analyst,Part-time,2025-08-01,Project Aurora,Annual Leave,10.0
EMP00019,Senior Analyst,Permanent,2025-08-01,Project Zenith,Non-Billable,85.3
EMP00286,Analyst,Fixed-term,2025-08-01,Project Nimbus,Billable,62.0
EMP00119,Senior Analyst,Part-time,2025-08-01,Project Horizon,Billable,25.1
EMP00231,Intern,Fixed-term,2025-08-01,Project Atlas,Annual Leave,39.3
EMP00285,Analyst,Fixed-term,2025-08-01,Project Aurora,Non-Billable,180.9
EMP00028,Analyst,Permanent,2025-08-01,Project Vega,Non-Billable,175.5
EMP00046,Analyst,Fixed-term,2025-08-01,Project Orion,Non-Billable,50.4
EMP00150,Senior Manager,Fixed-term,2025-08-01,Project Atlas,Billable,66.1
EMP00052,Analyst,Freelancer,2025-08-01,Project Falcon,Non-Billable,59.8
EMP00031,Manager,Contractor,2025-08-01,Project Nimbus,Non-Billable,76.4
EMP00293,Manager,Fixed-term,2025-08-01,Project Aurora,Billable,77.5
EMP00319,Analyst,Permanent,2025-08-01,Project Titan,Non-Billable,163.3
EMP00027,Senior Analyst,Permanent,2025-08-01,Project Titan,Billable,72.5
EMP00177,Analyst,Contractor,2025-08-01,Project Falcon,Non-Billable,75.4
EMP00141,Junior,Fixed-term,2025-08-01,Project Aurora,Billable,96.4
EMP00030,Manager,Permanent,2025-08-01,Project Aurora,Non-Billable,106.8
EMP00287,Senior Analyst,Contractor,2025-08-01,Project Aurora,Non-Billable,80.3
EMP00141,Junior,Fixed-term,2025-08-01,Project Aurora,Non-Billable,80.7
EMP00231,Intern,Fixed-term,2025-08-01,Project  Atlas,Billable,33.5
EMP00055,Senior Manager,Fixed-term,2025-08-01,Project Atlas,Billable,54.7
EMP00116,Manager,Fixed-term,2025-08-01,Project Zenith,Non-Billable,74.7
EMP00002,Senior Analyst,Permanent,2025-08-01,Project Nimbus,Billable,84.4
EMP00295,Junior,Part-time,2025-08-01,Project Zenith,Non-Billable,95.6
EMP00117,Intern,Fixed-term,2025-08-01,Project Horizon,Billable,71.7
EMP00014,Senior Manager,Contractor,2025-08-01,Project Horizon,Non-Billable,72.2
EMP00299,Senior Analyst,Fixed-term,2025-08-01,Project Nova,Non-Billable,120.0
EMP00264,Junior,Part-time,2025-08-01,Project Orion,Billable,17.8
EMP00195,Junior,Permanent,2025-08-01,Project Titan,Non-Billable,126.3
EMP00311,Analyst,Permanent,2025-08-01,Project Nimbus,Non-Billable,156.4
EMP00036,Senior Manager,Permanent,2025-08-01,Project Nimbus,Billable,87.9
EMP00159,Junior,Permanent,2025-08-01,Project Vega,Billable,52.6
EMP00009,Manager,Freelancer,2025-08-01,Project Nova,Non-Billable,45.8
EMP00124,Analyst,Permanent,2025-08-01,Project Atlas,Non-Billable,63.4
EMP00227,Junior,Fixed-term,2025-08-01,Project Atlas,Annual Leave,11.2
EMP00213,Senior Analyst,Permanent,2025-08-01,Project Horizon,Billable,78.7
EMP00032,Manager,Contractor,2025-08-01,Project Atlas,Annual Leave,21.5
EMP00278,Analyst,Permanent,2025-08-01,Project Aurora,Non-Billable,108.8
EMP00335,Senior Analyst,Permanent,2025-08-01,Project Falcon,Non-Billable,92.7
EMP00063,Junior,Permanent,2025-08-01,Project Falcon,Billable,72.2
EMP00312,Analyst,Fixed-term,2025-08-01,Project Atlas,Billable,110.8
EMP00221,Intern,Contractor,2025-08-01,Project Titan,Non-Billable,157.5
EMP00089,Intern,Freelancer,2025-08-01,Project Orion,Non-Billable,94.9
EMP00248,Analyst,Contractor,2025-08-01,Project Nova,Annual Leave,22.5
EMP00094,Senior Analyst,Contractor,2025-08-01,Project Vega,Non-Billable,97.8
EMP00101,Manager,Permanent,2025-08-01,Project Zenith,Non-Billable,158.4
EMP00205,Manager,Permanent,2025-08-01,Project Atlas,Non-Billable,167.5
EMP00180,Analyst,Fixed-term,2025-08-01,Project Orion,Non-Billable,56.1
EMP00211,Manager,Fixed-term,2025-08-01,Project Orion,Billable,48.2
EMP00050,Manager,Freelancer,2025-08-01,Project Vega,Non-Billable,130.2
EMP00307,Analyst,Part-time,2025-08-01,Project Horizon,Non-Billable,77.9
EMP00169,Analyst,Fixed-term,2025-08-01,Project Falcon,Annual Leave,33.4
EMP00122,Intern,Part-time,2025-08-01,Project Horizon,Non-Billable,95.2
EMP00225,Senior Analyst,Permanent,2025-08-01,Project Vega,Non-Billable,81.6
EMP00291,Analyst,Fixed-term,2025-08-01,,Maternity Leave,13.4
EMP00101,Manager,Permanent,2025-08-01,,Maternity Leave,12.9
EMP00106,Intern,Contractor,2025-08-01,Project Nova,Annual Leave,32.8
EMP00227,Junior,Fixed-term,2025-08-01,Project Atlas,Non-Billable,87.9
EMP00337,Senior Manager,Permanent,2025-08-01,Project Falcon,Non-Billable,160.4
EMP00226,Senior Analyst,Part-time,2025-08-01,Project Vega,Billable,27.3
EMP00304,Senior Manager,Permanent,2025-08-01,Project Horizon,Billable,64.7
EMP00049,Senior Manager,Fixed-term,2025-08-01,Project Vega,Non-Billable,31.0
EMP00025,Senior Analyst,Contractor,2025-08-01,Project Titan,Annual Leave,33.4
EMP00112,Intern,Permanent,2025-08-01,Project Titan,Non-Billable,112.3
EMP00048,Intern,Permanent,2025-08-01,Project Atlas,Non-Billable,74.3
EMP00161,Intern,Contractor,2025-08-01,Project Nova,Billable,48.2
EMP00112,Intern,Permanent,2025-08-01,Project Titan,Billable,47.5
EMP00039,Analyst,Permanent,2025-08-01,Project Atlas,Non-Billable,119.3
EMP00217,Analyst,Permanent,2025-09-01,Project Falcon,Non-Billable,154.6
EMP00204,Junior,Permanent,2025-09-01,Project Zenith,Non-Billable,74.7
EMP00168,Junior,Permanent,2025-09-01,Project Atlas,Annual Leave,20.3
EMP00026,Analyst,Permanent,2025-09-01,Project Nimbus,Non-Billable,129.0
EMP00002,Senior Analyst,Permanent,2025-09-01,Project Nimbus,Billable,108.7
EMP00188,Analyst,Fixed-term,2025-09-01,Project Orion,Billable,40.2
EMP00161,Intern,Contractor,2025-09-01,Project Nova,Non-Billable,77.2
EMP00301,Analyst,Freelancer,2025-09-01,Project Vega,Billable,61.1
EMP00304,Senior Manager,Permanent,2025-09-01,Project Horizon,Billable,63.6
EMP00255,Analyst,Freelancer,2025-09-01,Project Nova,Annual Leave,37.1
EMP00152,Executive,Part-time,2025-09-01,Project Titan,Non-Billable,22.2
EMP00321,Manager,Part-time,2025-09-01,Project Zenith,Non-Billable,59.0
EMP00120,Senior Analyst,Permanent,2025-09-01,Project Titan,Non-Billable,87.6
EMP00033,Director,Fixed-term,2025-09-01,Project Horizon,Non-Billable,91.3
EMP00338,Intern,Contractor,2025-09-01,Project Nova,Billable,35.7
EMP00041,Intern,Permanent,2025-09-01,Project Vega,Non-Billable,170.7
EMP00333,Analyst,Permanent,2025-09-01,PROJECT ZENITH,Non-Billable,171.3
EMP00098,Intern,Fixed-term,2025-09-01,Project Atlas,Billable,119.1
EMP00080,Analyst,Part-time,2025-09-01,Project Nova,Billable,59.7
EMP00011,Executive,Permanent,2025-09-01,Project Falcon,Non-Billable,73.5
EMP00332,Senior Analyst,Permanent,2025-09-01,Project Falcon,Non-Billable,69.8
EMP00188,Analyst,Fixed-term,2025-09-01,Project Orion,Non-Billable,50.1
EMP00223,Senior Manager,Permanent,2025-09-01,Project Titan,Non-Billable,24.4
EMP00320,Junior,Part-time,2025-09-01,Project Aurora,Billable,43.9
EMP00163,Senior Analyst,Part-time,2025-09-01,Project Aurora,Non-Billable,89.6
EMP00105,Junior,Permanent,2025-09-01,Project Aurora,Non-Billable,125.7
EMP00101,Manager,Permanent,2025-09-01,Project Zenith,Non-Billable,167.1
EMP00051,Senior Analyst,Contractor,2025-09-01,Project Zenith,Annual Leave,39.3
EMP00001,Junior,Part-time,2025-09-01,Project Atlas,Non-Billable,50.7
EMP00155,Junior,Permanent,2025-09-01,Project Vega,Non-Billable,97.1
EMP00324,Junior,Permanent,2025-09-01,Project Falcon,Billable,33.6
EMP00135,Senior Analyst,Fixed-term,2025-09-01,Project Horizon,Non-Billable,80.5
EMP00331,Senior Analyst,Permanent,2025-09-01,Project Aurora,Non-Billable,119.8
EMP00178,Intern,Permanent,2025-09-01,Project Nova,Non-Billable,167.0
EMP00019,Senior Analyst,Permanent,2025-09-01,Project Zenith,Billable,94.5
EMP00140,Intern,Permanent,2025-09-01,Project Aurora,Non-Billable,92.6
EMP00015,Manager,Freelancer,2025-09-01,Project Aurora,Billable,45.3
EMP00191,Intern,Freelancer,2025-09-01,Project Orion,Billable,24.7
EMP00088,Analyst,Contractor,2025-09-01,Project Nova,Annual Leave,13.1
EMP00009,Manager,Freelancer,2025-09-01,Project Nova,Billable,80.7
EMP00293,Manager,Fixed-term,2025-09-01,Project Aurora,Annual Leave,37.6
EMP00114,Junior,Part-time,2025-09-01,Project Vega,Non-Billable,93.8
EMP00231,Intern,Fixed-term,2025-09-01,Project Atlas,Billable,48.3
EMP00151,Analyst,Fixed-term,2025-09-01,Project Vega,Billable,84.7
EMP00203,Analyst,Contractor,2025-09-01,Project Atlas,Non-Billable,146.6
EMP00001,Junior,Part-time,2025-09-01,Project Atlas,Billable,46.6
EMP00323,Analyst,Permanent,2025-09-01,Project Titan,Billable,63.1
EMP00067,Manager,Part-time,2025-09-01,Project Vega,Non-Billable,88.9
EMP00143,Analyst,Permanent,2025-09-01,Project Orion,Non-Billable,61.5
EMP00272,Senior Analyst,Contractor,2025-09-01,Project Zenith,Billable,72.8
EMP00268,Senior Analyst,Permanent,2025-09-01,Project Horizon,Non-Billable,124.3
EMP00040,Senior Analyst,Permanent,2025-09-01,Project Zenith,Billable,50.0
EMP00248,Analyst,Contractor,2025-09-01,Project Nova,Non-Billable,88.5
EMP00027,Senior Analyst,Permanent,2025-09-01,Project Titan,Billable,76.1
EMP00083,Intern,Permanent,2025-09-01,Project Nimbus,Non-Billable,86.8
EMP00298,Junior,Freelancer,2025-09-01,Project Atlas,Non-Billable,80.3
EMP00335,Senior Analyst,Permanent,2025-09-01,Project Falcon,Billable,59.5
EMP00024,Intern,Freelancer,2025-09-01,Project Zenith,Non-Billable,22.0
EMP00239,Analyst,Freelancer,2025-09-01,Project Vega,Billable,88.1
EMP00177,Analyst,Contractor,2025-09-01,Project Falcon,Billable,63.8
EMP00153,Analyst,Part-time,2025-09-01,Project Zenith,Non-Billable,77.2
EMP00015,Manager,Freelancer,2025-09-01,Project Aurora,Non-Billable,78.6
EMP00293,Manager,Fixed-term,2025-09-01,Project Aurora,Non-Billable,67.9
EMP00031,Manager,Contractor,2025-09-01,Project Nimbus,Billable,84.7
EMP00227,Junior,Fixed-term,2025-09-01,Project Atlas,Billable,87.8
EMP00197,Junior,Permanent,2025-09-01,Project Falcon,Non-Billable,82.0
EMP00196,Analyst,Part-time,2025-09-01,Project Orion,Billable,24.4
EMP00187,Analyst,Permanent,2025-09-01,Project Orion,Non-Billable,34.7
EMP00095,Junior,Fixed-term,2025-09-01,Project Vega,Non-Billable,83.8
EMP00159,Junior,Permanent,2025-09-01,Project Vega,Billable,43.6
EMP00200,Senior Manager,Fixed-term,2025-09-01,Project Vega,Billable,60.8
EMP00175,Manager,Permanent,2025-09-01,Project Atlas,Non-Billable,99.6
EMP00020,Senior Manager,Permanent,2025-09-01,Project Horizon,Non-Billable,76.9
EMP00089,Intern,Freelancer,2025-09-01,Project Orion,Non-Billable,62.8
EMP00072,Senior Analyst,Permanent,2025-09-01,Project Titan,Non-Billable,171.8
EMP00118,Senior Analyst,Fixed-term,2025-09-01,Project Atlas,Billable,46.7
EMP00046,Analyst,Fixed-term,2025-09-01,Project Orion,Billable,38.4
EMP00268,Senior Analyst,Permanent,2025-09-01,Project Horizon,Billable,43.1
EMP00191,Intern,Freelancer,2025-09-01,Project Orion,Non-Billable,38.9
EMP00315,Director,Permanent,2025-09-01,Project Horizon,Billable,56.3
EMP00123,Senior Analyst,Part-time,2025-09-01,Project Orion,Non-Billable,23.3
EMP00130,Junior,Permanent,2025-09-01,Project Nova,Non-Billable,135.0
EMP00133,Analyst,Freelancer,2025-09-01,Project Zenith,Non-Billable,99.7
EMP00129,Analyst,Permanent,2025-09-01,Project Atlas,Billable,41.0
EMP00267,Intern,Freelancer,2025-09-01,Project Atlas,Billable,54.8
EMP00073,Intern,Part-time,2025-09-01,Project Horizon,Non-Billable,42.1
EMP00106,Intern,Contractor,2025-09-01,Project Nova,Non-Billable,76.6
EMP00071,Analyst,Fixed-term,2025-09-01,Project Nimbus,Non-Billable,162.3
EMP00086,Senior Analyst,Part-time,2025-09-01,Project Falcon,Non-Billable,40.9
EMP00166,Senior Analyst,Contractor,2025-09-01,Project Orion,Billable,34.1
EMP00030,Manager,Permanent,2025-09-01,Project Aurora,Billable,59.7
EMP00315,Director,Permanent,2025-09-01,Project Horizon,Annual Leave,18.7
EMP00095,Junior,Fixed-term,2025-09-01,Project Vega,Billable,81.3
EMP00166,Senior Analyst,Contractor,2025-09-01,Project Orion,Non-Billable,42.0
EMP00299,Senior Analyst,Fixed-term,2025-09-01,Project Nova,Non-Billable,117.5
EMP00261,Analyst,Part-time,2025-09-01,Project Titan,Non-Billable,68.2
EMP00107,Senior Analyst,Contractor,2025-09-01,Project Zenith,Non-Billable,75.0
EMP00234,Analyst,Permanent,2025-09-01,Project Vega,Non-Billable,121.1
EMP00043,Intern,Contractor,2025-09-01,Project Falcon,Billable,80.9
EMP00183,Intern,Permanent,2025-09-01,Project Orion,Non-Billable,83.8
EMP00155,Junior,Permanent,2025-09-01,Project Vega,Billable,76.5
EMP00027,Senior Analyst,Permanent,2025-09-01,Project Titan,Non-Billable,109.6
EMP00045,Analyst,Fixed-term,2025-09-01,Project Atlas,Billable,75.9
EMP00258,Senior Manager,Permanent,2025-09-01,Project Vega,Billable,102.6
EMP00282,Analyst,Fixed-term,2025-09-01,Project Aurora,Annual Leave,23.5
EMP00092,Senior Analyst,Permanent,2025-09-01,Project Orion,Non-Billable,50.3
EMP00254,Manager,Freelancer,2025-09-01,Project Orion,Billable,15.9
EMP00250,Senior Manager,Fixed-term,2025-09-01,Project Zenith,Billable,70.6
EMP00111,Senior Analyst,Fixed-term,2025-09-01,Project Nova,Annual Leave,18.9
EMP00208,Analyst,Permanent,2025-09-01,Project Nimbus,Non-Billable,102.1
EMP00033,Director,Fixed-term,2025-09-01,Project Horizon,Billable,45.9
EMP00134,Analyst,Permanent,2025-09-01,Project Orion,Non-Billable,74.8
EMP00290,Analyst,Permanent,2025-09-01,Project Nimbus,Non-Billable,157.2
EMP00291,Analyst,Fixed-term,2025-09-01,Project Horizon,Billable,63.2
EMP00104,Junior,Permanent,2025-09-01,Project Falcon,Billable,68.8
EMP00073,Intern,Part-time,2025-09-01,Project Horizon,Billable,51.2
EMP00050,Manager,Freelancer,2025-09-01,Project Vega,Non-Billable,133.9
EMP00168,Junior,Permanent,2025-09-01,Project Atlas,Non-Billable,147.4
EMP00173,Manager,Freelancer,2025-09-01,Project Aurora,Non-Billable,133.6
EMP00006,Analyst,Contractor,2025-09-01,Project Zenith,Billable,48.0
EMP00056,Analyst,Permanent,2025-09-01,Project Aurora,Non-Billable,98.9
EMP00058,Manager,Freelancer,2025-09-01,Project Zenith,Billable,93.4
EMP00300,Analyst,Fixed-term,2025-09-01,Project Nimbus,Non-Billable,72.4
EMP00289,Junior,Fixed-term,2025-09-01,Project Nova,Non-Billable,167.2
EMP00092,Senior Analyst,Permanent,2025-09-01,Project Orion,Billable,29.9
EMP00080,Analyst,Part-time,2025-09-01,Project Nova,Non-Billable,39.9
EMP00107,Senior Analyst,Contractor,2025-09-01,Project Zenith,Billable,61.3
EMP00218,Analyst,Fixed-term,2025-09-01,Project Nimbus,Non-Billable,97.1
EMP00244,Senior Analyst,Permanent,2025-09-01,Project Nimbus,Non-Billable,46.5
EMP00232,Analyst,Permanent,2025-09-01,Project Falcon,Non-Billable,173.7
EMP00266,Manager,Fixed-term,2025-09-01,Project Orion,Billable,31.6
EMP00288,Junior,Permanent,2025-09-01,Project Zenith,Annual Leave,34.0
EMP00099,Analyst,Permanent,2025-09-01,Project Titan,Non-Billable,121.1
EMP00075,Analyst,Permanent,2025-09-01,Project Atlas,Non-Billable,136.4
EMP00231,Intern,Fixed-term,2025-09-01,Project Atlas,Non-Billable,109.2
EMP00091,Senior Analyst,Permanent,2025-09-01,Project Nova,Non-Billable,110.4
EMP00139,Intern,Permanent,2025-09-01,Project Titan,Non-Billable,131.8
EMP00272,Senior Analyst,Contractor,2025-09-01,Project Zenith,Non-Billable,77.8
EMP00108,Junior,Permanent,2025-09-01,Project Titan,Non-Billable,92.3
EMP00259,Manager,Freelancer,2025-09-01,Project Horizon,Non-Billable,62.1
EMP00322,Senior Analyst,Part-time,2025-09-01,Project Vega,Non-Billable,53.9
EMP00330,Senior Analyst,Part-time,2025-09-01,Project Nimbus,Billable,22.2
EMP00255,Analyst,Freelancer,2025-09-01,Project Nova,Billable,33.9
EMP00057,Intern,Part-time,2025-09-01,Project Nova,Non-Billable,93.8
EMP00269,Intern,Fixed-term,2025-09-01,Project Nimbus,Non-Billable,94.8
EMP00339,Manager,Contractor,2025-09-01,Project Nova,Annual Leave,36.5
EMP00336,Manager,Freelancer,2025-09-01,Project Titan,Billable,41.0
EMP00314,Senior Analyst,Permanent,2025-09-01,Project Atlas,Annual Leave,13.0
EMP00266,Manager,Fixed-term,2025-09-01,Project Orion,Non-Billable,48.0
EMP00134,Analyst,Permanent,2025-09-01,Project Orion,Annual Leave,8.2
EMP00311,Analyst,Permanent,2025-09-01,Project Nimbus,Non-Billable,165.3
EMP00131,Junior,Contractor,2025-09-01,Project Orion,Billable,33.8
EMP00301,Analyst,Freelancer,2025-09-01,Project Vega,Non-Billable,60.8
EMP00005,Intern,Permanent,2025-09-01,Project Zenith,Billable,39.8
EMP00147,Senior Analyst,Fixed-term,2025-09-01,Project Horizon,Non-Billable,87.0
EMP00185,Junior,Part-time,2025-09-01,Project Horizon,Billable,35.6
EMP00081,Manager,Fixed-term,2025-09-01,Project Aurora,Billable,78.1
EMP00085,Junior,Permanent,2025-09-01,Project Horizon,Annual Leave,30.1
EMP00202,Junior,Permanent,2025-09-01,Project Atlas,Non-Billable,108.4
EMP00152,Executive,Part-time,2025-09-01,Project Titan,Billable,71.9
EMP00182,Analyst,Permanent,2025-09-01,Project Nimbus,Billable,66.2
EMP00053,Senior Analyst,Permanent,2025-09-01,Project Nimbus,Billable,75.6
EMP00193,Intern,Freelancer,2025-09-01,Project Nimbus,Billable,56.5
EMP00023,Junior,Permanent,2025-09-01,Project Aurora,Billable,80.5
EMP00276,Senior Analyst,Fixed-term,2025-09-01,Project Zenith,Non-Billable,111.7
EMP00277,Senior Analyst,Part-time,2025-09-01,Project Falcon,Non-Billable,95.1
EMP00068,Junior,Freelancer,2025-09-01,Project Vega,Billable,35.9
EMP00291,Analyst,Fixed-term,2025-09-01,Project Horizon,Non-Billable,90.8
EMP00281,Analyst,Permanent,2025-09-01,Project Falcon,Annual Leave,22.2
EMP00102,Analyst,Contractor,2025-09-01,Project Vega,Non-Billable,105.1
EMP00159,Junior,Permanent,2025-09-01,Project Vega,Non-Billable,101.7
EMP00185,Junior,Part-time,2025-09-01,Project Horizon,Non-Billable,52.4
EMP00130,Junior,Permanent,2025-09-01,Project Nova ,Billable,45.9
EMP00196,Analyst,Part-time,2025-09-01,Project Orion,Non-Billable,25.0
EMP00182,Analyst,Permanent,2025-09-01,Project Nimbus,Non-Billable,90.0
EMP00127,Analyst,Freelancer,2025-09-01,Project Nova,Non-Billable,54.0
EMP00283,Director,Fixed-term,2025-09-01,Project Aurora,Non-Billable,112.1
EMP00201,Analyst,Permanent,2025-09-01,Project Falcon,Billable,38.8
EMP00055,Senior Manager,Fixed-term,2025-09-01,Project Atlas,Billable,66.2
EMP00060,Senior Analyst,Part-time,2025-09-01,Project Horizon,Billable,23.0
EMP00206,Senior Analyst,Part-time,2025-09-01,Project Nimbus,Billable,38.5
EMP00106,Intern,Contractor,2025-09-01,Project Nova,Billable,55.6
EMP00334,Senior Analyst,Permanent,2025-09-01,Project Horizon,Non-Billable,190.0
EMP00148,Junior,Permanent,2025-09-01,Project Nova,Non-Billable,84.3
EMP00178,Intern,Permanent,2025-09-01,Project Nova,Annual Leave,21.7
EMP00302,Junior,Fixed-term,2025-09-01,Project Zenith,Non-Billable,171.6
EMP00115,Junior,Permanent,2025-09-01,Project Vega,Billable,48.3
EMP00131,Junior,Contractor,2025-09-01,Project Orion,Non-Billable,35.8
EMP00304,Senior Manager,Permanent,2025-09-01,Project Horizon,Non-Billable,102.6
EMP00230,Analyst,Part-time,2025-09-01,Project Titan,Non-Billable,99.0
EMP00082,Analyst,Permanent,2025-09-01,Project Nimbus,Annual Leave,12.3
EMP00071,Analyst,Fixed-term,2025-09-01,Project Nimbus,Annual Leave,10.2
EMP00226,Senior Analyst,Part-time,2025-09-01,Project Vega,Billable,24.8
EMP00310,Senior Analyst,Fixed-term,2025-09-01,Project Atlas,Non-Billable,166.6
EMP00262,Analyst,Permanent,2025-09-01,Project Vega,Non-Billable,178.3
EMP00282,Analyst,Fixed-term,2025-09-01,Project Aurora,Billable,71.9
EMP00117,Intern,Fixed-term,2025-09-01,Project Horizon,Billable,48.4
EMP00142,Analyst,Permanent,2025-09-01,Project Falcon,Billable,104.4
EMP00208,Analyst,Permanent,2025-09-01,Project Nimbus,Billable,75.3
EMP00267,Intern,Freelancer,2025-09-01,Project Atlas,Non-Billable,75.4
EMP00122,Intern,Part-time,2025-09-01,Project Horizon,Non-Billable,93.5
EMP00078,Analyst,Contractor,2025-09-01,Project Aurora,Non-Billable,92.5
EMP00329,Analyst,Permanent,2025-09-01,Project Falcon,Annual Leave,11.5
EMP00037,Analyst,Fixed-term,2025-09-01,Project Orion,Non-Billable,37.2
EMP00223,Senior Manager,Permanent,2025-09-01,Project Titan,Annual Leave,38.4
EMP00194,Analyst,Freelancer,2025-09-01,Project Vega,Billable,53.5
EMP00316,Analyst,Permanent,2025-09-01,Project Titan,Non-Billable,167.6
EMP00149,Senior Analyst,Permanent,2025-09-01,Project Falcon,Annual Leave,23.0
EMP00099,Analyst,Permanent,2025-09-01,Project Titan,Billable,37.9
EMP00019,Senior Analyst,Permanent,2025-09-01,Project Zenith,Non-Billable,78.6
EMP00045,Analyst,Fixed-term,2025-09-01,Project Atlas,Non-Billable,67.6
EMP00059,Manager,Fixed-term,2025-09-01,Project Titan,Non-Billable,124.1
EMP00324,Junior,Permanent,2025-09-01,Project Falcon,Annual Leave,34.4
EMP00238,Intern,Permanent,2025-09-01,Project Nova,Billable,63.1
EMP00018,Manager,Fixed-term,2025-09-01,Project Horizon,Billable,73.8
EMP00115,Junior,Permanent,2025-09-01,Project Vega,Non-Billable,120.3
EMP00105,Junior,Permanent,2025-09-01,Project Aurora,Billable,35.4
EMP00249,Junior,Permanent,2025-09-01,Project Horizon,Non-Billable,142.8
EMP00286,Analyst,Fixed-term,2025-09-01,Project Nimbus,Billable,73.0
EMP00278,Analyst,Permanent,2025-09-01,Project Aurora,Billable,47.2
EMP00229,Intern,Contractor,2025-09-01,Project Aurora,Non-Billable,160.5
EMP00008,Director,Permanent,2025-09-01,Project Nimbus,Non-Billable,84.8
EMP00194,Analyst,Freelancer,2025-09-01,Project Vega,Non-Billable,88.5
EMP00256,Manager,Part-time,2025-09-01,Project Atlas,Non-Billable,95.6
EMP00246,Manager,Part-time,2025-09-01,Project Zenith,Non-Billable,16.9
EMP00226,Senior Analyst,Part-time,2025-09-01,Project Vega,Non-Billable,71.0
EMP00006,Analyst,Contractor,2025-09-01,Project Zenith,Non-Billable,113.7
EMP00052,Analyst,Freelancer,2025-09-01,Project Falcon,Billable,58.0
EMP00248,Analyst,Contractor,2025-09-01,Project Nova,Billable,64.4
EMP00021,Senior Analyst,Fixed-term,2025-09-01,Project Horizon,Billable,136.8
EMP00199,Junior,Fixed-term,2025-09-01,Project Titan,Non-Billable,88.3
EMP00160,Junior,Contractor,2025-09-01,Project Atlas,Non-Billable,15.3
EMP00145,Junior,Permanent,2025-09-01,Project Atlas,Non-Billable,170.8
EMP00235,Analyst,Fixed-term,2025-09-01,Project Falcon,Billable,43.0
EMP00207,Analyst,Part-time,2025-09-01,Project Nova,Annual Leave,25.0
EMP00335,Senior Analyst,Permanent,2025-09-01,Project Falcon,Annual Leave,11.3
EMP00211,Manager,Fixed-term,2025-09-01,Project Orion,Non-Billable,47.2
EMP00246,Manager,Part-time,2025-09-01,Project Zenith,Billable,52.8
EMP00202,Junior,Permanent,2025-09-01,Project Atlas,Billable,59.4
EMP00037,Analyst,Fixed-term,2025-09-01,Project Orion,Annual Leave,29.0
EMP00211,Manager,Fixed-term,2025-09-01,Project Orion,Billable,38.8
EMP00260,Analyst,Contractor,2025-09-01,Project Nimbus,Billable,43.3
EMP00158,Senior Analyst,Fixed-term,2025-09-01,Project Atlas,Non-Billable,160.2
EMP00193,Intern,Freelancer,2025-09-01,Project Nimbus,Non-Billable,80.3
EMP00096,Senior Analyst,Contractor,2025-09-01,Project Zenith,Non-Billable,79.8
EMP00138,Senior Analyst,Part-time,2025-09-01,Project Vega,Non-Billable,46.8
EMP00214,Senior Analyst,Freelancer,2025-09-01,Project Orion,Annual Leave,17.2
EMP00243,Senior Analyst,Contractor,2025-09-01,Project Aurora,Billable,35.0
EMP00285,Analyst,Fixed-term,2025-09-01,Project Aurora,Non-Billable,179.5
EMP00255,Analyst,Freelancer,2025-09-01,Project Nova,Non-Billable,53.2
EMP00245,Senior Analyst,Fixed-term,2025-09-01,Project Falcon,Annual Leave,21.7
EMP00332,Senior Analyst,Permanent,2025-09-01,Project Falcon,Billable,56.3
EMP00159,Junior,Permanent,2025-09-01,Project Vega,Annual Leave,29.2
EMP00200,Senior Manager,Fixed-term,2025-09-01,Project Vega,Non-Billable,104.3
EMP00010,Intern,Permanent,2025-09-01,Project Atlas,Non-Billable,101.0
EMP00074,Junior,Permanent,2025-09-01,PROJECT HORIZON,Non-Billable,88.2
EMP00026,Analyst,Permanent,2025-09-01,Project Nimbus,Billable,40.4
EMP00079,Manager,Permanent,2025-09-01,Project Horizon,Billable,67.4
EMP00154,Junior,Part-time,2025-09-01,Project Nimbus,Billable,36.6
EMP00299,Senior Analyst,Fixed-term,2025-09-01,Project Nova,Billable,52.5
EMP00149,Senior Analyst,Permanent,2025-09-01,Project Falcon,Non-Billable,152.4
EMP00040,Senior Analyst,Permanent,2025-09-01,Project Zenith,Non-Billable,128.4
EMP00181,Intern,Permanent,2025-09-01,Project Zenith,Billable,73.5
EMP00091,Senior Analyst,Permanent,2025-09-01,Project Nova,Billable,49.4
EMP00082,Analyst,Permanent,2025-09-01,Project Nimbus,Non-Billable,148.2
EMP00004,Manager,Permanent,2025-09-01,Project Nimbus,Billable,53.8
EMP00212,Junior,Fixed-term,2025-09-01,Project Vega,Billable,67.3
EMP00275,Junior,Part-time,2025-09-01,Project Atlas,Non-Billable,60.0
EMP00308,Senior Analyst,Part-time,2025-09-01,Project Orion,Non-Billable,33.3
EMP00078,Analyst,Contractor,2025-09-01,Project Aurora,Billable,63.1
EMP00327,Intern,Fixed-term,2025-09-01,Project Aurora,Billable,118.0
EMP00278,Analyst,Permanent,2025-09-01,Project Aurora,Non-Billable,122.7
EMP00083,Intern,Permanent,2025-09-01,Project Nimbus,Billable,71.3
EMP00287,Senior Analyst,Contractor,2025-09-01,Project Aurora,Non-Billable,90.1
EMP00288,Junior,Permanent,2025-09-01,Project Zenith,Billable,28.5
EMP00143,Analyst,Permanent,2025-09-01,Project Orion,Billable,18.8
EMP00300,Analyst,Fixed-term,2025-09-01,Project Nimbus,Billable,51.6
EMP00087,Analyst,Contractor,2025-09-01,Project Atlas,Billable,80.4
EMP00307,Analyst,Part-time,2025-09-01,Project Horizon,Billable,26.7
EMP00228,Manager,Part-time,2025-09-01,Project Nimbus,Non-Billable,32.5
EMP00281,Analyst,Permanent,2025-09-01,Project Falcon,Non-Billable,83.5
EMP00309,Manager,Permanent,2025-09-01,Project Nova,Non-Billable,162.6
EMP00164,Junior,Contractor,2025-09-01,Project Nova,Non-Billable,149.7
EMP00292,Senior Manager,Fixed-term,2025-09-01,Project Titan,Billable,66.9
EMP00245,Senior Analyst,Fixed-term,2025-09-01,Project Falcon,Non-Billable,40.4
EMP00081,Manager,Fixed-term,2025-09-01,Project Aurora,Non-Billable,91.3
EMP00088,Analyst,Contractor,2025-09-01,Project Nova,Non-Billable,128.3
EMP00061,Analyst,Permanent,2025-09-01,Project Horizon,Billable,89.9
EMP00161,Intern,Contractor,2025-09-01,Project Nova,Billable,64.5
EMP00133,Analyst,Freelancer,2025-09-01,Project Zenith,Billable,32.0
EMP00284,Analyst,Permanent,2025-09-01,Project Falcon,Non-Billable,23.1
EMP00246,Manager,Part-time,2025-09-01,Project Zenith,Annual Leave,26.2
EMP00063,Junior,Permanent,2025-09-01,Project Falcon,Billable,79.2
EMP00222,Senior Analyst,Permanent,2025-09-01,project vega,Non-Billable,168.1
EMP00275,Junior,Part-time,2025-09-01,Project Atlas,Billable,33.3
EMP00047,Senior Analyst,Part-time,2025-09-01,Project Zenith,Non-Billable,63.9
EMP00108,Junior,Permanent,2025-09-01,Project Titan,Billable,51.5
EMP00090,Director,Permanent,2025-09-01,Project Nova,Non-Billable,97.8
EMP00093,Analyst,Fixed-term,2025-09-01,Project Orion,Billable,33.9
EMP00085,Junior,Permanent,2025-09-01,Project Horizon,Non-Billable,89.0
EMP00156,Analyst,Freelancer,2025-09-01,Project Atlas,Billable,62.9
EMP00249,Junior,Permanent,2025-09-01,Project Horizon,Billable,39.4
EMP00132,Junior,Fixed-term,2025-09-01,Project Nimbus,Non-Billable,177.9
EMP00008,Director,Permanent,2025-09-01,Project Nimbus,Billable,78.3
EMP00192,Junior,Fixed-term,2025-09-01,Project Aurora,Non-Billable,149.1
EMP00259,Manager,Freelancer,2025-09-01,Project Horizon,Billable,40.3
EMP00032,Manager,Contractor,2025-09-01,Project Atlas,Non-Billable,151.9
EMP00070,Junior,Permanent,2025-09-01,Project Nimbus,Billable,68.2
EMP00049,Senior Manager,Fixed-term,2025-09-01,Project Vega,Billable,124.4
EMP00212,Junior,Fixed-term,2025-09-01,Project Vega,Non-Billable,100.2
EMP00087,Analyst,Contractor,2025-09-01,Project Atlas,Non-Billable,89.3
EMP00068,Junior,Freelancer,2025-09-01,Project Vega,Non-Billable,99.3
EMP00020,Senior Manager,Permanent,2025-09-01,Project Horizon,Billable,84.8
EMP00079,Manager,Permanent,2025-09-01,Project Horizon,Non-Billable,76.3
EMP00124,Analyst,Permanent,2025-09-01,Project Atlas,Billable,98.0
EMP00337,Senior Manager,Permanent,2025-09-01,Project Falcon,Non-Billable,172.3
EMP00276,Senior Analyst,Fixed-term,2025-09-01,Project Zenith,Billable,44.0
EMP00125,Senior Analyst,Fixed-term,2025-09-01,Project Titan,Billable,35.5
EMP00135,Senior Analyst,Fixed-term,2025-09-01,Project Horizon,Billable,95.7
EMP00053,Senior Analyst,Permanent,2025-09-01,Project Nimbus,Non-Billable,93.5
EMP00014,Senior Manager,Contractor,2025-09-01,Project Horizon,Non-Billable,66.9
EMP00150,Senior Manager,Fixed-term,2025-09-01,Project Atlas,Non-Billable,97.9
EMP00324,Junior,Permanent,2025-09-01,Project Falcon,Non-Billable,102.5
EMP00165,Executive,Permanent,2025-09-01,Project Orion,Billable,38.1
EMP00227,Junior,Fixed-term,2025-09-01,Project Atlas,Non-Billable,89.0
EMP00314,Senior Analyst,Permanent,2025-09-01,Project Atlas,Non-Billable,126.4
EMP00213,Senior Analyst,Permanent,2025-09-01,Project Horizon,Billable,52.5
EMP00332,Senior Analyst,Permanent,2025-09-01,Project Falcon,Annual Leave,34.5
EMP00329,Analyst,Permanent,2025-09-01,Project Falcon,Billable,58.0
EMP00228,Manager,Part-time,2025-09-01,Project Nimbus,Billable,44.9
EMP00094,Senior Analyst,Contractor,2025-09-01,Project Vega,Non-Billable,82.8
EMP00223,Senior Manager,Permanent,2025-09-01,Project Titan,Billable,103.6
EMP00054,Senior Analyst,Fixed-term,2025-09-01,Project Titan,Non-Billable,75.6
EMP00253,Intern,Part-time,2025-09-01,Project Falcon,Billable,45.4
EMP00017,Analyst,Permanent,2025-09-01,Project Atlas,Non-Billable,179.9
EMP00056,Analyst,Permanent,2025-09-01,Project Aurora,Billable,72.1
EMP00045,Analyst,Fixed-term,2025-09-01,Project Atlas,Annual Leave,25.1
EMP00323,Analyst,Permanent,2025-09-01,Project Titan,Non-Billable,76.1
EMP00136,Senior Analyst,Fixed-term,2025-09-01,Project Orion,Non-Billable,58.9
EMP00238,Intern,Permanent,2025-09-01,Project Nova,Non-Billable,77.3
EMP00110,Junior,Part-time,2025-09-01,Project Horizon,Billable,38.8
EMP00263,Analyst,Part-time,2025-09-01,Project Zenith,Non-Billable,56.1
EMP00014,Senior Manager,Contractor,2025-09-01,Project Horizon,Billable,75.9
EMP00012,Analyst,Fixed-term,2025-09-01,Project Nimbus,Billable,48.7
EMP00034,Senior Manager,Permanent,2025-09-01,Project Atlas,Non-Billable,164.9
EMP00328,Analyst,Permanent,2025-09-01,Project Falcon,Non-Billable,88.5
EMP00198,Senior Manager,Freelancer,2025-09-01,Project Atlas,Non-Billable,144.1
EMP00042,Junior,Permanent,2025-09-01,Project Zenith,Billable,109.7
EMP00170,Analyst,Fixed-term,2025-09-01,Project Horizon,Annual Leave,11.4
EMP00225,Senior Analyst,Permanent,2025-09-01,Project Vega,Non-Billable,84.5
EMP00280,Manager,Permanent,2025-09-01,Project Orion,Non-Billable,83.4
EMP00141,Junior,Fixed-term,2025-09-01,Project Aurora,Non-Billable,85.0
EMP00224,Senior Manager,Fixed-term,2025-09-01,Project Falcon,Non-Billable,162.9
EMP00146,Analyst,Permanent,2025-09-01,Project Aurora,Billable,121.8
EMP00258,Senior Manager,Permanent,2025-09-01,Project Vega,Non-Billable,73.1
EMP00207,Analyst,Part-time,2025-09-01,Project Nova,Non-Billable,40.2
EMP00123,Senior Analyst,Part-time,2025-09-01,Project Orion,Billable,25.2
EMP00112,Intern,Permanent,2025-09-01,Project Titan,Non-Billable,125.1
EMP00061,Analyst,Permanent,2025-09-01,Project Horizon,Non-Billable,79.9
EMP00235,Analyst,Fixed-term,2025-09-01,Project Falcon,Non-Billable,121.6
EMP00195,Junior,Permanent,2025-09-01,Project Titan,Non-Billable,120.1
EMP00064,Senior Analyst,Permanent,2025-09-01,Project Nimbus,Non-Billable,31.2
EMP00039,Analyst,Permanent,2025-09-01,Project Atlas,Non-Billable,167.6
EMP00321,Manager,Part-time,2025-09-01,Project Zenith,Billable,35.6
EMP00129,Analyst,Permanent,2025-09-01,Project Atlas,Non-Billable,124.6
EMP00015,Manager,Freelancer,2025-09-01,Project Aurora,Annual Leave,12.4
EMP00283,Director,Fixed-term,2025-09-01,Project Aurora,Billable,67.4
EMP00012,Analyst,Fixed-term,2025-09-01,Project Nimbus,Non-Billable,117.5
EMP00103,Director,Fixed-term,2025-09-01,Project Nova ,Billable,109.7
EMP00119,Senior Analyst,Part-time,2025-09-01,Project Horizon,Annual Leave,13.2
EMP00108,Junior,Permanent,2025-09-01,Project Titan,Annual Leave,30.0
EMP00192,Junior,Fixed-term,2025-09-01,Project Aurora,Annual Leave,22.9
EMP00197,Junior,Permanent,2025-09-01,Project Falcon,Billable,62.7
EMP00084,Senior Manager,Contractor,2025-09-01,Project Falcon,Annual Leave,12.0
EMP00205,Manager,Permanent,2025-09-01,Project Atlas,Non-Billable,169.6
EMP00138,Senior Analyst,Part-time,2025-09-01,Project Vega,Billable,45.8
EMP00075,Analyst,Permanent,2025-09-01,PROJECT ATLAS,Annual Leave,31.3
EMP00319,Analyst,Permanent,2025-09-01,Project Titan,Non-Billable,151.1
EMP00294,Senior Manager,Permanent,2025-09-01,Project Nova,Non-Billable,33.7
EMP00110,Junior,Part-time,2025-09-01,Project Horizon,Non-Billable,65.5
EMP00044,Director,Permanent,2025-09-01,Project Orion,Billable,41.3
EMP00022,Analyst,Permanent,2025-09-01,Project Orion,Non-Billable,57.8
EMP00058,Manager,Freelancer,2025-09-01,Project Zenith,Non-Billable,50.2
EMP00022,Analyst,Permanent,2025-09-01,Project Orion,Billable,26.6
EMP00214,Senior Analyst,Freelancer,2025-09-01,Project Orion,Non-Billable,36.2
EMP00328,Analyst,Permanent,2025-09-01,Project Falcon,Billable,84.9
EMP00259,Manager,Freelancer,2025-09-01,Project Horizon,Annual Leave,19.2
EMP00243,Senior Analyst,Contractor,2025-09-01,Project Aurora,Non-Billable,107.0
EMP00036,Senior Manager,Permanent,2025-09-01,Project Nimbus,Billable,73.5
EMP00064,Senior Analyst,Permanent,2025-09-01,Project Nimbus,Billable,147.8
EMP00241,Analyst,Permanent,2025-09-01,Project Titan,Non-Billable,95.1
EMP00005,Intern,Permanent,2025-09-01,Project Zenith,Non-Billable,127.9
EMP00013,Analyst,Part-time,2025-09-01,Project Atlas,Billable,47.8
EMP00154,Junior,Part-time,2025-09-01,Project Nimbus,Non-Billable,61.9
EMP00177,Analyst,Contractor,2025-09-01,Project Falcon,Non-Billable,87.2
EMP00335,Senior Analyst,Permanent,2025-09-01,Project Falcon,Non-Billable,94.3
EMP00048,Intern,Permanent,2025-09-01,Project Atlas,Billable,76.9
EMP00119,Senior Analyst,Part-time,2025-09-01,Project Horizon,Non-Billable,65.9
EMP00291,Analyst,Fixed-term,2025-09-01,Project Horizon,Annual Leave,11.1
EMP00251,Director,Fixed-term,2025-09-01,Project Falcon,Billable,83.9
EMP00086,Senior Analyst,Part-time,2025-09-01,Project Falcon,Billable,12.5
EMP00323,Analyst,Permanent,2025-09-01,Project Titan,Annual Leave,30.0
EMP00048,Intern,Permanent,2025-09-01,Project Atlas,Non-Billable,86.4
EMP00120,Senior Analyst,Permanent,2025-09-01,Project Titan,Billable,88.6
EMP00025,Senior Analyst,Contractor,2025-09-01,Project Titan,Non-Billable,66.6
EMP00269,Intern,Fixed-term,2025-09-01,Project Nimbus,Billable,63.3
EMP00265,Intern,Permanent,2025-09-01,Project Zenith,Non-Billable,120.2
EMP00098,Intern,Fixed-term,2025-09-01,Project Atlas,Non-Billable,52.9
EMP00016,Junior,Permanent,2025-09-01,Project Horizon,Non-Billable,83.4
EMP00102,Analyst,Contractor,2025-09-01,Project Vega,Billable,36.2
EMP00274,Junior,Freelancer,2025-09-01,Project Titan,Billable,43.2
EMP00244,Senior Analyst,Permanent,2025-09-01,Project Nimbus,Billable,96.4
EMP00151,Analyst,Fixed-term,2025-09-01,Project Vega,Non-Billable,88.7
EMP00144,Intern,Freelancer,2025-09-01,Project Nimbus,Non-Billable,79.2
EMP00162,Manager,Freelancer,2025-09-01,Project Orion,Annual Leave,29.8
EMP00294,Senior Manager,Permanent,2025-09-01,Project Nova,Billable,110.5
EMP00296,Manager,Freelancer,2025-09-01,Project Nimbus,Billable,95.5
EMP00221,Intern,Contractor,2025-09-01,Project Titan,Non-Billable,133.4
EMP00002,Senior Analyst,Permanent,2025-09-01,Project Nimbus,Non-Billable,59.0
EMP00239,Analyst,Freelancer,2025-09-01,Project Vega,Non-Billable,26.5
EMP00077,Senior Analyst,Fixed-term,2025-09-01,Project Horizon,Annual Leave,18.3
EMP00331,Senior Analyst,Permanent,2025-09-01,Project Aurora,Billable,40.9
EMP00085,Junior,Permanent,2025-09-01,Project Horizon,Billable,56.3
EMP00207,Analyst,Part-time,2025-09-01,Project Nova,Billable,28.2
EMP00010,Intern,Permanent,2025-09-01,Project Atlas,Billable,64.8
EMP00300,Analyst,Fixed-term,2025-09-01,Project Nimbus,Annual Leave,39.5
EMP00326,Manager,Permanent,2025-09-01,Project Falcon,Billable,73.1
EMP00318,Junior,Contractor,2025-09-01,Project Nimbus,Non-Billable,147.4
EMP00292,Senior Manager,Fixed-term,2025-09-01,Project Titan,Non-Billable,86.7
EMP00215,Junior,Contractor,2025-09-01,Project Zenith,Non-Billable,87.2
EMP00094,Senior Analyst,Contractor,2025-09-01,Project Vega,Billable,55.8
EMP00250,Senior Manager,Fixed-term,2025-09-01,Project Zenith,Non-Billable,107.4
EMP00187,Analyst,Permanent,2025-09-01,Project Orion,Billable,46.8
EMP00264,Junior,Part-time,2025-09-01,Project Orion,Billable,18.8
EMP00287,Senior Analyst,Contractor,2025-09-01,Project Aurora,Billable,64.2
EMP00021,Senior Analyst,Fixed-term,2025-09-01,Project Horizon,Non-Billable,31.6
EMP00336,Manager,Freelancer,2025-09-01,Project Titan,Non-Billable,96.3
EMP00049,Senior Manager,Fixed-term,2025-09-01,Project Vega,Non-Billable,47.6
EMP00052,Analyst,Freelancer,2025-09-01,Project Falcon,Non-Billable,71.9
EMP00025,Senior Analyst,Contractor,2025-09-01,Project Titan,Billable,81.7
EMP00239,Analyst,Freelancer,2025-09-01,Project Vega,Annual Leave,18.3
EMP00195,Junior,Permanent,2025-09-01,Project Titan,Billable,54.0
EMP00329,Analyst,Permanent,2025-09-01,Project Falcon,Non-Billable,89.3
EMP00043,Intern,Contractor,2025-09-01,Project Falcon,Non-Billable,67.4
EMP00051,Senior Analyst,Contractor,2025-09-01,Project Zenith,Non-Billable,37.1
EMP00018,Manager,Fixed-term,2025-09-01,Project Horizon,Non-Billable,107.0
EMP00312,Analyst,Fixed-term,2025-09-01,Project Atlas,Billable,117.2
EMP00307,Analyst,Part-time,2025-09-01,Project Horizon,Non-Billable,72.6
EMP00228,Manager,Part-time,2025-09-01,Project Nimbus,Annual Leave,18.6
EMP00126,Senior Manager,Part-time,2025-09-01,Project Vega,Billable,47.9
EMP00327,Intern,Fixed-term,2025-09-01,Project Aurora,Non-Billable,38.9
EMP00288,Junior,Permanent,2025-09-01,Project Zenith,Non-Billable,106.7
EMP00197,Junior,Permanent,2025-09-01,Project Falcon,Annual Leave,23.5
EMP00284,Analyst,Permanent,2025-09-01,Project Falcon,Billable,141.7
EMP00162,Manager,Freelancer,2025-09-01,Project Orion,Non-Billable,36.4
EMP00186,Junior,Part-time,2025-09-01,Project Orion,Non-Billable,47.4
EMP00254,Manager,Freelancer,2025-09-01,Project Orion,Non-Billable,50.7
EMP00180,Analyst,Fixed-term,2025-09-01,Project Orion,Billable,42.7
EMP00004,Manager,Permanent,2025-09-01,Project Nimbus,Non-Billable,127.7
EMP00141,Junior,Fixed-term,2025-09-01,Project Aurora,Billable,84.0
EMP00263,Analyst,Part-time,2025-09-01,Project Zenith,Billable,34.6
EMP00327,Intern,Fixed-term,2025-09-01,Project Aurora,Annual Leave,17.7
EMP00036,Senior Manager,Permanent,2025-09-01,Project Nimbus,Non-Billable,88.1
EMP00054,Senior Analyst,Fixed-term,2025-09-01,Project Titan,Annual Leave,32.9
EMP00204,Junior,Permanent,2025-09-01,Project Zenith,Billable,87.8
EMP00296,Manager,Freelancer,2025-09-01,Project Nimbus,Non-Billable,36.1
EMP00338,Intern,Contractor,2025-09-01,Project Nova,Annual Leave,35.8
EMP00322,Senior Analyst,Part-time,2025-09-01,Project Vega,Billable,41.2
EMP00237,Senior Manager,Fixed-term,2025-09-01,Project Falcon,Billable,29.4
EMP00042,Junior,Permanent,2025-09-01,Project Zenith,Non-Billable,55.2
EMP00103,Director,Fixed-term,2025-09-01,Project Nova,Non-Billable,73.8
EMP00035,Manager,Permanent,2025-09-01,Project Aurora,Non-Billable,92.6
EMP00104,Junior,Permanent,2025-09-01,Project Falcon,Non-Billable,101.3
EMP00093,Analyst,Fixed-term,2025-09-01,Project Orion,Non-Billable,50.0
EMP00086,Senior Analyst,Part-time,2025-09-01,Project Falcon,Annual Leave,36.8
EMP00245,Senior Analyst,Fixed-term,2025-09-01,Project Falcon,Billable,111.3
EMP00241,Analyst,Permanent,2025-09-01,Project Titan,Billable,83.6
EMP00030,Manager,Permanent,2025-09-01,Project Aurora,Non-Billable,108.1
EMP00199,Junior,Fixed-term,2025-09-01,Project Titan,Billable,58.7
EMP00153,Analyst,Part-time,2025-09-01,Project Zenith,Billable,22.6
EMP00240,Senior Analyst,Permanent,2025-09-01,Project Titan,Billable,108.9
EMP00167,Junior,Permanent,2025-09-01,Project Nimbus,Non-Billable,155.7
EMP00037,Analyst,Fixed-term,2025-09-01,Project Orion,Billable,14.1
EMP00274,Junior,Freelancer,2025-09-01,Project Titan,Non-Billable,71.1
EMP00029,Manager,Permanent,2025-09-01,Project Nimbus,Billable,48.4
EMP00260,Analyst,Contractor,2025-09-01,Project Nimbus,Non-Billable,110.2
EMP00225,Senior Analyst,Permanent,2025-09-01,Project Vega,Billable,73.6
EMP00066,Senior Analyst,Permanent,2025-09-01,Project Falcon,Billable,49.9
EMP00113,Analyst,Permanent,2025-09-01,Project Atlas,Non-Billable,171.5
EMP00035,Manager,Permanent,2025-09-01,Project Aurora,Billable,67.3
EMP00264,Junior,Part-time,2025-09-01,Project Orion,Non-Billable,28.8
EMP00261,Analyst,Part-time,2025-09-01,Project Titan,Billable,25.6
EMP00117,Intern,Fixed-term,2025-09-01,Project Horizon,Non-Billable,104.3
EMP00279,Analyst,Permanent,2025-09-01,Project Orion,Billable,34.3
EMP00148,Junior,Permanent,2025-09-01,Project Nova,Billable,93.2
EMP00170,Analyst,Fixed-term,2025-09-01,Project Horizon,Non-Billable,144.4
EMP00136,Senior Analyst,Fixed-term,2025-09-01,Project Orion,Annual Leave,29.3
EMP00270,Senior Analyst,Contractor,2025-09-01,Project Nimbus,Non-Billable,75.6
EMP00079,Manager,Permanent,2025-09-01,Project Horizon,Annual Leave,20.2
EMP00218,Analyst,Fixed-term,2025-09-01,Project Nimbus,Billable,75.2
EMP00160,Junior,Contractor,2025-09-01,Project Atlas,Billable,135.6
EMP00024,Intern,Freelancer,2025-09-01,Project Zenith,Billable,114.4
EMP00314,Senior Analyst,Permanent,2025-09-01,Project Atlas,Billable,34.3
EMP00127,Analyst,Freelancer,2025-09-01,Project Nova,Billable,60.1
EMP00179,Analyst,Part-time,2025-09-01,Project Nimbus,Non-Billable,60.3
EMP00209,Junior,Permanent,2025-09-01,Project Aurora,Non-Billable,164.6
EMP00090,Director,Permanent,2025-09-01,Project Nova,Billable,66.8
EMP00112,Intern,Permanent,2025-09-01,Project Titan,Billable,43.9
EMP00265,Intern,Permanent,2025-09-01,Project Zenith,Billable,45.0
EMP00007,Junior,Permanent,2025-09-01,Project Vega,Non-Billable,164.4
EMP00175,Manager,Permanent,2025-09-01,Project Atlas,Billable,78.4
EMP00074,Junior,Permanent,2025-09-01,Project Horizon,Billable,68.1
EMP00140,Intern,Permanent,2025-09-01,Project Aurora,Billable,80.3
EMP00060,Senior Analyst,Part-time,2025-09-01,Project Horizon,Non-Billable,77.2
EMP00279,Analyst,Permanent,2025-09-01,Project Orion,Non-Billable,45.7
EMP00181,Intern,Permanent,2025-09-01,Project Zenith,Non-Billable,92.9
EMP00119,Senior Analyst,Part-time,2025-09-01,Project Horizon,Billable,26.7
EMP00147,Senior Analyst,Fixed-term,2025-09-01,Project Horizon,Billable,77.6
EMP00013,Analyst,Part-time,2025-09-01,Project Atlas,Non-Billable,47.7
EMP00213,Senior Analyst,Permanent,2025-09-01,Project Horizon,Annual Leave,31.8
EMP00055,Senior Manager,Fixed-term,2025-09-01,Project Atlas,Annual Leave,25.9
EMP00180,Analyst,Fixed-term,2025-09-01,Project Orion,Non-Billable,43.2
EMP00116,Manager,Fixed-term,2025-09-01,Project Zenith,Billable,83.2
EMP00150,Senior Manager,Fixed-term,2025-09-01,Project Atlas,Billable,59.9
EMP00065,Director,Fixed-term,2025-09-01,project aurora,Non-Billable,176.9
EMP00028,Analyst,Permanent,2025-09-01,Project Vega,Non-Billable,163.1
EMP00237,Senior Manager,Fixed-term,2025-09-01,Project Falcon,Annual Leave,23.7
EMP00142,Analyst,Permanent,2025-09-01,Project Falcon,Non-Billable,71.5
EMP00063,Junior,Permanent,2025-09-01,Project Falcon,Non-Billable,80.1
EMP00204,Junior,Permanent,2025-09-01,Project Zenith,Annual Leave,20.5
EMP00213,Senior Analyst,Permanent,2025-09-01,Project Horizon,Non-Billable,86.9
EMP00062,Senior Analyst,Permanent,2025-09-01,Project Nova,Non-Billable,109.0
EMP00139,Intern,Permanent,2025-09-01,Project Titan,Non-Billable,131.8
EMP00033,Director,Fixed-term,2025-09-01,Project Horizon,Annual Leave,28.0
EMP00215,Junior,Contractor,2025-09-01,Project Zenith,Billable,67.7
EMP00062,Senior Analyst,Permanent,2025-09-01,Project Nova,Billable,42.6
EMP00016,Junior,Permanent,2025-09-01,Project Horizon,Billable,78.6
EMP00031,Manager,Contractor,2025-09-01,Project Nimbus,Non-Billable,65.1
EMP00156,Analyst,Freelancer,2025-09-01,Project Atlas,Non-Billable,73.9
EMP00009,Manager,Freelancer,2025-09-01,Project Nova,Non-Billable,20.2
EMP00305,Junior,Permanent,2025-09-01,Project Nova,Non-Billable,168.5
EMP00214,Senior Analyst,Freelancer,2025-09-01,Project Orion,Billable,10.2
EMP00169,Analyst,Fixed-term,2025-09-01,Project Falcon,Non-Billable,76.9
EMP00066,Senior Analyst,Permanent,2025-09-01,Project Falcon,Non-Billable,119.1
EMP00274,Junior,Freelancer,2025-09-01,Project Titan,Annual Leave,23.1
EMP00293,Manager,Fixed-term,2025-09-01,Project Aurora,Billable,73.0
EMP00111,Senior Analyst,Fixed-term,2025-09-01,Project Nova,Non-Billable,157.2
EMP00181,Intern,Permanent,2025-09-01,Project Zenith,Annual Leave,20.0
EMP00126,Senior Manager,Part-time,2025-09-01,Project Vega,Non-Billable,43.8
EMP00271,Senior Analyst,Permanent,2025-09-01,Project Aurora,Non-Billable,175.4
EMP00253,Intern,Part-time,2025-09-01,Project Falcon,Non-Billable,50.1
EMP00201,Analyst,Permanent,2025-09-01,Project Falcon,Non-Billable,121.0
EMP00282,Analyst,Fixed-term,2025-09-01,Project Aurora,Non-Billable,87.5
EMP00179,Analyst,Part-time,2025-09-01,Project Nimbus,Billable,43.6
EMP00144,Intern,Freelancer,2025-09-01,Project Nimbus,Annual Leave,16.5
EMP00320,Junior,Part-time,2025-09-01,Project Aurora,Non-Billable,56.7
EMP00084,Senior Manager,Contractor,2025-09-01,Project Falcon,Non-Billable,134.0
EMP00242,Intern,Permanent,2025-09-01,Project Nova,Billable,65.8
EMP00172,Senior Analyst,Part-time,2025-09-01,Project Zenith,Annual Leave,26.7
EMP00338,Intern,Contractor,2025-09-01,Project Nova,Non-Billable,76.8
EMP00326,Manager,Permanent,2025-09-01,Project Falcon,Non-Billable,100.2
EMP00029,Manager,Permanent,2025-09-01,Project Nimbus,Non-Billable,115.6
EMP00144,Intern,Freelancer,2025-09-01,Project Nimbus,Billable,27.0
EMP00312,Analyst,Fixed-term,2025-09-01,Project Atlas,Non-Billable,51.1
EMP00234,Analyst,Permanent,2025-09-01,Project Vega,Billable,47.0
EMP00124,Analyst,Permanent,2025-09-01,Project Atlas,Non-Billable,74.7
EMP00118,Senior Analyst,Fixed-term,2025-09-01,Project Atlas,Non-Billable,121.6
EMP00184,Junior,Permanent,2025-09-01,Project Falcon,Billable,76.1
EMP00306,Junior,Permanent,2025-09-01,Project Vega,Non-Billable,158.3
EMP00128,Manager,Fixed-term,2025-09-01,Project Vega,Non-Billable,104.9
EMP00046,Analyst,Fixed-term,2025-09-01,Project Orion,Non-Billable,44.6
EMP00206,Senior Analyst,Part-time,2025-09-01,Project Nimbus,Non-Billable,45.7
EMP00286,Analyst,Fixed-term,2025-09-01,Project Nimbus,Non-Billable,95.5
EMP00315,Director,Permanent,2025-09-01,Project Horizon,Non-Billable,86.6
EMP00096,Senior Analyst,Contractor,2025-09-01,Project Zenith,Billable,59.6
EMP00294,Senior Manager,Permanent,2025-09-01,Project Nova,Annual Leave,8.1
EMP00290,Analyst,Permanent,2025-09-01,Project Nimbus,Annual Leave,8.8
EMP00281,Analyst,Permanent,2025-09-01,Project Falcon,Billable,58.1
EMP00273,Junior,Fixed-term,2025-09-01,Project Falcon,Billable,136.9
EMP00139,Intern,Permanent,2025-09-01,Project Titan,Annual Leave,37.8
EMP00295,Junior,Part-time,2025-09-01,Project Zenith,Non-Billable,101.3
EMP00023,Junior,Permanent,2025-09-01,Project Aurora,Non-Billable,89.5
EMP00240,Senior Analyst,Permanent,2025-09-01,Project Titan,Non-Billable,58.1
EMP00107,Senior Analyst,Contractor,2025-09-01,,Paternity Leave,14.8
EMP00238,Intern,Permanent,2025-09-01,Project Nova,Annual Leave,31.1
EMP00251,Director,Fixed-term,2025-09-01,Project Falcon,Non-Billable,75.2
EMP00011,Executive,Permanent,2025-09-01,Project Falcon,Billable,100.8
EMP00252,Intern,Part-time,2025-09-01,Project Titan,Non-Billable,93.5
EMP00146,Analyst,Permanent,2025-09-01,Project Aurora,Non-Billable,50.9
EMP00047,Senior Analyst,Part-time,2025-09-01,Project Zenith,Billable,28.2
EMP00059,Manager,Fixed-term,2025-09-01,Project Titan,Billable,35.5
EMP00339,Manager,Contractor,2025-09-01,Project Nova,Non-Billable,102.5
EMP00237,Senior Manager,Fixed-term,2025-09-01,Project Falcon,Non-Billable,120.8
EMP00121,Senior Analyst,Contractor,2025-09-01,Project Nimbus,Non-Billable,144.9
EMP00128,Manager,Fixed-term,2025-09-01,Project Vega,Billable,70.5
EMP00100,Junior,Freelancer,2025-09-01,Project Titan,Non-Billable,128.0
EMP00125,Senior Analyst,Fixed-term,2025-09-01,Project Titan,Non-Billable,116.1
EMP00044,Director,Permanent,2025-09-01,Project Orion,Non-Billable,41.7
EMP00270,Senior Analyst,Contractor,2025-09-01,Project Nimbus,Billable,63.1
EMP00009,Manager,Freelancer,2025-09-01,Project Nova,Annual Leave,24.6
EMP00159,Junior,Permanent,2025-09-01,Project Vega,Non-Billable,101.7
EMP00169,Analyst,Fixed-term,2025-09-01,Project Falcon,Billable,77.7
EMP00116,Manager,Fixed-term,2025-09-01,Project Zenith,Non-Billable,71.2
EMP00051,Senior Analyst,Contractor,2025-09-01,Project Zenith,Billable,71.4
EMP00298,Junior,Freelancer,2025-09-01,Project Atlas,Billable,43.6
EMP00242,Intern,Permanent,2025-09-01,Project Nova,Non-Billable,102.3
EMP00216,Junior,Fixed-term,2025-09-01,Project Horizon,Non-Billable,174.4
EMP00171,Analyst,Permanent,2025-09-01,Project Zenith,Billable,74.7
EMP00171,Analyst,Permanent,2025-09-01,Project Zenith,Non-Billable,80.2
EMP00172,Senior Analyst,Part-time,2025-09-01,Project Zenith,Non-Billable,74.8
EMP00054,Senior Analyst,Fixed-term,2025-09-01,Project Titan,Billable,47.2
EMP00055,Senior Manager,Fixed-term,2025-09-01,Project Atlas,Non-Billable,72.1
EMP00165,Executive,Permanent,2025-09-01,Project Orion,Non-Billable,39.2
EMP00308,Senior Analyst,Part-time,2025-09-01,Project Orion,Billable,9.6
EMP00273,Junior,Fixed-term,2025-09-01,Project Falcon,Non-Billable,38.3
EMP00184,Junior,Permanent,2025-09-01,Project Falcon,Non-Billable,100.9
EMP00070,Junior,Permanent,2025-09-01,Project Nimbus,Non-Billable,103.5
EMP00077,Senior Analyst,Fixed-term,2025-09-01,Project Horizon,Non-Billable,151.5
EMP00330,Senior Analyst,Part-time,2025-09-01,Project Nimbus,Non-Billable,70.0
EMP00335,Senior Analyst,Permanent,2025-10-01,Project Falcon,Billable,54.6
EMP00320,Junior,Part-time,2025-10-01,Project Aurora,Billable,45.0
EMP00082,Analyst,Permanent,2025-10-01,Project Nimbus,Non-Billable,158.0
EMP00099,Analyst,Permanent,2025-10-01,Project Titan,Non-Billable,120.9
EMP00177,Analyst,Contractor,2025-10-01,Project Falcon,Billable,63.2
EMP00207,Analyst,Part-time,2025-10-01,Project Nova,Billable,28.2
EMP00307,Analyst,Part-time,2025-10-01,Project Horizon,Non-Billable,49.1
EMP00291,Analyst,Fixed-term,2025-10-01,Project Horizon,Billable,86.4
EMP00308,Senior Analyst,Part-time,2025-10-01,Project Orion,Billable,6.5
EMP00048,Intern,Permanent,2025-10-01,Project Atlas,Non-Billable,100.1
EMP00225,Senior Analyst,Permanent,2025-10-01,Project Vega,Billable,71.3
EMP00260,Analyst,Contractor,2025-10-01,Project Nimbus,Non-Billable,111.5
EMP00267,Intern,Freelancer,2025-10-01,Project Atlas,Billable,58.6
EMP00039,Analyst,Permanent,2025-10-01,Project Atlas,Non-Billable,155.5
EMP00294,Senior Manager,Permanent,2025-10-01,Project Nova,Billable,109.9
EMP00091,Senior Analyst,Permanent,2025-10-01,Project Nova,Billable,42.1
EMP00140,Intern,Permanent,2025-10-01,Project Aurora,Billable,81.5
EMP00086,Senior Analyst,Part-time,2025-10-01,Project Falcon,Non-Billable,70.1
EMP00052,Analyst,Freelancer,2025-10-01,Project Falcon,Billable,74.5
EMP00074,Junior,Permanent,2025-10-01,Project Horizon,Billable,46.6
EMP00122,Intern,Part-time,2025-10-01,Project Horizon,Non-Billable,96.6
EMP00053,Senior Analyst,Permanent,2025-10-01,Project Nimbus,Non-Billable,63.1
EMP00264,Junior,Part-time,2025-10-01,Project Orion,Billable,15.0
EMP00263,Analyst,Part-time,2025-10-01,Project Zenith,Billable,33.2
EMP00117,Intern,Fixed-term,2025-10-01,Project Horizon,Non-Billable,102.8
EMP00135,Senior Analyst,Fixed-term,2025-10-01,Project Horizon,Billable,93.9
EMP00307,Analyst,Part-time,2025-10-01,Project Horizon,Annual Leave,30.4
EMP00001,Junior,Part-time,2025-10-01,Project Atlas,Non-Billable,43.7
EMP00259,Manager,Freelancer,2025-10-01,Project Horizon,Non-Billable,67.3
EMP00102,Analyst,Contractor,2025-10-01,Project Vega,Billable,41.7
EMP00164,Junior,Contractor,2025-10-01,Project Nova,Non-Billable,157.1
EMP00287,Senior Analyst,Contractor,2025-10-01,Project Aurora,Billable,48.8
EMP00126,Senior Manager,Part-time,2025-10-01,Project Vega,Billable,53.8
EMP00296,Manager,Freelancer,2025-10-01,Project Nimbus,Billable,102.0
EMP00159,Junior,Permanent,2025-10-01,Project Vega,Non-Billable,132.0
EMP00226,Senior Analyst,Part-time,2025-10-01,Project Vega,Billable,26.6
EMP00296,Manager,Freelancer,2025-10-01,Project Nimbus,Non-Billable,42.8
EMP00243,Senior Analyst,Contractor,2025-10-01,Project Aurora,Non-Billable,107.8
EMP00315,Director,Permanent,2025-10-01,Project Horizon,Non-Billable,89.7
EMP00127,Analyst,Freelancer,2025-10-01,Project Nova,Non-Billable,70.1
EMP00046,Analyst,Fixed-term,2025-10-01,Project Orion,Billable,25.4
EMP00196,Analyst,Part-time,2025-10-01,Project Orion,Billable,21.3
EMP00261,Analyst,Part-time,2025-10-01,Project Titan,Billable,18.4
EMP00246,Manager,Part-time,2025-10-01,Project Zenith,Non-Billable,20.2
EMP00049,Senior Manager,Fixed-term,2025-10-01,Project Vega,Billable,146.3
EMP00179,Analyst,Part-time,2025-10-01,Project Nimbus,Billable,30.3
EMP00179,Analyst,Part-time,2025-10-01,Project Nimbus,Annual Leave,28.5
EMP00197,Junior,Permanent,2025-10-01,Project Falcon,Billable,71.6
EMP00234,Analyst,Permanent,2025-10-01,Project Vega,Billable,47.6
EMP00182,Analyst,Permanent,2025-10-01,Project Nimbus,Annual Leave,20.2
EMP00006,Analyst,Contractor,2025-10-01,Project Zenith,Billable,71.6
EMP00026,Analyst,Permanent,2025-10-01,Project Nimbus,Billable,43.7
EMP00285,Analyst,Fixed-term,2025-10-01,Project Aurora,Non-Billable,167.8
EMP00237,Senior Manager,Fixed-term,2025-10-01,Project Falcon,Non-Billable,125.8
EMP00141,Junior,Fixed-term,2025-10-01,Project Aurora,Non-Billable,86.3
EMP00131,Junior,Contractor,2025-10-01,Project Orion,Non-Billable,14.8
EMP00268,Senior Analyst,Permanent,2025-10-01,Project Horizon,Billable,43.2
EMP00304,Senior Manager,Permanent,2025-10-01,Project Horizon,Billable,64.5
EMP00304,Senior Manager,Permanent,2025-10-01,Project Horizon,Non-Billable,99.9
EMP00338,Intern,Contractor,2025-10-01,Project Nova,Billable,55.1
EMP00131,Junior,Contractor,2025-10-01,Project Orion,Billable,13.6
EMP00103,Director,Fixed-term,2025-10-01,Project Nova,Billable,115.9
EMP00089,Intern,Freelancer,2025-10-01,Project Orion,Non-Billable,44.0
EMP00193,Intern,Freelancer,2025-10-01,Project Nimbus,Billable,69.8
EMP00110,Junior,Part-time,2025-10-01,Project Horizon,Billable,37.3
EMP00073,Intern,Part-time,2025-10-01,Project Horizon,Billable,53.3
EMP00091,Senior Analyst,Permanent,2025-10-01,Project Nova,Non-Billable,114.5
EMP00054,Senior Analyst,Fixed-term,2025-10-01,Project Titan,Non-Billable,99.0
EMP00335,Senior Analyst,Permanent,2025-10-01,Project Falcon,Non-Billable,57.9
EMP00063,Junior,Permanent,2025-10-01,Project Falcon,Billable,82.9
EMP00238,Intern,Permanent,2025-10-01,Project Nova,Non-Billable,76.3
EMP00124,Analyst,Permanent,2025-10-01,Project Atlas,Billable,86.6
EMP00324,Junior,Permanent,2025-10-01,Project Falcon,Billable,48.8
EMP00107,Senior Analyst,Contractor,2025-10-01,Project Zenith,Non-Billable,84.4
EMP00227,Junior,Fixed-term,2025-10-01,Project Atlas,Non-Billable,84.7
EMP00213,Senior Analyst,Permanent,2025-10-01,Project Horizon,Non-Billable,89.7
EMP00152,Executive,Part-time,2025-10-01,Project Titan,Annual Leave,22.0
EMP00149,Senior Analyst,Permanent,2025-10-01,Project Falcon,Annual Leave,14.1
EMP00027,Senior Analyst,Permanent,2025-10-01,Project Titan,Non-Billable,78.0
EMP00141,Junior,Fixed-term,2025-10-01,Project Aurora,Billable,85.7
EMP00066,Senior Analyst,Permanent,2025-10-01,Project Falcon,Billable,41.7
EMP00071,Analyst,Fixed-term,2025-10-01,Project Nimbus,Non-Billable,155.6
EMP00153,Analyst,Part-time,2025-10-01,Project Zenith,Non-Billable,70.3
EMP00222,Senior Analyst,Permanent,2025-10-01,Project Vega,Non-Billable,180.1
EMP00180,Analyst,Fixed-term,2025-10-01,Project Orion,Annual Leave,11.9
EMP00208,Analyst,Permanent,2025-10-01,Project Nimbus,Billable,79.5
EMP00269,Intern,Fixed-term,2025-10-01,Project Nimbus,Non-Billable,74.6
EMP00106,Intern,Contractor,2025-10-01,Project Nova,Non-Billable,76.5
EMP00294,Senior Manager,Permanent,2025-10-01,Project Nova,Non-Billable,34.6
EMP00184,Junior,Permanent,2025-10-01,Project Falcon,Non-Billable,79.9
EMP00147,Senior Analyst,Fixed-term,2025-10-01,Project Horizon,Non-Billable,88.6
EMP00100,Junior,Freelancer,2025-10-01,Project Titan,Non-Billable,115.2
EMP00181,Intern,Permanent,2025-10-01,Project Zenith,Non-Billable,92.2
EMP00287,Senior Analyst,Contractor,2025-10-01,Project Aurora,Non-Billable,94.1
EMP00120,Senior Analyst,Permanent,2025-10-01,Project Titan,Billable,85.9
EMP00187,Analyst,Permanent,2025-10-01,Project Orion,Billable,30.4
EMP00308,Senior Analyst,Part-time,2025-10-01,Project Orion,Annual Leave,18.0
EMP00265,Intern,Permanent,2025-10-01,Project Zenith,Non-Billable,139.3
EMP00055,Senior Manager,Fixed-term,2025-10-01,Project Atlas,Non-Billable,80.1
EMP00263,Analyst,Part-time,2025-10-01,Project Zenith,Non-Billable,62.1
EMP00215,Junior,Contractor,2025-10-01,Project Zenith,Billable,58.8
EMP00064,Senior Analyst,Permanent,2025-10-01, Project Nimbus,Billable,109.6
EMP00273,Junior,Fixed-term,2025-10-01,Project Falcon,Billable,99.6
EMP00020,Senior Manager,Permanent,2025-10-01,Project Horizon,Non-Billable,72.9
EMP00013,Analyst,Part-time,2025-10-01,Project Atlas,Billable,56.7
EMP00240,Senior Analyst,Permanent,2025-10-01,Project Titan,Billable,131.6
EMP00054,Senior Analyst,Fixed-term,2025-10-01,Project Titan,Billable,57.3
EMP00298,Junior,Freelancer,2025-10-01,Project Atlas,Non-Billable,82.2
EMP00146,Analyst,Permanent,2025-10-01,Project Aurora,Billable,129.0
EMP00329,Analyst,Permanent,2025-10-01,Project Falcon,Billable,55.3
EMP00009,Manager,Freelancer,2025-10-01,Project Nova,Annual Leave,36.3
EMP00147,Senior Analyst,Fixed-term,2025-10-01,Project Horizon,Annual Leave,11.4
EMP00256,Manager,Part-time,2025-10-01,Project Atlas,Non-Billable,78.1
EMP00149,Senior Analyst,Permanent,2025-10-01,Project Falcon,Non-Billable,154.4
EMP00115,Junior,Permanent,2025-10-01,Project Vega,Billable,55.1
EMP00023,Junior,Permanent,2025-10-01, Project Aurora,Billable,89.0
EMP00240,Senior Analyst,Permanent,2025-10-01,Project Titan,Non-Billable,37.8
EMP00153,Analyst,Part-time,2025-10-01,Project Zenith,Billable,29.9
EMP00121,Senior Analyst,Contractor,2025-10-01,Project Nimbus,Non-Billable,149.1
EMP00295,Junior,Part-time,2025-10-01,Project Zenith,Non-Billable,101.6
EMP00128,Manager,Fixed-term,2025-10-01,Project Vega,Non-Billable,110.0
EMP00332,Senior Analyst,Permanent,2025-10-01,Project Falcon,Non-Billable,75.7
EMP00026,Analyst,Permanent,2025-10-01,Project Nimbus,Non-Billable,116.5
EMP00093,Analyst,Fixed-term,2025-10-01,Project Orion,Billable,19.2
EMP00231,Intern,Fixed-term,2025-10-01,Project Atlas,Non-Billable,122.4
EMP00031,Manager,Contractor,2025-10-01,Project Nimbus,Non-Billable,69.4
EMP00218,Analyst,Fixed-term,2025-10-01,Project Nimbus,Annual Leave,20.2
EMP00254,Manager,Freelancer,2025-10-01,Project Orion,Billable,10.3
EMP00316,Analyst,Permanent,2025-10-01,Project Titan,Non-Billable,130.3
EMP00228,Manager,Part-time,2025-10-01,Project Nimbus,Billable,65.9
EMP00006,Analyst,Contractor,2025-10-01,Project Zenith,Non-Billable,86.4
EMP00068,Junior,Freelancer,2025-10-01,Project Vega,Billable,39.1
EMP00323,Analyst,Permanent,2025-10-01,Project Titan,Non-Billable,78.2
EMP00198,Senior Manager,Freelancer,2025-10-01,Project Atlas,Non-Billable,130.6
EMP00142,Analyst,Permanent,2025-10-01,Project Falcon,Billable,88.3
EMP00011,Executive,Permanent,2025-10-01,Project Falcon,Non-Billable,91.4
EMP00235,Analyst,Fixed-term,2025-10-01,Project Falcon,Billable,41.3
EMP00308,Senior Analyst,Part-time,2025-10-01,Project Orion,Non-Billable,15.5
EMP00269,Intern,Fixed-term,2025-10-01,Project Nimbus,Billable,58.9
EMP00062,Senior Analyst,Permanent,2025-10-01,Project Nova,Billable,45.5
EMP00073,Intern,Part-time,2025-10-01,Project Horizon,Non-Billable,49.9
EMP00014,Senior Manager,Contractor,2025-10-01,Project Horizon,Billable,76.6
EMP00061,Analyst,Permanent,2025-10-01,Project Horizon,Non-Billable,58.5
EMP00200,Senior Manager,Fixed-term,2025-10-01,Project Vega,Annual Leave,27.3
EMP00114,Junior,Part-time,2025-10-01,Project Vega,Non-Billable,97.7
EMP00286,Analyst,Fixed-term,2025-10-01,Project Nimbus,Non-Billable,86.5
EMP00252,Intern,Part-time,2025-10-01,Project Titan,Non-Billable,95.3
EMP00037,Analyst,Fixed-term,2025-10-01,Project Orion,Billable,15.3
EMP00335,Senior Analyst,Permanent,2025-10-01,Project Falcon,Annual Leave,33.7
EMP00261,Analyst,Part-time,2025-10-01,Project Titan,Annual Leave,25.6
EMP00065,Director,Fixed-term,2025-10-01,Project Aurora,Non-Billable,165.4
EMP00160,Junior,Contractor,2025-10-01,Project Atlas,Billable,121.1
EMP00268,Senior Analyst,Permanent,2025-10-01,Project Horizon,Non-Billable,131.6
EMP00329,Analyst,Permanent,2025-10-01,Project Falcon,Non-Billable,103.3
EMP00021,Senior Analyst,Fixed-term,2025-10-01,Project Horizon,Billable,109.7
EMP00042,Junior,Permanent,2025-10-01,Project Zenith,Non-Billable,35.5
EMP00007,Junior,Permanent,2025-10-01,Project Vega,Non-Billable,165.8
EMP00183,Intern,Permanent,2025-10-01,Project Orion,Non-Billable,56.4
EMP00155,Junior,Permanent,2025-10-01,Project Vega,Billable,78.9
EMP00072,Senior Analyst,Permanent,2025-10-01,Project Titan,Non-Billable,168.6
EMP00322,Senior Analyst,Part-time,2025-10-01,Project Vega,Non-Billable,59.9
EMP00251,Director,Fixed-term,2025-10-01,Project Falcon,Billable,76.8
EMP00331,Senior Analyst,Permanent,2025-10-01,Project Aurora,Billable,43.3
EMP00328,Analyst,Permanent,2025-10-01,Project Falcon,Billable,70.0
EMP00047,Senior Analyst,Part-time,2025-10-01,Project Zenith,Non-Billable,67.1
EMP00184,Junior,Permanent,2025-10-01,Project Falcon,Billable,80.2
EMP00320,Junior,Part-time,2025-10-01,Project Aurora,Non-Billable,51.9
EMP00235,Analyst,Fixed-term,2025-10-01,Project Falcon,Non-Billable,128.8
EMP00085,Junior,Permanent,2025-10-01,Project Horizon,Billable,49.9
EMP00234,Analyst,Permanent,2025-10-01,Project Vega,Non-Billable,128.5
EMP00124,Analyst,Permanent,2025-10-01,Project Atlas,Non-Billable,81.7
EMP00036,Senior Manager,Permanent,2025-10-01,Project Nimbus,Billable,67.9
EMP00322,Senior Analyst,Part-time,2025-10-01,Project Vega,Billable,40.5
EMP00293,Manager,Fixed-term,2025-10-01,Project Aurora,Non-Billable,89.1
EMP00009,Manager,Freelancer,2025-10-01,Project Nova,Non-Billable,23.2
EMP00300,Analyst,Fixed-term,2025-10-01,Project Nimbus,Billable,73.9
EMP00279,Analyst,Permanent,2025-10-01,Project Orion,Billable,30.3
EMP00315,Director,Permanent,2025-10-01,Project Horizon,Annual Leave,10.8
EMP00156,Analyst,Freelancer,2025-10-01,Project Atlas,Non-Billable,78.5
EMP00052,Analyst,Freelancer,2025-10-01,Project Falcon,Non-Billable,65.3
EMP00165,Executive,Permanent,2025-10-01,Project Orion,Non-Billable,25.0
EMP00293,Manager,Fixed-term,2025-10-01,Project Aurora,Billable,97.2
EMP00078,Analyst,Contractor,2025-10-01,Project Aurora,Billable,51.0
EMP00063,Junior,Permanent,2025-10-01,Project Falcon,Non-Billable,81.4
EMP00185,Junior,Part-time,2025-10-01,Project Horizon,Billable,52.6
EMP00040,Senior Analyst,Permanent,2025-10-01,Project Zenith,Billable,35.3
EMP00327,Intern,Fixed-term,2025-10-01,Project Aurora,Billable,122.2
EMP00095,Junior,Fixed-term,2025-10-01,Project Vega,Non-Billable,84.9
EMP00238,Intern,Permanent,2025-10-01,Project Nova,Annual Leave,12.3
EMP00206,Senior Analyst,Part-time,2025-10-01,Project Nimbus,Non-Billable,59.4
EMP00094,Senior Analyst,Contractor,2025-10-01,Project Vega,Billable,65.9
EMP00286,Analyst,Fixed-term,2025-10-01,Project Nimbus,Billable,81.7
EMP00175,Manager,Permanent,2025-10-01,Project Atlas,Non-Billable,91.5
EMP00191,Intern,Freelancer,2025-10-01,Project Orion,Billable,18.8
EMP00279,Analyst,Permanent,2025-10-01,Project Orion,Non-Billable,28.7
EMP00053,Senior Analyst,Permanent,2025-10-01,Project Nimbus,Billable,89.3
EMP00129,Analyst,Permanent,2025-10-01,Project Atlas,Billable,47.9
EMP00214,Senior Analyst,Freelancer,2025-10-01,Project Orion,Non-Billable,36.1
EMP00228,Manager,Part-time,2025-10-01,Project Nimbus,Non-Billable,30.0
EMP00057,Intern,Part-time,2025-10-01,Project Nova,Non-Billable,94.8
EMP00199,Junior,Fixed-term,2025-10-01,Project Titan,Non-Billable,78.5
EMP00002,Senior Analyst,Permanent,2025-10-01,Project Nimbus,Billable,126.1
EMP00334,Senior Analyst,Permanent,2025-10-01,Project Horizon,Non-Billable,164.0
EMP00161,Intern,Contractor,2025-10-01,Project Nova,Non-Billable,73.2
EMP00002,Senior Analyst,Permanent,2025-10-01,Project Nimbus,Non-Billable,40.8
EMP00035,Manager,Permanent,2025-10-01,Project Aurora,Non-Billable,91.7
EMP00067,Manager,Part-time,2025-10-01,Project Vega,Non-Billable,96.6
EMP00033,Director,Fixed-term,2025-10-01,Project Horizon,Billable,57.1
EMP00021,Senior Analyst,Fixed-term,2025-10-01,Project Horizon,Non-Billable,49.3
EMP00080,Analyst,Part-time,2025-10-01,Project Nova,Non-Billable,30.9
EMP00180,Analyst,Fixed-term,2025-10-01,Project Orion,Non-Billable,24.7
EMP00298,Junior,Freelancer,2025-10-01,Project Atlas,Billable,53.4
EMP00290,Analyst,Permanent,2025-10-01,Project Nimbus,Non-Billable,155.3
EMP00155,Junior,Permanent,2025-10-01,Project Vega,Non-Billable,97.2
EMP00276,Senior Analyst,Fixed-term,2025-10-01,Project Zenith,Non-Billable,133.9
EMP00142,Analyst,Permanent,2025-10-01,Project Falcon,Non-Billable,82.2
EMP00224,Senior Manager,Fixed-term,2025-10-01,Project Falcon,Annual Leave,39.9
EMP00244,Senior Analyst,Permanent,2025-10-01,Project Nimbus,Billable,97.3
EMP00158,Senior Analyst,Fixed-term,2025-10-01,Project Atlas,Non-Billable,163.5
EMP00264,Junior,Part-time,2025-10-01,Project Orion,Non-Billable,25.0
EMP00289,Junior,Fixed-term,2025-10-01,Project Nova,Non-Billable,163.7
EMP00058,Manager,Freelancer,2025-10-01,Project Zenith,Billable,74.8
EMP00059,Manager,Fixed-term,2025-10-01,Project Titan,Billable,45.0
EMP00332,Senior Analyst,Permanent,2025-10-01,Project Falcon,Billable,78.9
EMP00179,Analyst,Part-time,2025-10-01,Project Nimbus,Non-Billable,39.2
EMP00145,Junior,Permanent,2025-10-01,Project Atlas,Non-Billable,172.4
EMP00267,Intern,Freelancer,2025-10-01,Project Atlas,Non-Billable,80.3
EMP00192,Junior,Fixed-term,2025-10-01,Project Aurora,Non-Billable,173.2
EMP00250,Senior Manager,Fixed-term,2025-10-01,Project Zenith,Non-Billable,82.2
EMP00272,Senior Analyst,Contractor,2025-10-01,Project Zenith,Non-Billable,78.7
EMP00165,Executive,Permanent,2025-10-01,Project Orion,Billable,24.5
EMP00044,Director,Permanent,2025-10-01,Project Orion,Billable,25.7
EMP00154,Junior,Part-time,2025-10-01,Project Nimbus,Non-Billable,64.6
EMP00066,Senior Analyst,Permanent,2025-10-01,Project Falcon,Non-Billable,118.5
EMP00321,Manager,Part-time,2025-10-01,Project Zenith,Non-Billable,59.2
EMP00163,Senior Analyst,Part-time,2025-10-01,Project Aurora,Non-Billable,98.7
EMP00017,Analyst,Permanent,2025-10-01,Project Atlas,Non-Billable,157.4
EMP00242,Intern,Permanent,2025-10-01,Project Nova,Billable,71.9
EMP00044,Director,Permanent,2025-10-01,Project Orion,Non-Billable,27.3
EMP00159,Junior,Permanent,2025-10-01,Project Vega,Billable,52.5
EMP00213,Senior Analyst,Permanent,2025-10-01,Project Horizon,Billable,75.7
EMP00259,Manager,Freelancer,2025-10-01,Project Horizon,Annual Leave,36.4
EMP00241,Analyst,Permanent,2025-10-01,Project Titan,Non-Billable,87.6
EMP00248,Analyst,Contractor,2025-10-01,Project Nova,Non-Billable,80.8
EMP00090,Director,Permanent,2025-10-01,Project Nova,Non-Billable,88.8
EMP00032,Manager,Contractor,2025-10-01,Project Atlas,Non-Billable,152.3
EMP00266,Manager,Fixed-term,2025-10-01,Project Orion,Billable,15.3
EMP00223,Senior Manager,Permanent,2025-10-01,Project Titan,Annual Leave,26.8
EMP00118,Senior Analyst,Fixed-term,2025-10-01,Project Atlas,Non-Billable,95.1
EMP00043,Intern,Contractor,2025-10-01,Project Falcon,Non-Billable,69.3
EMP00064,Senior Analyst,Permanent,2025-10-01,Project Nimbus,Non-Billable,52.9
EMP00209,Junior,Permanent,2025-10-01,Project Aurora,Non-Billable,174.1
EMP00092,Senior Analyst,Permanent,2025-10-01,Project Orion,Billable,20.4
EMP00301,Analyst,Freelancer,2025-10-01,Project Vega,Non-Billable,71.7
EMP00171,Analyst,Permanent,2025-10-01,Project Zenith,Non-Billable,99.3
EMP00140,Intern,Permanent,2025-10-01,,Maternity Leave,13.9
EMP00028,Analyst,Permanent,2025-10-01,Project Vega,Non-Billable,173.1
EMP00008,Director,Permanent,2025-10-01,Project Nimbus,Billable,74.8
EMP00051,Senior Analyst,Contractor,2025-10-01,Project Zenith,Billable,97.6
EMP00098,Intern,Fixed-term,2025-10-01,Project Atlas,Annual Leave,28.5
EMP00088,Analyst,Contractor,2025-10-01,Project Nova,Non-Billable,143.1
EMP00022,Analyst,Permanent,2025-10-01,Project Orion,Annual Leave,9.3
EMP00029,Manager,Permanent,2025-10-01,Project Nimbus,Annual Leave,35.1
EMP00202,Junior,Permanent,2025-10-01,Project Atlas,Billable,68.1
EMP00081,Manager,Fixed-term,2025-10-01,Project Aurora,Non-Billable,62.9
EMP00307,Analyst,Part-time,2025-10-01,Project Horizon,Billable,17.7
EMP00152,Executive,Part-time,2025-10-01,Project Titan,Non-Billable,31.2
EMP00148,Junior,Permanent,2025-10-01,Project Nova,Billable,78.1
EMP00019,Senior Analyst,Permanent,2025-10-01,Project Zenith,Billable,80.9
EMP00093,Analyst,Fixed-term,2025-10-01,Project Orion,Non-Billable,40.5
EMP00016,Junior,Permanent,2025-10-01,Project Horizon,Non-Billable,76.4
EMP00068,Junior,Freelancer,2025-10-01,Project Vega,Non-Billable,100.7
EMP00237,Senior Manager,Fixed-term,2025-10-01,Project Falcon,Billable,41.3
EMP00010,Intern,Permanent,2025-10-01,Project Atlas,Non-Billable,83.0
EMP00012,Analyst,Fixed-term,2025-10-01,Project Nimbus,Non-Billable,93.4
EMP00276,Senior Analyst,Fixed-term,2025-10-01,Project Zenith,Billable,45.0
EMP00108,Junior,Permanent,2025-10-01,Project Titan,Billable,63.9
EMP00133,Analyst,Freelancer,2025-10-01,Project Zenith,Annual Leave,18.0
EMP00227,Junior,Fixed-term,2025-10-01,Project Atlas,Billable,88.8
EMP00250,Senior Manager,Fixed-term,2025-10-01,Project Zenith,Billable,86.2
EMP00152,Executive,Part-time,2025-10-01,Project Titan,Billable,50.2
EMP00105,Junior,Permanent,2025-10-01,Project Aurora,Non-Billable,122.7
EMP00175,Manager,Permanent,2025-10-01,Project Atlas,Billable,75.4
EMP00104,Junior,Permanent,2025-10-01,Project Falcon,Non-Billable,74.1
EMP00292,Senior Manager,Fixed-term,2025-10-01,Project Titan,Billable,95.5
EMP00036,Senior Manager,Permanent,2025-10-01,Project Nimbus,Non-Billable,96.3
EMP00105,Junior,Permanent,2025-10-01,Project Aurora,Billable,47.5
EMP00188,Analyst,Fixed-term,2025-10-01,Project Orion,Billable,22.3
EMP00140,Intern,Permanent,2025-10-01,Project Aurora,Non-Billable,72.9
EMP00230,Analyst,Part-time,2025-10-01,Project Titan,Non-Billable,100.4
EMP00280,Manager,Permanent,2025-10-01,Project Orion,Non-Billable,59.1
EMP00283,Director,Fixed-term,2025-10-01,Project Aurora,Non-Billable,85.8
EMP00321,Manager,Part-time,2025-10-01,Project Zenith,Billable,30.9
EMP00170,Analyst,Fixed-term,2025-10-01,Project Horizon,Annual Leave,15.9
EMP00049,Senior Manager,Fixed-term,2025-10-01,Project Vega,Non-Billable,33.1
EMP00172,Senior Analyst,Part-time,2025-10-01,Project Zenith,Non-Billable,92.8
EMP00035,Manager,Permanent,2025-10-01,Project Aurora,Billable,82.4
EMP00171,Analyst,Permanent,2025-10-01,Project Zenith,Billable,68.7
EMP00170,Analyst,Fixed-term,2025-10-01,Project Horizon,Non-Billable,159.7
EMP00212,Junior,Fixed-term,2025-10-01,Project Vega,Non-Billable,87.6
EMP00197,Junior,Permanent,2025-10-01,Project  Falcon,Non-Billable,92.2
EMP00133,Analyst,Freelancer,2025-10-01,Project Zenith,Non-Billable,85.4
EMP00330,Senior Analyst,Part-time,2025-10-01,Project Nimbus,Billable,21.8
EMP00056,Analyst,Permanent,2025-10-01,Project Aurora,Non-Billable,102.4
EMP00083,Intern,Permanent,2025-10-01,Project Nimbus,Billable,76.1
EMP00207,Analyst,Part-time,2025-10-01,Project Nova,Non-Billable,42.2
EMP00015,Manager,Freelancer,2025-10-01,Project Aurora,Billable,60.4
EMP00324,Junior,Permanent,2025-10-01,Project Falcon,Non-Billable,121.6
EMP00306,Junior,Permanent,2025-10-01,Project Vega,Non-Billable,165.0
EMP00282,Analyst,Fixed-term,2025-10-01,Project Aurora,Billable,69.1
EMP00025,Senior Analyst,Contractor,2025-10-01,Project Titan,Non-Billable,78.7
EMP00260,Analyst,Contractor,2025-10-01,Project Nimbus,Billable,41.5
EMP00106,Intern,Contractor,2025-10-01,Project Nova,Billable,64.4
EMP00118,Senior Analyst,Fixed-term,2025-10-01,Project Atlas,Billable,30.1
EMP00229,Intern,Contractor,2025-10-01,Project Aurora,Non-Billable,160.4
EMP00246,Manager,Part-time,2025-10-01,Project Zenith,Annual Leave,17.2
EMP00151,Analyst,Fixed-term,2025-10-01,Project Vega,Non-Billable,71.2
EMP00128,Manager,Fixed-term,2025-10-01,Project Vega,Billable,56.6
EMP00074,Junior,Permanent,2025-10-01,Project Horizon,Non-Billable,80.1
EMP00107,Senior Analyst,Contractor,2025-10-01,Project Zenith,Billable,55.3
EMP00143,Analyst,Permanent,2025-10-01,Project Orion,Non-Billable,36.6
EMP00110,Junior,Part-time,2025-10-01,Project Horizon,Non-Billable,57.2
EMP00051,Senior Analyst,Contractor,2025-10-01,Project Zenith,Non-Billable,48.9
EMP00113,Analyst,Permanent,2025-10-01,Project Atlas,Non-Billable,168.5
EMP00125,Senior Analyst,Fixed-term,2025-10-01,Project Titan,Non-Billable,118.9
EMP00060,Senior Analyst,Part-time,2025-10-01,Project Horizon,Billable,27.9
EMP00330,Senior Analyst,Part-time,2025-10-01,Project Nimbus,Non-Billable,71.2
EMP00194,Analyst,Freelancer,2025-10-01,Project Vega,Non-Billable,83.5
EMP00084,Senior Manager,Contractor,2025-10-01,Project Falcon,Non-Billable,142.3
EMP00204,Junior,Permanent,2025-10-01,Project Zenith,Billable,95.8
EMP00001,Junior,Part-time,2025-10-01,Project Atlas,Billable,46.2
EMP00161,Intern,Contractor,2025-10-01,Project Nova,Billable,70.1
EMP00169,Analyst,Fixed-term,2025-10-01,Project Falcon,Billable,96.5
EMP00115,Junior,Permanent,2025-10-01,Project Vega,Non-Billable,116.1
EMP00186,Junior,Part-time,2025-10-01,Project Orion,Non-Billable,40.0
EMP00060,Senior Analyst,Part-time,2025-10-01,Project Horizon,Non-Billable,73.1
EMP00079,Manager,Permanent,2025-10-01,Project Horizon,Billable,75.9
EMP00022,Analyst,Permanent,2025-10-01,Project Orion,Non-Billable,36.2
EMP00168,Junior,Permanent,2025-10-01,Project Atlas,Non-Billable,168.3
EMP00339,Manager,Contractor,2025-10-01,Project Nova,Non-Billable,153.7
EMP00098,Intern,Fixed-term,2025-10-01,Project Atlas,Billable,100.3
EMP00256,Manager,Part-time,2025-10-01,Project Atlas,Annual Leave,16.0
EMP00316,Analyst,Permanent,2025-10-01,Project Titan,Annual Leave,35.3
EMP00274,Junior,Freelancer,2025-10-01,Project Titan,Non-Billable,74.7
EMP00070,Junior,Permanent,2025-10-01,Project Nimbus,Non-Billable,88.6
EMP00037,Analyst,Fixed-term,2025-10-01,Project Orion,Non-Billable,38.7
EMP00004,Manager,Permanent,2025-10-01,Project Nimbus,Billable,42.7
EMP00204,Junior,Permanent,2025-10-01,Project Zenith,Non-Billable,70.2
EMP00323,Analyst,Permanent,2025-10-01,Project Titan,Billable,88.5
EMP00118,Senior Analyst,Fixed-term,2025-10-01,,Maternity Leave,39.7
EMP00270,Senior Analyst,Contractor,2025-10-01,Project Nimbus,Billable,85.5
EMP00299,Senior Analyst,Fixed-term,2025-10-01,Project Nova,Non-Billable,123.9
EMP00248,Analyst,Contractor,2025-10-01,Project Nova,Billable,68.3
EMP00166,Senior Analyst,Contractor,2025-10-01,Project Orion,Billable,16.6
EMP00271,Senior Analyst,Permanent,2025-10-01,Project Aurora,Non-Billable,156.0
EMP00275,Junior,Part-time,2025-10-01,Project Atlas,Billable,39.5
EMP00182,Analyst,Permanent,2025-10-01,Project Nimbus,Billable,49.2
EMP00123,Senior Analyst,Part-time,2025-10-01,Project Orion,Billable,20.0
EMP00062,Senior Analyst,Permanent,2025-10-01,Project Nova,Non-Billable,128.7
EMP00031,Manager,Contractor,2025-10-01,Project Nimbus,Annual Leave,14.5
EMP00231,Intern,Fixed-term,2025-10-01,Project Atlas,Billable,46.2
EMP00099,Analyst,Permanent,2025-10-01,Project Titan,Billable,46.9
EMP00086,Senior Analyst,Part-time,2025-10-01,project falcon,Billable,27.7
EMP00195,Junior,Permanent,2025-10-01,Project Titan,Non-Billable,115.2
EMP00312,Analyst,Fixed-term,2025-10-01,Project Atlas,Billable,136.0
EMP00116,Manager,Fixed-term,2025-10-01,Project Zenith,Billable,80.8
EMP00194,Analyst,Freelancer,2025-10-01,Project Vega,Billable,52.6
EMP00134,Analyst,Permanent,2025-10-01,Project Orion,Non-Billable,50.0
EMP00127,Analyst,Freelancer,2025-10-01,Project Nova,Billable,68.5
EMP00090,Director,Permanent,2025-10-01,Project Nova,Billable,61.7
EMP00291,Analyst,Fixed-term,2025-10-01,Project Horizon,Non-Billable,96.2
EMP00284,Analyst,Permanent,2025-10-01,Project Falcon,Billable,94.9
EMP00254,Manager,Freelancer,2025-10-01,Project Orion,Non-Billable,29.7
EMP00078,Analyst,Contractor,2025-10-01,Project Aurora,Annual Leave,33.5
EMP00042,Junior,Permanent,2025-10-01,Project Zenith,Billable,147.8
EMP00311,Analyst,Permanent,2025-10-01,Project Nimbus,Annual Leave,39.8
EMP00030,Manager,Permanent,2025-10-01,Project Aurora,Billable,61.7
EMP00173,Manager,Freelancer,2025-10-01,Project Aurora,Non-Billable,122.8
EMP00274,Junior,Freelancer,2025-10-01,Project Titan,Billable,54.1
EMP00101,Manager,Permanent,2025-10-01,Project Zenith,Non-Billable,159.1
EMP00070,Junior,Permanent,2025-10-01,Project Nimbus,Billable,84.9
EMP00013,Analyst,Part-time,2025-10-01,Project Atlas,Non-Billable,44.3
EMP00337,Senior Manager,Permanent,2025-10-01,Project Falcon,Non-Billable,170.1
EMP00130,Junior,Permanent,2025-10-01,Project Nova,Non-Billable,120.6
EMP00241,Analyst,Permanent,2025-10-01,Project Titan,Billable,74.5
EMP00265,Intern,Permanent,2025-10-01,Project Zenith,Billable,47.1
EMP00239,Analyst,Freelancer,2025-10-01,Project Vega,Billable,93.4
EMP00005,Intern,Permanent,2025-10-01,Project Zenith,Non-Billable,124.2
EMP00055,Senior Manager,Fixed-term,2025-10-01,Project Atlas,Billable,43.7
EMP00180,Analyst,Fixed-term,2025-10-01,Project Orion,Billable,22.4
EMP00321,Manager,Part-time,2025-10-01,Project Zenith,Annual Leave,12.5
EMP00311,Analyst,Permanent,2025-10-01,Project Nimbus,Non-Billable,131.2
EMP00244,Senior Analyst,Permanent,2025-10-01,Project Nimbus,Non-Billable,54.0
EMP00245,Senior Analyst,Fixed-term,2025-10-01,Project Falcon,Non-Billable,41.6
EMP00045,Analyst,Fixed-term,2025-10-01,Project Atlas,Billable,85.9
EMP00272,Senior Analyst,Contractor,2025-10-01,Project Zenith,Billable,72.2
EMP00138,Senior Analyst,Part-time,2025-10-01,Project Vega,Billable,56.8
EMP00288,Junior,Permanent,2025-10-01,Project Zenith,Non-Billable,136.2
EMP00098,Intern,Fixed-term,2025-10-01,Project Atlas,Non-Billable,24.1
EMP00214,Senior Analyst,Freelancer,2025-10-01,Project Orion,Billable,10.6
EMP00020,Senior Manager,Permanent,2025-10-01,Project Horizon,Billable,96.5
EMP00177,Analyst,Contractor,2025-10-01,Project Falcon,Non-Billable,87.2
EMP00011,Executive,Permanent,2025-10-01,Project Falcon,Billable,72.1
EMP00201,Analyst,Permanent,2025-10-01,Project Falcon,Billable,51.5
EMP00181,Intern,Permanent,2025-10-01,Project Zenith,Billable,67.0
EMP00327,Intern,Fixed-term,2025-10-01,Project Aurora,Non-Billable,46.4
EMP00336,Manager,Freelancer,2025-10-01,Project Titan,Non-Billable,80.7
EMP00278,Analyst,Permanent,2025-10-01,Project Aurora,Non-Billable,117.5
EMP00136,Senior Analyst,Fixed-term,2025-10-01,Project Orion,Non-Billable,58.8
EMP00130,Junior,Permanent,2025-10-01,Project Nova,Billable,44.8
EMP00178,Intern,Permanent,2025-10-01,Project Nova,Non-Billable,179.0
EMP00310,Senior Analyst,Fixed-term,2025-10-01,Project Atlas,Non-Billable,181.2
EMP00054,Senior Analyst,Fixed-term,2025-10-01,Project Titan,Annual Leave,33.7
EMP00223,Senior Manager,Permanent,2025-10-01,Project Titan,Billable,121.1
EMP00083,Intern,Permanent,2025-10-01,Project Nimbus,Non-Billable,94.5
EMP00080,Analyst,Part-time,2025-10-01,Project Nova,Billable,61.9
EMP00005,Intern,Permanent,2025-10-01,Project Zenith,Billable,37.7
EMP00238,Intern,Permanent,2025-10-01,Project Nova,Billable,89.2
EMP00004,Manager,Permanent,2025-10-01,Project Nimbus,Non-Billable,116.2
EMP00281,Analyst,Permanent,2025-10-01,Project Falcon,Non-Billable,81.3
EMP00009,Manager,Freelancer,2025-10-01,Project Nova,Billable,65.8
EMP00123,Senior Analyst,Part-time,2025-10-01,Project Orion,Non-Billable,20.0
EMP00200,Senior Manager,Fixed-term,2025-10-01,Project Vega,Billable,54.5
EMP00103,Director,Fixed-term,2025-10-01,Project Nova,Non-Billable,52.3
EMP00100,Junior,Freelancer,2025-10-01,Project Titan,Annual Leave,20.8
EMP00108,Junior,Permanent,2025-10-01,Project Titan,Non-Billable,93.2
EMP00119,Senior Analyst,Part-time,2025-10-01,Project Horizon,Non-Billable,61.1
EMP00147,Senior Analyst,Fixed-term,2025-10-01,Project Horizon,Billable,61.5
EMP00079,Manager,Permanent,2025-10-01,Project Horizon,Non-Billable,90.8
EMP00305,Junior,Permanent,2025-10-01,Project Nova,Non-Billable,143.9
EMP00015,Manager,Freelancer,2025-10-01,Project Aurora,Non-Billable,75.5
EMP00008,Director,Permanent,2025-10-01,Project Nimbus,Annual Leave,14.4
EMP00201,Analyst,Permanent,2025-10-01,Project Falcon,Non-Billable,125.6
EMP00033,Director,Fixed-term,2025-10-01,Project Horizon,Non-Billable,71.1
EMP00031,Manager,Contractor,2025-10-01,Project Nimbus,Billable,68.7
EMP00239,Analyst,Freelancer,2025-10-01,Project Vega,Non-Billable,36.1
EMP00261,Analyst,Part-time,2025-10-01,Project Titan,Non-Billable,50.2
EMP00018,Manager,Fixed-term,2025-10-01,Project Horizon,Billable,50.9
EMP00312,Analyst,Fixed-term,2025-10-01,Project Atlas,Non-Billable,27.5
EMP00046,Analyst,Fixed-term,2025-10-01,Project Orion,Non-Billable,32.4
EMP00299,Senior Analyst,Fixed-term,2025-10-01,Project Nova,Billable,47.7
EMP00018,Manager,Fixed-term,2025-10-01,Project Horizon,Non-Billable,130.8
EMP00096,Senior Analyst,Contractor,2025-10-01,Project Zenith,Billable,77.2
EMP00243,Senior Analyst,Contractor,2025-10-01,Project Aurora,Billable,38.4
EMP00061,Analyst,Permanent,2025-10-01,Project Horizon,Billable,104.7
EMP00085,Junior,Permanent,2025-10-01,Project Horizon,Non-Billable,107.9
EMP00058,Manager,Freelancer,2025-10-01,Project Zenith,Non-Billable,60.9
EMP00207,Analyst,Part-time,2025-10-01,Project Nova,Annual Leave,26.5
EMP00315,Director,Permanent,2025-10-01,Project Horizon,Billable,55.7
EMP00116,Manager,Fixed-term,2025-10-01,Project Zenith,Non-Billable,78.1
EMP00119,Senior Analyst,Part-time,2025-10-01,Project Horizon,Billable,23.0
EMP00012,Analyst,Fixed-term,2025-10-01,Project Nimbus,Billable,30.3
EMP00202,Junior,Permanent,2025-10-01,Project Atlas,Non-Billable,97.7
EMP00095,Junior,Fixed-term,2025-10-01,Project Vega,Billable,88.9
EMP00211,Manager,Fixed-term,2025-10-01,Project Orion,Billable,29.1
EMP00258,Senior Manager,Permanent,2025-10-01,Project Vega,Billable,67.6
EMP00148,Junior,Permanent,2025-10-01,Project Nova,Non-Billable,103.9
EMP00269,Intern,Fixed-term,2025-10-01,Project Nimbus,Annual Leave,30.1
EMP00081,Manager,Fixed-term,2025-10-01,Project Aurora,Billable,97.1
EMP00301,Analyst,Freelancer,2025-10-01,Project Vega,Billable,57.0
EMP00025,Senior Analyst,Contractor,2025-10-01,Project Titan,Billable,71.1
EMP00024,Intern,Freelancer,2025-10-01,Project Zenith,Billable,108.7
EMP00029,Manager,Permanent,2025-10-01,Project Nimbus,Billable,43.2
EMP00112,Intern,Permanent,2025-10-01,Project Titan,Non-Billable,126.3
EMP00314,Senior Analyst,Permanent,2025-10-01,Project Atlas,Billable,43.5
EMP00246,Manager,Part-time,2025-10-01,Project Zenith,Billable,54.3
EMP00154,Junior,Part-time,2025-10-01,Project Nimbus,Billable,33.9
EMP00205,Manager,Permanent,2025-10-01,Project Atlas,Non-Billable,172.6
EMP00156,Analyst,Freelancer,2025-10-01,Project Atlas,Billable,56.0
EMP00281,Analyst,Permanent,2025-10-01,Project Falcon,Billable,77.3
EMP00074,Junior,Permanent,2025-10-01,Project Horizon,Annual Leave,34.2
EMP00199,Junior,Fixed-term,2025-10-01,Project Titan,Billable,88.7
EMP00331,Senior Analyst,Permanent,2025-10-01,Project Aurora,Non-Billable,115.1
EMP00096,Senior Analyst,Contractor,2025-10-01,Project Zenith,Non-Billable,71.2
EMP00225,Senior Analyst,Permanent,2025-10-01,Project Vega,Non-Billable,80.0
EMP00259,Manager,Freelancer,2025-10-01,Project Horizon,Billable,33.5
EMP00120,Senior Analyst,Permanent,2025-10-01,Project Titan,Non-Billable,81.3
EMP00212,Junior,Fixed-term,2025-10-01,Project Vega,Billable,50.8
EMP00271,Senior Analyst,Permanent,2025-10-01,Project Aurora,Annual Leave,24.7
EMP00328,Analyst,Permanent,2025-10-01,Project Falcon,Non-Billable,70.3
EMP00040,Senior Analyst,Permanent,2025-10-01,Project Zenith,Non-Billable,128.0
EMP00132,Junior,Fixed-term,2025-10-01,Project Nimbus,Non-Billable,179.0
EMP00131,Junior,Contractor,2025-10-01,Project Orion,Annual Leave,23.2
EMP00196,Analyst,Part-time,2025-10-01,Project Orion,Non-Billable,18.7
EMP00094,Senior Analyst,Contractor,2025-10-01,Project Vega,Non-Billable,87.9
EMP00135,Senior Analyst,Fixed-term,2025-10-01,Project Horizon,Non-Billable,79.2
EMP00244,Senior Analyst,Permanent,2025-10-01,Project Nimbus,Annual Leave,19.7
EMP00014,Senior Manager,Contractor,2025-10-01,Project Horizon,Non-Billable,91.6
EMP00010,Intern,Permanent,2025-10-01,Project Atlas,Billable,91.3
EMP00041,Intern,Permanent,2025-10-01,Project Vega,Non-Billable,168.1
EMP00216,Junior,Fixed-term,2025-10-01,Project Horizon,Non-Billable,173.0
EMP00162,Manager,Freelancer,2025-10-01,Project Orion,Non-Billable,45.7
EMP00318,Junior,Contractor,2025-10-01,Project Nimbus,Non-Billable,150.8
EMP00218,Analyst,Fixed-term,2025-10-01,Project Nimbus,Non-Billable,79.1
EMP00195,Junior,Permanent,2025-10-01,Project Titan,Billable,46.9
EMP00023,Junior,Permanent,2025-10-01,Project Aurora,Non-Billable,86.0
EMP00188,Analyst,Fixed-term,2025-10-01,Project Orion,Non-Billable,33.6
EMP00336,Manager,Freelancer,2025-10-01,Project Titan,Billable,25.1
EMP00169,Analyst,Fixed-term,2025-10-01,Project Falcon,Non-Billable,61.1
EMP00126,Senior Manager,Part-time,2025-10-01,Project Vega,Non-Billable,42.9
EMP00309,Manager,Permanent,2025-10-01,Project Nova,Non-Billable,173.2
EMP00211,Manager,Fixed-term,2025-10-01,Project Orion,Non-Billable,31.2
EMP00033,Director,Fixed-term,2025-10-01,Project Horizon,Annual Leave,32.3
EMP00218,Analyst,Fixed-term,2025-10-01,Project Nimbus,Billable,67.5
EMP00104,Junior,Permanent,2025-10-01,Project Falcon,Billable,86.9
EMP00160,Junior,Contractor,2025-10-01,Project Atlas,Non-Billable,24.1
EMP00328,Analyst,Permanent,2025-10-01,Project Falcon,Annual Leave,17.2
EMP00166,Senior Analyst,Contractor,2025-10-01,Project Orion,Non-Billable,32.8
EMP00022,Analyst,Permanent,2025-10-01,Project Orion,Billable,11.2
EMP00282,Analyst,Fixed-term,2025-10-01,Project Aurora,Non-Billable,100.0
EMP00087,Analyst,Contractor,2025-10-01,Project Atlas,Non-Billable,69.0
EMP00133,Analyst,Freelancer,2025-10-01,Project Zenith,Billable,26.9
EMP00266,Manager,Fixed-term,2025-10-01,Project Orion,Annual Leave,15.2
EMP00288,Junior,Permanent,2025-10-01,Project Zenith,Billable,36.3
EMP00045,Analyst,Fixed-term,2025-10-01,Project Atlas,Non-Billable,91.3
EMP00043,Intern,Contractor,2025-10-01,Project Falcon,Billable,74.8
EMP00338,Intern,Contractor,2025-10-01,Project Nova,Non-Billable,96.3
EMP00270,Senior Analyst,Contractor,2025-10-01,Project Nimbus,Annual Leave,27.3
EMP00336,Manager,Freelancer,2025-10-01,Project Titan,Annual Leave,34.7
EMP00284,Analyst,Permanent,2025-10-01,Project Falcon,Non-Billable,73.0
EMP00055,Senior Manager,Fixed-term,2025-10-01,Project Atlas,Annual Leave,25.4
EMP00221,Intern,Contractor,2025-10-01,Project Titan,Annual Leave,16.8
EMP00029,Manager,Permanent,2025-10-01,Project Nimbus,Non-Billable,92.6
EMP00200,Senior Manager,Fixed-term,2025-10-01,Project Vega,Non-Billable,73.8
EMP00012,Analyst,Fixed-term,2025-10-01,Project Nimbus,Annual Leave,33.3
EMP00112,Intern,Permanent,2025-10-01,Project Titan,Billable,44.3
EMP00138,Senior Analyst,Part-time,2025-10-01,Project Vega,Non-Billable,42.5
EMP00203,Analyst,Contractor,2025-10-01,Project Atlas,Non-Billable,142.1
EMP00167,Junior,Permanent,2025-10-01,Project Nimbus,Non-Billable,169.0
EMP00129,Analyst,Permanent,2025-10-01,Project Atlas,Non-Billable,118.9
EMP00050,Manager,Freelancer,2025-10-01,Project Vega,Non-Billable,129.6
EMP00262,Analyst,Permanent,2025-10-01,Project Vega,Non-Billable,165.8
EMP00319,Analyst,Permanent,2025-10-01,Project Titan,Non-Billable,156.2
EMP00187,Analyst,Permanent,2025-10-01,Project Orion,Non-Billable,24.8
EMP00030,Manager,Permanent,2025-10-01,Project Aurora,Non-Billable,107.8
EMP00217,Analyst,Permanent,2025-10-01,Project Falcon,Non-Billable,176.4
EMP00245,Senior Analyst,Fixed-term,2025-10-01,Project Falcon,Billable,128.7
EMP00059,Manager,Fixed-term,2025-10-01,Project Titan,Non-Billable,125.7
EMP00191,Intern,Freelancer,2025-10-01,Project Orion,Non-Billable,25.7
EMP00283,Director,Fixed-term,2025-10-01,Project Aurora,Billable,85.5
EMP00077,Senior Analyst,Fixed-term,2025-10-01,Project Horizon,Non-Billable,182.8
EMP00223,Senior Manager,Permanent,2025-10-01,Project Titan,Non-Billable,21.7
EMP00047,Senior Analyst,Part-time,2025-10-01,Project Zenith,Billable,24.6
EMP00019,Senior Analyst,Permanent,2025-10-01,Project Zenith,Non-Billable,91.6
EMP00275,Junior,Part-time,2025-10-01,Project Atlas,Non-Billable,49.6
EMP00333,Analyst,Permanent,2025-10-01,Project Zenith,Non-Billable,162.6
EMP00273,Junior,Fixed-term,2025-10-01,Project Falcon,Non-Billable,78.8
EMP00027,Senior Analyst,Permanent,2025-10-01,Project Titan,Billable,83.1
EMP00255,Analyst,Freelancer,2025-10-01,Project Nova,Non-Billable,92.9
EMP00215,Junior,Contractor,2025-10-01,Project Zenith,Non-Billable,78.2
EMP00143,Analyst,Permanent,2025-10-01,Project Orion,Billable,17.5
EMP00117,Intern,Fixed-term,2025-10-01,Project Horizon,Billable,71.9
EMP00092,Senior Analyst,Permanent,2025-10-01,Project Orion,Non-Billable,33.8
EMP00082,Analyst,Permanent,2025-10-01,Project Nimbus,Annual Leave,16.2
EMP00242,Intern,Permanent,2025-10-01,Project Nova,Non-Billable,98.1
EMP00102,Analyst,Contractor,2025-10-01,Project Vega,Non-Billable,109.9
EMP00034,Senior Manager,Permanent,2025-10-01,Project Atlas,Non-Billable,157.1
EMP00255,Analyst,Freelancer,2025-10-01,Project Nova,Billable,47.8
EMP00206,Senior Analyst,Part-time,2025-10-01,Project Nimbus,Billable,41.3
EMP00314,Senior Analyst,Permanent,2025-10-01,Project Atlas,Non-Billable,125.1
EMP00125,Senior Analyst,Fixed-term,2025-10-01,Project Titan,Billable,47.0
EMP00212,Junior,Fixed-term,2025-10-01,Project Vega,Annual Leave,23.4
EMP00048,Intern,Permanent,2025-10-01,Project Atlas,Billable,82.0
EMP00326,Manager,Permanent,2025-10-01,Project Falcon,Billable,52.5
EMP00139,Intern,Permanent,2025-10-01,Project Titan,Non-Billable,168.1
EMP00075,Analyst,Permanent,2025-10-01,Project Atlas,Non-Billable,162.6
EMP00193,Intern,Freelancer,2025-10-01,Project Nimbus,Non-Billable,62.7
EMP00249,Junior,Permanent,2025-10-01,Project Horizon,Billable,50.5
EMP00302,Junior,Fixed-term,2025-10-01,Project Zenith,Non-Billable,177.7
EMP00087,Analyst,Contractor,2025-10-01,Project Atlas,Billable,85.0
EMP00221,Intern,Contractor,2025-10-01,Project Titan,Non-Billable,140.8
EMP00078,Analyst,Contractor,2025-10-01,Project Aurora,Non-Billable,66.0
EMP00225,Senior Analyst,Permanent,2025-10-01,Project Vega,Annual Leave,30.9
EMP00111,Senior Analyst,Fixed-term,2025-10-01,Project Nova,Non-Billable,164.0
EMP00270,Senior Analyst,Contractor,2025-10-01,Project Nimbus,Non-Billable,45.0
EMP00251,Director,Fixed-term,2025-10-01,Project Falcon,Non-Billable,89.1
EMP00226,Senior Analyst,Part-time,2025-10-01,project vega,Non-Billable,68.4
EMP00146,Analyst,Permanent,2025-10-01,Project Aurora,Non-Billable,36.1
EMP00008,Director,Permanent,2025-10-01,Project Nimbus,Non-Billable,74.1
EMP00278,Analyst,Permanent,2025-10-01,Project Aurora,Billable,50.1
EMP00292,Senior Manager,Fixed-term,2025-10-01,Project Titan,Non-Billable,89.5
EMP00185,Junior,Part-time,2025-10-01,Project Horizon,Non-Billable,47.2
EMP00249,Junior,Permanent,2025-10-01,Project Horizon,Non-Billable,127.4
EMP00151,Analyst,Fixed-term,2025-10-01,Project Vega,Billable,90.8
EMP00016,Junior,Permanent,2025-10-01,Project Horizon,Billable,84.6
EMP00224,Senior Manager,Fixed-term,2025-10-01,Project Falcon,Non-Billable,119.1
EMP00266,Manager,Fixed-term,2025-10-01,Project Orion,Non-Billable,27.0
EMP00024,Intern,Freelancer,2025-10-01,Project Zenith,Non-Billable,28.4
EMP00208,Analyst,Permanent,2025-10-01,Project Nimbus,Non-Billable,85.7
EMP00326,Manager,Permanent,2025-10-01,Project Falcon,Non-Billable,106.1
EMP00182,Analyst,Permanent,2025-10-01,Project Nimbus,Non-Billable,88.1
EMP00056,Analyst,Permanent,2025-10-01,Project Aurora,Billable,69.6
EMP00300,Analyst,Fixed-term,2025-10-01,Project Nimbus,Non-Billable,89.7
EMP00258,Senior Manager,Permanent,2025-10-01,Project Vega,Non-Billable,87.3
EMP00308,Senior Analyst,Part-time,2025-11-01,Project Orion,Non-Billable,29.3
EMP00283,Director,Fixed-term,2025-11-01,Project Aurora,Billable,73.0
EMP00014,Senior Manager,Contractor,2025-11-01,Project Horizon,Annual Leave,22.5
EMP00012,Analyst,Fixed-term,2025-11-01,Project Nimbus,Non-Billable,133.0
EMP00017,Analyst,Permanent,2025-11-01,Project Atlas,Non-Billable,161.4
EMP00036,Senior Manager,Permanent,2025-11-01,Project Nimbus,Annual Leave,18.0
EMP00001,Junior,Part-time,2025-11-01,Project Atlas,Non-Billable,44.1
EMP00103,Director,Fixed-term,2025-11-01,Project Nova,Billable,102.7
EMP00135,Senior Analyst,Fixed-term,2025-11-01,Project Horizon,Billable,87.5
EMP00237,Senior Manager,Fixed-term,2025-11-01,Project Falcon,Billable,49.1
EMP00154,Junior,Part-time,2025-11-01,Project Nimbus,Non-Billable,58.3
EMP00048,Intern,Permanent,2025-11-01,Project Atlas,Billable,62.6
EMP00295,Junior,Part-time,2025-11-01,Project Zenith,Non-Billable,93.1
EMP00304,Senior Manager,Permanent,2025-11-01,Project Horizon,Non-Billable,98.4
EMP00294,Senior Manager,Permanent,2025-11-01,Project Nova,Annual Leave,36.5
EMP00124,Analyst,Permanent,2025-11-01,Project Atlas,Non-Billable,79.0
EMP00004,Manager,Permanent,2025-11-01,Project Nimbus,Non-Billable,127.2
EMP00300,Analyst,Fixed-term,2025-11-01,Project Nimbus,Non-Billable,95.5
EMP00145,Junior,Permanent,2025-11-01,Project Atlas,Non-Billable,165.4
EMP00010,Intern,Permanent,2025-11-01,Project Atlas,Non-Billable,92.0
EMP00237,Senior Manager,Fixed-term,2025-11-01,Project Falcon,Non-Billable,121.0
EMP00153,Analyst,Part-time,2025-11-01,Project Zenith,Billable,25.3
EMP00296,Manager,Freelancer,2025-11-01,Project Nimbus,Billable,92.0
EMP00019,Senior Analyst,Permanent,2025-11-01,Project Zenith,Non-Billable,80.6
EMP00184,Junior,Permanent,2025-11-01,Project Falcon,Billable,71.9
EMP00002,Senior Analyst,Permanent,2025-11-01,Project Nimbus,Non-Billable,35.3
EMP00290,Analyst,Permanent,2025-11-01,Project Nimbus,Non-Billable,161.5
EMP00217,Analyst,Permanent,2025-11-01,Project Falcon,Non-Billable,161.8
EMP00227,Junior,Fixed-term,2025-11-01,Project Atlas,Non-Billable,106.9
EMP00244,Senior Analyst,Permanent,2025-11-01,Project Nimbus,Billable,130.3
EMP00288,Junior,Permanent,2025-11-01,Project Zenith,Annual Leave,8.3
EMP00250,Senior Manager,Fixed-term,2025-11-01,Project Zenith,Annual Leave,13.6
EMP00187,Analyst,Permanent,2025-11-01,Project Orion,Billable,10.9
EMP00073,Intern,Part-time,2025-11-01,Project Horizon,Billable,31.6
EMP00309,Manager,Permanent,2025-11-01,Project Nova,Annual Leave,9.9
EMP00215,Junior,Contractor,2025-11-01,Project Zenith,Non-Billable,73.8
EMP00052,Analyst,Freelancer,2025-11-01,Project Falcon,Billable,71.0
EMP00268,Senior Analyst,Permanent,2025-11-01,Project Horizon,Billable,48.3
EMP00175,Manager,Permanent,2025-11-01,Project Atlas,Billable,67.5
EMP00015,Manager,Freelancer,2025-11-01,Project Aurora,Billable,52.2
EMP00200,Senior Manager,Fixed-term,2025-11-01,Project Vega,Billable,67.7
EMP00090,Director,Permanent,2025-11-01,Project Nova,Annual Leave,29.0
EMP00064,Senior Analyst,Permanent,2025-11-01,Project Nimbus,Non-Billable,13.6
EMP00054,Senior Analyst,Fixed-term,2025-11-01,Project Titan,Non-Billable,83.4
EMP00223,Senior Manager,Permanent,2025-11-01,Project Titan,Annual Leave,15.4
EMP00142,Analyst,Permanent,2025-11-01,Project Falcon,Billable,81.2
EMP00296,Manager,Freelancer,2025-11-01,Project Nimbus,Non-Billable,31.4
EMP00193,Intern,Freelancer,2025-11-01,,Paternity Leave,15.6
EMP00007,Junior,Permanent,2025-11-01,Project Vega,Non-Billable,158.0
EMP00308,Senior Analyst,Part-time,2025-11-01,Project Orion,Billable,10.7
EMP00134,Analyst,Permanent,2025-11-01,Project Orion,Non-Billable,40.0
EMP00030,Manager,Permanent,2025-11-01,Project Aurora,Non-Billable,103.9
EMP00020,Senior Manager,Permanent,2025-11-01,Project Horizon,Non-Billable,75.8
EMP00147,Senior Analyst,Fixed-term,2025-11-01,Project Horizon,Non-Billable,68.1
EMP00186,Junior,Part-time,2025-11-01,Project Orion,Annual Leave,18.0
EMP00187,Analyst,Permanent,2025-11-01,Project Orion,Non-Billable,11.1
EMP00249,Junior,Permanent,2025-11-01,Project Horizon,Billable,38.3
EMP00143,Analyst,Permanent,2025-11-01,Project Orion,Annual Leave,18.0
EMP00112,Intern,Permanent,2025-11-01,Project Titan,Billable,44.6
EMP00108,Junior,Permanent,2025-11-01,Project Titan,Non-Billable,101.7
EMP00054,Senior Analyst,Fixed-term,2025-11-01,Project Titan,Annual Leave,12.3
EMP00326,Manager,Permanent,2025-11-01,Project Falcon,Non-Billable,105.1
EMP00286,Analyst,Fixed-term,2025-11-01,Project Nimbus,Non-Billable,85.1
EMP00161,Intern,Contractor,2025-11-01,Project Nova,Billable,57.4
EMP00096,Senior Analyst,Contractor,2025-11-01,Project Zenith,Non-Billable,82.7
EMP00316,Analyst,Permanent,2025-11-01,Project Titan,Non-Billable,167.3
EMP00283,Director,Fixed-term,2025-11-01,Project Aurora,Non-Billable,97.2
EMP00263,Analyst,Part-time,2025-11-01,Project Zenith,Non-Billable,59.8
EMP00266,Manager,Fixed-term,2025-11-01,Project Orion,Non-Billable,22.6
EMP00312,Analyst,Fixed-term,2025-11-01,Project Atlas,Annual Leave,23.5
EMP00037,Analyst,Fixed-term,2025-11-01,Project Orion,Non-Billable,29.2
EMP00026,Analyst,Permanent,2025-11-01,Project Nimbus,Billable,40.0
EMP00207,Analyst,Part-time,2025-11-01,Project Nova,Billable,41.7
EMP00092,Senior Analyst,Permanent,2025-11-01,Project Orion,Non-Billable,24.0
EMP00147,Senior Analyst,Fixed-term,2025-11-01,Project Horizon,Annual Leave,37.9
EMP00329,Analyst,Permanent,2025-11-01,Project Falcon,Billable,61.5
EMP00023,Junior,Permanent,2025-11-01,Project Aurora,Billable,88.7
EMP00131,Junior,Contractor,2025-11-01,Project Orion,Billable,16.9
EMP00178,Intern,Permanent,2025-11-01,Project Nova,Non-Billable,188.9
EMP00084,Senior Manager,Contractor,2025-11-01,Project Falcon,Non-Billable,155.9
EMP00195,Junior,Permanent,2025-11-01,Project Titan,Non-Billable,128.4
EMP00042,Junior,Permanent,2025-11-01,Project Zenith,Non-Billable,56.9
EMP00106,Intern,Contractor,2025-11-01,Project Nova,Non-Billable,92.7
EMP00197,Junior,Permanent,2025-11-01,Project Falcon,Billable,80.0
EMP00103,Director,Fixed-term,2025-11-01,Project Nova,Non-Billable,63.6
EMP00008,Director,Permanent,2025-11-01,Project Nimbus,Billable,77.4
EMP00323,Analyst,Permanent,2025-11-01,Project Titan,Billable,89.3
EMP00203,Analyst,Contractor,2025-11-01,Project Atlas,Non-Billable,152.6
EMP00037,Analyst,Fixed-term,2025-11-01,Project Orion,Billable,10.8
EMP00045,Analyst,Fixed-term,2025-11-01,Project Atlas,Billable,86.9
EMP00202,Junior,Permanent,2025-11-01,Project Atlas,Billable,68.4
EMP00301,Analyst,Freelancer,2025-11-01,Project Vega,Non-Billable,65.1
EMP00336,Manager,Freelancer,2025-11-01,Project Titan,Annual Leave,18.0
EMP00121,Senior Analyst,Contractor,2025-11-01,Project Nimbus,Non-Billable,154.1
EMP00140,Intern,Permanent,2025-11-01,Project Aurora,Billable,85.6
EMP00244,Senior Analyst,Permanent,2025-11-01,Project Nimbus,Non-Billable,50.4
EMP00083,Intern,Permanent,2025-11-01,Project Nimbus,Billable,80.1
EMP00095,Junior,Fixed-term,2025-11-01,Project Vega,Non-Billable,90.8
EMP00135,Senior Analyst,Fixed-term,2025-11-01,Project Horizon,Non-Billable,82.8
EMP00327,Intern,Fixed-term,2025-11-01,Project Aurora,Non-Billable,53.0
EMP00129,Analyst,Permanent,2025-11-01,Project Atlas,Billable,40.3
EMP00161,Intern,Contractor,2025-11-01,Project Nova,Non-Billable,103.3
EMP00200,Senior Manager,Fixed-term,2025-11-01,Project Vega,Non-Billable,84.9
EMP00044,Director,Permanent,2025-11-01,Project Orion,Non-Billable,22.0
EMP00188,Analyst,Fixed-term,2025-11-01,Project Orion,Non-Billable,20.4
EMP00013,Analyst,Part-time,2025-11-01,Project Atlas,Billable,53.7
EMP00139,Intern,Permanent,2025-11-01,Project Titan,Non-Billable,126.7
EMP00118,Senior Analyst,Fixed-term,2025-11-01,Project Atlas,Non-Billable,105.3
EMP00276,Senior Analyst,Fixed-term,2025-11-01,Project Zenith,Billable,38.9
EMP00256,Manager,Part-time,2025-11-01,Project Atlas,Non-Billable,71.5
EMP00171,Analyst,Permanent,2025-11-01,Project Zenith,Billable,59.5
EMP00140,Intern,Permanent,2025-11-01,Project Aurora,Non-Billable,91.3
EMP00154,Junior,Part-time,2025-11-01,Project Nimbus,Billable,33.1
EMP00278,Analyst,Permanent,2025-11-01,Project Aurora,Non-Billable,131.5
EMP00328,Analyst,Permanent,2025-11-01,Project Falcon,Billable,83.7
EMP00030,Manager,Permanent,2025-11-01,Project Aurora,Billable,64.7
EMP00117,Intern,Fixed-term,2025-11-01,Project Horizon,Non-Billable,99.3
EMP00151,Analyst,Fixed-term,2025-11-01,Project Vega,Billable,80.4
EMP00231,Intern,Fixed-term,2025-11-01,Project Atlas,Billable,45.7
EMP00307,Analyst,Part-time,2025-11-01,Project Horizon,Non-Billable,78.6
EMP00285,Analyst,Fixed-term,2025-11-01,Project Aurora,Non-Billable,166.9
EMP00055,Senior Manager,Fixed-term,2025-11-01,Project Atlas,Non-Billable,93.5
EMP00279,Analyst,Permanent,2025-11-01,Project Orion,Billable,10.9
EMP00164,Junior,Contractor,2025-11-01,Project Nova,Non-Billable,140.6
EMP00333,Analyst,Permanent,2025-11-01,Project Zenith,Non-Billable,173.8
EMP00138,Senior Analyst,Part-time,2025-11-01,Project Vega,Non-Billable,39.4
EMP00191,Intern,Freelancer,2025-11-01,Project Orion,Non-Billable,26.9
EMP00315,Director,Permanent,2025-11-01,Project Horizon,Non-Billable,114.1
EMP00143,Analyst,Permanent,2025-11-01,Project Orion,Billable,5.3
EMP00291,Analyst,Fixed-term,2025-11-01,Project Horizon,Billable,72.3
EMP00083,Intern,Permanent,2025-11-01,Project Nimbus,Non-Billable,88.4
EMP00130,Junior,Permanent,2025-11-01,Project Nova,Billable,50.4
EMP00032,Manager,Contractor,2025-11-01,Project Atlas,Non-Billable,148.7
EMP00014,Senior Manager,Contractor,2025-11-01,Project Horizon,Non-Billable,73.7
EMP00274,Junior,Freelancer,2025-11-01,Project Titan,Billable,50.9
EMP00066,Senior Analyst,Permanent,2025-11-01,Project Falcon,Billable,45.4
EMP00035,Manager,Permanent,2025-11-01,Project Aurora,Annual Leave,37.1
EMP00123,Senior Analyst,Part-time,2025-11-01,Project Orion,Non-Billable,21.1
EMP00332,Senior Analyst,Permanent,2025-11-01,project falcon,Billable,60.7
EMP00261,Analyst,Part-time,2025-11-01,Project Titan,Billable,25.6
EMP00079,Manager,Permanent,2025-11-01,Project Horizon,Billable,108.5
EMP00228,Manager,Part-time,2025-11-01,Project Nimbus,Billable,78.9
EMP00085,Junior,Permanent,2025-11-01,Project Horizon,Billable,54.7
EMP00230,Analyst,Part-time,2025-11-01,Project Titan,Non-Billable,94.7
EMP00021,Senior Analyst,Fixed-term,2025-11-01,Project Horizon,Non-Billable,40.2
EMP00090,Director,Permanent,2025-11-01,Project Nova,Billable,61.6
EMP00120,Senior Analyst,Permanent,2025-11-01,Project Titan,Billable,73.0
EMP00016,Junior,Permanent,2025-11-01,Project Horizon,Billable,87.3
EMP00056,Analyst,Permanent,2025-11-01,Project Aurora,Non-Billable,105.1
EMP00281,Analyst,Permanent,2025-11-01,Project Falcon,Billable,74.3
EMP00093,Analyst,Fixed-term,2025-11-01,Project Orion,Billable,15.3
EMP00049,Senior Manager,Fixed-term,2025-11-01,Project Vega,Non-Billable,45.6
EMP00079,Manager,Permanent,2025-11-01,Project Horizon,Non-Billable,65.8
EMP00301,Analyst,Freelancer,2025-11-01,Project Vega,Billable,41.1
EMP00087,Analyst,Contractor,2025-11-01,Project Atlas,Billable,48.2
EMP00074,Junior,Permanent,2025-11-01,Project Horizon,Non-Billable,103.2
EMP00234,Analyst,Permanent,2025-11-01,Project Vega,Billable,48.0
EMP00258,Senior Manager,Permanent,2025-11-01,Project Vega,Billable,96.3
EMP00225,Senior Analyst,Permanent,2025-11-01,Project Vega,Billable,75.9
EMP00246,Manager,Part-time,2025-11-01,Project Zenith,Billable,67.4
EMP00322,Senior Analyst,Part-time,2025-11-01,Project Vega,Non-Billable,55.1
EMP00260,Analyst,Contractor,2025-11-01,Project Nimbus,Billable,37.3
EMP00330,Senior Analyst,Part-time,2025-11-01,Project Nimbus,Non-Billable,69.1
EMP00322,Senior Analyst,Part-time,2025-11-01,Project Vega,Billable,31.3
EMP00331,Senior Analyst,Permanent,2025-11-01,Project Aurora,Billable,42.4
EMP00183,Intern,Permanent,2025-11-01,Project Orion,Non-Billable,40.0
EMP00127,Analyst,Freelancer,2025-11-01,Project Nova,Billable,49.1
EMP00072,Senior Analyst,Permanent,2025-11-01,Project Titan,Annual Leave,36.7
EMP00104,Junior,Permanent,2025-11-01,Project Falcon,Billable,88.1
EMP00044,Director,Permanent,2025-11-01,Project Orion,Billable,18.0
EMP00159,Junior,Permanent,2025-11-01,Project Vega,Non-Billable,135.6
EMP00235,Analyst,Fixed-term,2025-11-01,Project Falcon,Billable,46.5
EMP00202,Junior,Permanent,2025-11-01,Project Atlas,Annual Leave,8.4
EMP00270,Senior Analyst,Contractor,2025-11-01,Project Nimbus,Non-Billable,63.5
EMP00006,Analyst,Contractor,2025-11-01,Project Zenith,Billable,53.3
EMP00172,Senior Analyst,Part-time,2025-11-01,Project Zenith,Non-Billable,95.1
EMP00094,Senior Analyst,Contractor,2025-11-01,Project Vega,Billable,73.6
EMP00292,Senior Manager,Fixed-term,2025-11-01,Project Titan,Billable,55.0
EMP00100,Junior,Freelancer,2025-11-01,Project Titan,Non-Billable,138.5
EMP00196,Analyst,Part-time,2025-11-01,Project Orion,Annual Leave,18.0
EMP00301,Analyst,Freelancer,2025-11-01,Project Vega,Annual Leave,32.9
EMP00240,Senior Analyst,Permanent,2025-11-01,Project Titan,Non-Billable,46.6
EMP00066,Senior Analyst,Permanent,2025-11-01,Project Falcon,Non-Billable,124.1
EMP00282,Analyst,Fixed-term,2025-11-01,Project Aurora,Billable,78.4
EMP00061,Analyst,Permanent,2025-11-01,Project Horizon,Billable,94.3
EMP00249,Junior,Permanent,2025-11-01,Project Horizon,Non-Billable,115.0
EMP00080,Analyst,Part-time,2025-11-01,Project Nova,Non-Billable,17.6
EMP00156,Analyst,Freelancer,2025-11-01,Project Atlas,Non-Billable,74.4
EMP00282,Analyst,Fixed-term,2025-11-01,Project Aurora,Non-Billable,89.5
EMP00259,Manager,Freelancer,2025-11-01,Project Horizon,Non-Billable,69.6
EMP00008,Director,Permanent,2025-11-01,Project Nimbus,Non-Billable,78.2
EMP00153,Analyst,Part-time,2025-11-01,Project Zenith,Non-Billable,70.9
EMP00193,Intern,Freelancer,2025-11-01,Project Nimbus,Non-Billable,55.6
EMP00245,Senior Analyst,Fixed-term,2025-11-01,Project Falcon,Billable,133.9
EMP00263,Analyst,Part-time,2025-11-01,Project Zenith,Billable,38.1
EMP00014,Senior Manager,Contractor,2025-11-01,Project Horizon,Billable,70.3
EMP00068,Junior,Freelancer,2025-11-01,Project Vega,Billable,33.3
EMP00171,Analyst,Permanent,2025-11-01,Project Zenith,Non-Billable,104.1
EMP00225,Senior Analyst,Permanent,2025-11-01,Project Vega,Non-Billable,88.2
EMP00274,Junior,Freelancer,2025-11-01,Project Titan,Non-Billable,89.2
EMP00054,Senior Analyst,Fixed-term,2025-11-01,Project Titan,Billable,62.8
EMP00049,Senior Manager,Fixed-term,2025-11-01,Project Vega,Billable,114.7
EMP00302,Junior,Fixed-term,2025-11-01,Project Zenith,Non-Billable,158.0
EMP00051,Senior Analyst,Contractor,2025-11-01,Project Zenith,Non-Billable,21.1
EMP00267,Intern,Freelancer,2025-11-01,Project Atlas,Billable,69.1
EMP00118,Senior Analyst,Fixed-term,2025-11-01,Project Atlas,Billable,38.2
EMP00270,Senior Analyst,Contractor,2025-11-01,Project Nimbus,Annual Leave,18.5
EMP00018,Manager,Fixed-term,2025-11-01,Project Horizon,Non-Billable,104.5
EMP00093,Analyst,Fixed-term,2025-11-01,Project Orion,Non-Billable,24.7
EMP00241,Analyst,Permanent,2025-11-01,Project Titan,Non-Billable,70.0
EMP00085,Junior,Permanent,2025-11-01,Project Horizon,Non-Billable,116.4
EMP00243,Senior Analyst,Contractor,2025-11-01,Project Aurora,Billable,47.3
EMP00261,Analyst,Part-time,2025-11-01,Project Titan,Non-Billable,64.6
EMP00078,Analyst,Contractor,2025-11-01,Project Aurora,Billable,55.0
EMP00208,Analyst,Permanent,2025-11-01,Project Nimbus,Billable,76.7
EMP00180,Analyst,Fixed-term,2025-11-01,Project Orion,Billable,13.0
EMP00175,Manager,Permanent,2025-11-01,Project Atlas,Non-Billable,90.9
EMP00339,Manager,Contractor,2025-11-01,Project Nova,Non-Billable,146.4
EMP00177,Analyst,Contractor,2025-11-01,Project Falcon,Billable,69.1
EMP00305,Junior,Permanent,2025-11-01,Project Nova,Non-Billable,176.1
EMP00118,Senior Analyst,Fixed-term,2025-11-01,Project Atlas,Annual Leave,23.4
EMP00026,Analyst,Permanent,2025-11-01,Project Nimbus,Non-Billable,128.9
EMP00156,Analyst,Freelancer,2025-11-01,Project Atlas,Billable,66.9
EMP00311,Analyst,Permanent,2025-11-01,Project Nimbus,Non-Billable,183.5
EMP00022,Analyst,Permanent,2025-11-01,Project Orion,Non-Billable,16.2
EMP00179,Analyst,Part-time,2025-11-01,Project Nimbus,Non-Billable,47.4
EMP00227,Junior,Fixed-term,2025-11-01,Project Atlas,Billable,71.7
EMP00070,Junior,Permanent,2025-11-01,Project Nimbus,Billable,67.0
EMP00124,Analyst,Permanent,2025-11-01,Project Atlas,Billable,86.7
EMP00022,Analyst,Permanent,2025-11-01,Project Orion,Annual Leave,18.0
EMP00334,Senior Analyst,Permanent,2025-11-01,Project Horizon,Non-Billable,137.8
EMP00226,Senior Analyst,Part-time,2025-11-01,Project Vega,Billable,16.8
EMP00208,Analyst,Permanent,2025-11-01,Project Nimbus,Non-Billable,90.4
EMP00019,Senior Analyst,Permanent,2025-11-01,Project Zenith,Billable,62.7
EMP00045,Analyst,Fixed-term,2025-11-01,Project Atlas,Non-Billable,78.5
EMP00163,Senior Analyst,Part-time,2025-11-01,Project Aurora,Annual Leave,17.0
EMP00082,Analyst,Permanent,2025-11-01,Project Nimbus,Non-Billable,170.9
EMP00275,Junior,Part-time,2025-11-01,Project Atlas,Non-Billable,66.3
EMP00053,Senior Analyst,Permanent,2025-11-01,Project Nimbus,Billable,71.6
EMP00050,Manager,Freelancer,2025-11-01,Project Vega,Non-Billable,135.7
EMP00201,Analyst,Permanent,2025-11-01,Project Falcon,Non-Billable,127.4
EMP00250,Senior Manager,Fixed-term,2025-11-01,Project Zenith,Billable,69.1
EMP00334,Senior Analyst,Permanent,2025-11-01,Project Horizon,Annual Leave,37.0
EMP00169,Analyst,Fixed-term,2025-11-01,Project Falcon,Billable,93.5
EMP00255,Analyst,Freelancer,2025-11-01,Project Nova,Non-Billable,90.8
EMP00064,Senior Analyst,Permanent,2025-11-01,Project Nimbus,Billable,156.5
EMP00251,Director,Fixed-term,2025-11-01,Project Falcon,Non-Billable,87.1
EMP00332,Senior Analyst,Permanent,2025-11-01,Project Falcon,Non-Billable,99.0
EMP00267,Intern,Freelancer,2025-11-01,Project Atlas,Non-Billable,60.6
EMP00117,Intern,Fixed-term,2025-11-01,Project Horizon,Billable,85.6
EMP00027,Senior Analyst,Permanent,2025-11-01,Project Titan,Billable,82.1
EMP00151,Analyst,Fixed-term,2025-11-01,Project Vega,Non-Billable,94.7
EMP00128,Manager,Fixed-term,2025-11-01,Project Vega,Annual Leave,34.4
EMP00067,Manager,Part-time,2025-11-01,Project Vega,Non-Billable,85.0
EMP00122,Intern,Part-time,2025-11-01,Project Horizon,Non-Billable,98.5
EMP00053,Senior Analyst,Permanent,2025-11-01,Project Nimbus,Non-Billable,89.8
EMP00206,Senior Analyst,Part-time,2025-11-01,Project Nimbus,Annual Leave,11.6
EMP00234,Analyst,Permanent,2025-11-01,Project Vega,Non-Billable,106.1
EMP00024,Intern,Freelancer,2025-11-01,Project Zenith,Billable,73.2
EMP00039,Analyst,Permanent,2025-11-01,Project Atlas,Non-Billable,156.6
EMP00155,Junior,Permanent,2025-11-01,Project Vega,Non-Billable,87.5
EMP00059,Manager,Fixed-term,2025-11-01,Project Titan,Non-Billable,122.4
EMP00312,Analyst,Fixed-term,2025-11-01,Project Atlas,Billable,129.8
EMP00029,Manager,Permanent,2025-11-01,Project Nimbus,Billable,45.4
EMP00338,Intern,Contractor,2025-11-01,Project Nova,Non-Billable,84.2
EMP00264,Junior,Part-time,2025-11-01,Project Orion,Non-Billable,25.3
EMP00114,Junior,Part-time,2025-11-01,Project Vega,Non-Billable,84.7
EMP00299,Senior Analyst,Fixed-term,2025-11-01,Project Nova,Billable,43.1
EMP00056,Analyst,Permanent,2025-11-01,Project Aurora,Billable,61.4
EMP00041,Intern,Permanent,2025-11-01,Project Vega,Non-Billable,172.8
EMP00059,Manager,Fixed-term,2025-11-01,Project Titan,Billable,38.8
EMP00212,Junior,Fixed-term,2025-11-01,Project Vega,Billable,58.8
EMP00005,Intern,Permanent,2025-11-01,Project Zenith,Annual Leave,20.6
EMP00211,Manager,Fixed-term,2025-11-01,Project Orion,Billable,13.5
EMP00131,Junior,Contractor,2025-11-01,Project Orion,Non-Billable,23.1
EMP00213,Senior Analyst,Permanent,2025-11-01,Project Horizon,Non-Billable,92.9
EMP00314,Senior Analyst,Permanent,2025-11-01,Project Atlas,Non-Billable,126.5
EMP00106,Intern,Contractor,2025-11-01,Project Nova,Billable,57.6
EMP00214,Senior Analyst,Freelancer,2025-11-01,Project Orion,Non-Billable,28.7
EMP00074,Junior,Permanent,2025-11-01,Project Horizon,Billable,67.2
EMP00289,Junior,Fixed-term,2025-11-01,Project Nova,Non-Billable,168.9
EMP00020,Senior Manager,Permanent,2025-11-01,Project Horizon,Billable,93.5
EMP00033,Director,Fixed-term,2025-11-01,Project Horizon,Non-Billable,111.3
EMP00025,Senior Analyst,Contractor,2025-11-01,Project Titan,Non-Billable,82.7
EMP00304,Senior Manager,Permanent,2025-11-01,Project Horizon,Billable,69.4
EMP00306,Junior,Permanent,2025-11-01,Project Vega,Non-Billable,148.0
EMP00141,Junior,Fixed-term,2025-11-01,Project Aurora,Non-Billable,88.3
EMP00108,Junior,Permanent,2025-11-01,Project Titan,Billable,71.6
EMP00218,Analyst,Fixed-term,2025-11-01,Project Nimbus,Billable,66.4
EMP00330,Senior Analyst,Part-time,2025-11-01,Project Nimbus,Billable,27.0
EMP00180,Analyst,Fixed-term,2025-11-01,Project Orion,Annual Leave,18.0
EMP00080,Analyst,Part-time,2025-11-01,Project Nova,Billable,63.6
EMP00086,Senior Analyst,Part-time,2025-11-01,Project Falcon,Non-Billable,68.9
EMP00126,Senior Manager,Part-time,2025-11-01,Project Vega,Billable,43.5
EMP00042,Junior,Permanent,2025-11-01,Project Zenith,Billable,104.3
EMP00198,Senior Manager,Freelancer,2025-11-01,Project Atlas,Non-Billable,132.2
EMP00314,Senior Analyst,Permanent,2025-11-01,Project Atlas,Billable,45.5
EMP00209,Junior,Permanent,2025-11-01,Project Aurora,Non-Billable,169.6
EMP00294,Senior Manager,Permanent,2025-11-01, Project Nova,Non-Billable,44.6
EMP00063,Junior,Permanent,2025-11-01,Project Falcon,Billable,49.6
EMP00047,Senior Analyst,Part-time,2025-11-01,Project Zenith,Billable,25.6
EMP00231,Intern,Fixed-term,2025-11-01,Project Atlas,Non-Billable,122.2
EMP00192,Junior,Fixed-term,2025-11-01,Project Aurora,Non-Billable,157.6
EMP00181,Intern,Permanent,2025-11-01,Project Zenith,Billable,72.4
EMP00326,Manager,Permanent,2025-11-01,Project Falcon,Billable,69.2
EMP00138,Senior Analyst,Part-time,2025-11-01,Project Vega,Billable,52.1
EMP00324,Junior,Permanent,2025-11-01,Project Falcon,Billable,37.9
EMP00265,Intern,Permanent,2025-11-01,Project Zenith,Billable,47.5
EMP00292,Senior Manager,Fixed-term,2025-11-01,Project Titan,Annual Leave,32.2
EMP00241,Analyst,Permanent,2025-11-01,Project Titan,Annual Leave,29.9
EMP00328,Analyst,Permanent,2025-11-01,Project Falcon,Non-Billable,75.2
EMP00298,Junior,Freelancer,2025-11-01,Project Atlas,Non-Billable,76.0
EMP00165,Executive,Permanent,2025-11-01,Project Orion,Non-Billable,21.0
EMP00152,Executive,Part-time,2025-11-01,Project Titan,Billable,61.1
EMP00159,Junior,Permanent,2025-11-01,Project Vega,Billable,44.0
EMP00128,Manager,Fixed-term,2025-11-01,Project Vega,Non-Billable,80.2
EMP00241,Analyst,Permanent,2025-11-01,Project Titan,Billable,67.7
EMP00146,Analyst,Permanent,2025-11-01,Project Aurora,Billable,137.6
EMP00272,Senior Analyst,Contractor,2025-11-01,Project Zenith,Billable,69.6
EMP00298,Junior,Freelancer,2025-11-01,Project Atlas,Billable,59.8
EMP00275,Junior,Part-time,2025-11-01,Project Atlas,Billable,41.1
EMP00193,Intern,Freelancer,2025-11-01,Project Nimbus,Billable,61.8
EMP00335,Senior Analyst,Permanent,2025-11-01,Project Falcon,Non-Billable,75.4
EMP00254,Manager,Freelancer,2025-11-01,Project Orion,Non-Billable,31.1
EMP00148,Junior,Permanent,2025-11-01,Project Nova,Non-Billable,81.9
EMP00160,Junior,Contractor,2025-11-01,Project Atlas,Non-Billable,21.3
EMP00068,Junior,Freelancer,2025-11-01,Project Vega,Non-Billable,88.0
EMP00321,Manager,Part-time,2025-11-01,Project Zenith,Billable,34.8
EMP00080,Analyst,Part-time,2025-11-01,Project Nova,Annual Leave,15.7
EMP00269,Intern,Fixed-term,2025-11-01,Project Nimbus,Non-Billable,100.3
EMP00271,Senior Analyst,Permanent,2025-11-01,Project Aurora,Non-Billable,165.5
EMP00205,Manager,Permanent,2025-11-01,Project Atlas,Non-Billable,165.0
EMP00087,Analyst,Contractor,2025-11-01,Project Atlas,Non-Billable,62.8
EMP00201,Analyst,Permanent,2025-11-01,Project Falcon,Billable,33.2
EMP00199,Junior,Fixed-term,2025-11-01,Project Titan,Non-Billable,75.2
EMP00329,Analyst,Permanent,2025-11-01,Project Falcon,Non-Billable,111.3
EMP00107,Senior Analyst,Contractor,2025-11-01,Project Zenith,Non-Billable,77.2
EMP00091,Senior Analyst,Permanent,2025-11-01,Project Nova,Non-Billable,126.4
EMP00034,Senior Manager,Permanent,2025-11-01,Project Atlas,Non-Billable,189.1
EMP00060,Senior Analyst,Part-time,2025-11-01,Project Horizon,Non-Billable,70.9
EMP00293,Manager,Fixed-term,2025-11-01,Project Aurora,Billable,94.7
EMP00095,Junior,Fixed-term,2025-11-01,Project Vega,Billable,79.4
EMP00312,Analyst,Fixed-term,2025-11-01,Project Atlas,Non-Billable,20.0
EMP00051,Senior Analyst,Contractor,2025-11-01,Project Zenith,Billable,140.3
EMP00207,Analyst,Part-time,2025-11-01,Project Nova,Non-Billable,54.5
EMP00016,Junior,Permanent,2025-11-01,Project Horizon,Non-Billable,69.4
EMP00139,Intern,Permanent,2025-11-01,Project Titan,Annual Leave,31.0
EMP00040,Senior Analyst,Permanent,2025-11-01,Project Zenith,Billable,52.7
EMP00288,Junior,Permanent,2025-11-01,Project Zenith,Non-Billable,123.8
EMP00336,Manager,Freelancer,2025-11-01,Project Titan,Non-Billable,90.6
EMP00005,Intern,Permanent,2025-11-01,Project Zenith,Non-Billable,99.3
EMP00166,Senior Analyst,Contractor,2025-11-01,Project Orion,Billable,17.4
EMP00112,Intern,Permanent,2025-11-01,Project Titan,Non-Billable,119.2
EMP00058,Manager,Freelancer,2025-11-01,Project Zenith,Billable,74.1
EMP00265,Intern,Permanent,2025-11-01,Project Zenith,Non-Billable,128.2
EMP00063,Junior,Permanent,2025-11-01,Project Falcon,Annual Leave,36.1
EMP00318,Junior,Contractor,2025-11-01,Project Nimbus,Non-Billable,157.2
EMP00185,Junior,Part-time,2025-11-01,Project Horizon,Non-Billable,50.9
EMP00027,Senior Analyst,Permanent,2025-11-01,Project Titan,Non-Billable,94.7
EMP00239,Analyst,Freelancer,2025-11-01,Project Vega,Non-Billable,31.2
EMP00111,Senior Analyst,Fixed-term,2025-11-01,Project Nova,Non-Billable,167.5
EMP00040,Senior Analyst,Permanent,2025-11-01,Project Zenith,Non-Billable,122.2
EMP00113,Analyst,Permanent,2025-11-01,Project Atlas,Non-Billable,172.2
EMP00086,Senior Analyst,Part-time,2025-11-01,Project Falcon,Billable,24.1
EMP00248,Analyst,Contractor,2025-11-01,Project Nova,Non-Billable,79.3
EMP00287,Senior Analyst,Contractor,2025-11-01, Project Aurora,Billable,60.0
EMP00024,Intern,Freelancer,2025-11-01,Project Zenith,Non-Billable,27.3
EMP00202,Junior,Permanent,2025-11-01,Project Atlas,Non-Billable,104.5
EMP00179,Analyst,Part-time,2025-11-01,Project Nimbus,Billable,51.7
EMP00149,Senior Analyst,Permanent,2025-11-01,Project Falcon,Non-Billable,160.8
EMP00125,Senior Analyst,Fixed-term,2025-11-01,Project Titan ,Non-Billable,124.3
EMP00281,Analyst,Permanent,2025-11-01,Project Falcon,Non-Billable,81.5
EMP00321,Manager,Part-time,2025-11-01,Project Zenith,Annual Leave,24.3
EMP00107,Senior Analyst,Contractor,2025-11-01,Project Zenith,Billable,75.0
EMP00116,Manager,Fixed-term,2025-11-01,Project Zenith,Billable,88.5
EMP00169,Analyst,Fixed-term,2025-11-01,Project Falcon,Non-Billable,91.3
EMP00264,Junior,Part-time,2025-11-01,Project Orion,Billable,14.7
EMP00015,Manager,Freelancer,2025-11-01,Project Aurora,Non-Billable,77.7
EMP00310,Senior Analyst,Fixed-term,2025-11-01,Project Atlas,Non-Billable,171.6
EMP00320,Junior,Part-time,2025-11-01,Project Aurora,Non-Billable,60.6
EMP00173,Manager,Freelancer,2025-11-01,Project Aurora,Non-Billable,109.8
EMP00319,Analyst,Permanent,2025-11-01,Project Titan,Non-Billable,174.5
EMP00245,Senior Analyst,Fixed-term,2025-11-01,Project Falcon,Non-Billable,38.1
EMP00094,Senior Analyst,Contractor,2025-11-01,Project Vega,Non-Billable,70.6
EMP00028,Analyst,Permanent,2025-11-01,Project Vega,Non-Billable,168.5
EMP00031,Manager,Contractor,2025-11-01,Project Nimbus,Non-Billable,92.9
EMP00072,Senior Analyst,Permanent,2025-11-01,Project Titan,Non-Billable,118.2
EMP00009,Manager,Freelancer,2025-11-01,Project Nova,Non-Billable,40.2
EMP00212,Junior,Fixed-term,2025-11-01,Project Vega,Non-Billable,103.3
EMP00262,Analyst,Permanent,2025-11-01,Project Vega,Annual Leave,8.4
EMP00279,Analyst,Permanent,2025-11-01,Project Orion,Non-Billable,11.1
EMP00129,Analyst,Permanent,2025-11-01,Project Atlas,Non-Billable,132.4
EMP00133,Analyst,Freelancer,2025-11-01,Project Zenith,Billable,37.0
EMP00035,Manager,Permanent,2025-11-01,Project Aurora,Non-Billable,59.3
EMP00276,Senior Analyst,Fixed-term,2025-11-01,Project Zenith,Annual Leave,9.6
EMP00136,Senior Analyst,Fixed-term,2025-11-01,Project Orion,Non-Billable,40.0
EMP00110,Junior,Part-time,2025-11-01,Project Horizon,Billable,40.0
EMP00222,Senior Analyst,Permanent,2025-11-01,PROJECT VEGA,Non-Billable,158.0
EMP00272,Senior Analyst,Contractor,2025-11-01,Project Zenith,Non-Billable,76.7
EMP00062,Senior Analyst,Permanent,2025-11-01,Project Nova,Billable,44.7
EMP00226,Senior Analyst,Part-time,2025-11-01,Project Vega,Annual Leave,33.3
EMP00011,Executive,Permanent,2025-11-01,Project Falcon,Billable,75.2
EMP00268,Senior Analyst,Permanent,2025-11-01,Project Horizon,Billable,48.3
EMP00078,Analyst,Contractor,2025-11-01,Project Aurora,Non-Billable,89.6
EMP00229,Intern,Contractor,2025-11-01,Project Aurora,Non-Billable,148.2
EMP00071,Analyst,Fixed-term,2025-11-01,Project Nimbus,Non-Billable,167.6
EMP00163,Senior Analyst,Part-time,2025-11-01,Project Aurora,Non-Billable,74.3
EMP00284,Analyst,Permanent,2025-11-01,Project Falcon ,Billable,147.2
EMP00181,Intern,Permanent,2025-11-01,Project Zenith,Non-Billable,93.8
EMP00098,Intern,Fixed-term,2025-11-01,Project Atlas,Billable,103.6
EMP00141,Junior,Fixed-term,2025-11-01,Project Aurora,Billable,85.6
EMP00001,Junior,Part-time,2025-11-01,Project Atlas,Billable,48.9
EMP00052,Analyst,Freelancer,2025-11-01,Project Falcon,Non-Billable,62.6
EMP00055,Senior Manager,Fixed-term,2025-11-01,Project Atlas,Billable,71.7
EMP00309,Manager,Permanent,2025-11-01,Project Nova,Non-Billable,140.3
EMP00186,Junior,Part-time,2025-11-01,Project Orion,Non-Billable,22.0
EMP00057,Intern,Part-time,2025-11-01,Project Nova,Non-Billable,102.6
EMP00224,Senior Manager,Fixed-term,2025-11-01,Project Falcon,Non-Billable,176.8
EMP00321,Manager,Part-time,2025-11-01,Project Zenith,Non-Billable,42.8
EMP00081,Manager,Fixed-term,2025-11-01,Project Aurora,Billable,94.4
EMP00323,Analyst,Permanent,2025-11-01,Project Titan,Non-Billable,89.4
EMP00228,Manager,Part-time,2025-11-01,Project Nimbus,Non-Billable,15.0
EMP00047,Senior Analyst,Part-time,2025-11-01,Project Zenith,Non-Billable,63.4
EMP00259,Manager,Freelancer,2025-11-01,Project Horizon,Billable,56.4
EMP00022,Analyst,Permanent,2025-11-01,Project Orion,Billable,5.8
EMP00146,Analyst,Permanent,2025-11-01,Project Aurora,Non-Billable,47.4
EMP00152,Executive,Part-time,2025-11-01,Project Titan,Non-Billable,31.9
EMP00025,Senior Analyst,Contractor,2025-11-01,Project Titan,Billable,70.0
EMP00262,Analyst,Permanent,2025-11-01,Project Vega,Non-Billable,175.2
EMP00130,Junior,Permanent,2025-11-01,Project Nova,Non-Billable,124.1
EMP00206,Senior Analyst,Part-time,2025-11-01,Project Nimbus,Billable,42.9
EMP00270,Senior Analyst,Contractor,2025-11-01,Project Nimbus,Billable,65.9
EMP00335,Senior Analyst,Permanent,2025-11-01,Project Falcon,Billable,81.1
EMP00128,Manager,Fixed-term,2025-11-01,Project Vega,Billable,45.3
EMP00213,Senior Analyst,Permanent,2025-11-01,Project Horizon,Billable,53.2
EMP00149,Senior Analyst,Permanent,2025-11-01,Project Falcon,Annual Leave,20.7
EMP00126,Senior Manager,Part-time,2025-11-01,Project Vega,Non-Billable,51.4
EMP00269,Intern,Fixed-term,2025-11-01,Project Nimbus,Billable,74.3
EMP00060,Senior Analyst,Part-time,2025-11-01,Project Horizon,Billable,21.9
EMP00184,Junior,Permanent,2025-11-01,Project Falcon,Non-Billable,89.2
EMP00255,Analyst,Freelancer,2025-11-01,Project Nova,Billable,43.9
EMP00160,Junior,Contractor,2025-11-01,Project Atlas,Billable,128.2
EMP00235,Analyst,Fixed-term,2025-11-01,Project Falcon,Non-Billable,134.2
EMP00029,Manager,Permanent,2025-11-01,Project Nimbus,Non-Billable,121.1
EMP00191,Intern,Freelancer,2025-11-01,Project Orion,Billable,13.1
EMP00104,Junior,Permanent,2025-11-01,Project Falcon,Non-Billable,76.3
EMP00167,Junior,Permanent,2025-11-01,Project Nimbus,Non-Billable,163.2
EMP00177,Analyst,Contractor,2025-11-01,Project Falcon,Non-Billable,80.7
EMP00194,Analyst,Freelancer,2025-11-01,Project Vega,Billable,56.1
EMP00004,Manager,Permanent,2025-11-01,Project Nimbus,Billable,44.4
EMP00273,Junior,Fixed-term,2025-11-01,Project Falcon,Billable,144.0
EMP00331,Senior Analyst,Permanent,2025-11-01,Project Aurora,Non-Billable,125.4
EMP00194,Analyst,Freelancer,2025-11-01,Project Vega,Non-Billable,71.3
EMP00258,Senior Manager,Permanent,2025-11-01,Project Vega,Non-Billable,80.5
EMP00300,Analyst,Fixed-term,2025-11-01,Project Nimbus,Billable,61.4
EMP00002,Senior Analyst,Permanent,2025-11-01,Project Nimbus,Billable,136.9
EMP00091,Senior Analyst,Permanent,2025-11-01,Project Nova,Billable,41.0
EMP00087,Analyst,Contractor,2025-11-01,Project Atlas,Annual Leave,24.6
EMP00010,Intern,Permanent,2025-11-01,Project Atlas,Billable,67.5
EMP00324,Junior,Permanent,2025-11-01,Project Falcon,Non-Billable,132.8
EMP00133,Analyst,Freelancer,2025-11-01,Project Zenith,Non-Billable,108.0
EMP00119,Senior Analyst,Part-time,2025-11-01,Project Horizon,Non-Billable,64.1
EMP00268,Senior Analyst,Permanent,2025-11-01,Project Horizon,Non-Billable,108.2
EMP00009,Manager,Freelancer,2025-11-01,Project Nova,Billable,98.1
EMP00031,Manager,Contractor,2025-11-01,Project Nimbus,Billable,60.4
EMP00170,Analyst,Fixed-term,2025-11-01,Project Horizon,Non-Billable,166.9
EMP00043,Intern,Contractor,2025-11-01,Project Falcon,Non-Billable,82.4
EMP00254,Manager,Freelancer,2025-11-01,Project Orion,Billable,8.9
EMP00204,Junior,Permanent,2025-11-01,Project Zenith,Non-Billable,98.5
EMP00226,Senior Analyst,Part-time,2025-11-01,Project Vega,Non-Billable,47.1
EMP00033,Director,Fixed-term,2025-11-01,Project Horizon,Billable,68.9
EMP00284,Analyst,Permanent,2025-11-01,Project Falcon,Non-Billable,33.6
EMP00299,Senior Analyst,Fixed-term,2025-11-01,Project Nova,Annual Leave,32.5
EMP00092,Senior Analyst,Permanent,2025-11-01,Project Orion,Billable,16.0
EMP00048,Intern,Permanent,2025-11-01,Project Atlas,Non-Billable,103.8
EMP00307,Analyst,Part-time,2025-11-01,Project Horizon,Billable,27.4
EMP00142,Analyst,Permanent,2025-11-01,Project Falcon,Non-Billable,79.2
EMP00306,Junior,Permanent,2025-11-01,Project Vega,Annual Leave,25.8
EMP00155,Junior,Permanent,2025-11-01,Project Vega,Billable,81.6
EMP00018,Manager,Fixed-term,2025-11-01,Project Horizon,Billable,60.5
EMP00187,Analyst,Permanent,2025-11-01,Project Orion,Annual Leave,18.0
EMP00243,Senior Analyst,Contractor,2025-11-01,Project Aurora,Non-Billable,114.0
EMP00196,Analyst,Part-time,2025-11-01,Project Orion,Non-Billable,11.5
EMP00280,Manager,Permanent,2025-11-01,Project Orion,Non-Billable,40.0
EMP00090,Director,Permanent,2025-11-01,Project Nova,Non-Billable,80.2
EMP00127,Analyst,Freelancer,2025-11-01,Project Nova,Non-Billable,58.2
EMP00182,Analyst,Permanent,2025-11-01,Project Nimbus,Non-Billable,83.6
EMP00006,Analyst,Contractor,2025-11-01,Project Zenith,Non-Billable,94.2
EMP00102,Analyst,Contractor,2025-11-01,Project Vega,Billable,38.4
EMP00127,Analyst,Freelancer,2025-11-01,,Paternity Leave,21.0
EMP00101,Manager,Permanent,2025-11-01,Project Zenith,Non-Billable,158.9
EMP00075,Analyst,Permanent,2025-11-01,Project Atlas,Non-Billable,158.0
EMP00158,Senior Analyst,Fixed-term,2025-11-01,Project Atlas,Non-Billable,163.4
EMP00116,Manager,Fixed-term,2025-11-01,Project Zenith,Non-Billable,68.4
EMP00035,Manager,Permanent,2025-11-01,Project Aurora,Billable,52.9
EMP00046,Analyst,Fixed-term,2025-11-01,Project Orion,Billable,20.3
EMP00288,Junior,Permanent,2025-11-01,Project Zenith,Billable,51.5
EMP00168,Junior,Permanent,2025-11-01,Project Atlas,Non-Billable,162.6
EMP00206,Senior Analyst,Part-time,2025-11-01,Project Nimbus,Non-Billable,40.7
EMP00182,Analyst,Permanent,2025-11-01,Project Nimbus,Billable,89.5
EMP00238,Intern,Permanent,2025-11-01,Project Nova,Billable,89.8
EMP00115,Junior,Permanent,2025-11-01,Project Vega,Non-Billable,134.8
EMP00238,Intern,Permanent,2025-11-01,Project Nova,Non-Billable,67.1
EMP00266,Manager,Fixed-term,2025-11-01,Project Orion,Billable,17.4
EMP00320,Junior,Part-time,2025-11-01,Project Aurora,Billable,36.1
EMP00067,Manager,Part-time,2025-11-01,Project Vega,Annual Leave,10.5
EMP00123,Senior Analyst,Part-time,2025-11-01,Project Orion,Billable,18.9
EMP00214,Senior Analyst,Freelancer,2025-11-01,Project Orion,Billable,11.3
EMP00180,Analyst,Fixed-term,2025-11-01,Project Orion,Non-Billable,9.0
EMP00204,Junior,Permanent,2025-11-01,Project Zenith,Billable,83.3
EMP00223,Senior Manager,Permanent,2025-11-01,Project Titan,Billable,102.8
EMP00115,Junior,Permanent,2025-11-01,Project Vega,Billable,35.1
EMP00279,Analyst,Permanent,2025-11-01,Project Orion,Annual Leave,18.0
EMP00058,Manager,Freelancer,2025-11-01,Project Zenith,Non-Billable,58.1
EMP00252,Intern,Part-time,2025-11-01,Project Titan,Non-Billable,95.2
EMP00338,Intern,Contractor,2025-11-01,Project Nova,Annual Leave,9.9
EMP00036,Senior Manager,Permanent,2025-11-01,Project Nimbus,Billable,74.0
EMP00242,Intern,Permanent,2025-11-01,Project Nova,Non-Billable,84.1
EMP00021,Senior Analyst,Fixed-term,2025-11-01,Project Horizon,Billable,131.0
EMP00337,Senior Manager,Permanent,2025-11-01,Project Falcon,Non-Billable,162.8
EMP00013,Analyst,Part-time,2025-11-01,Project Atlas,Non-Billable,43.4
EMP00248,Analyst,Contractor,2025-11-01,Project Nova,Billable,73.7
EMP00162,Manager,Freelancer,2025-11-01,Project Orion,Non-Billable,40.0
EMP00173,Manager,Freelancer,2025-11-01,Project Aurora,Annual Leave,23.6
EMP00273,Junior,Fixed-term,2025-11-01,Project Falcon,Non-Billable,34.2
EMP00286,Analyst,Fixed-term,2025-11-01,Project Nimbus,Billable,72.2
EMP00073,Intern,Part-time,2025-11-01,Project Horizon,Non-Billable,56.2
EMP00242,Intern,Permanent,2025-11-01,Project Nova,Billable,88.1
EMP00024,Intern,Freelancer,2025-11-01,Project Zenith,Annual Leave,24.9
EMP00147,Senior Analyst,Fixed-term,2025-11-01,Project Horizon,Billable,65.7
EMP00336,Manager,Freelancer,2025-11-01,Project Titan,Billable,31.2
EMP00098,Intern,Fixed-term,2025-11-01,Project Atlas,Non-Billable,69.5
EMP00063,Junior,Permanent,2025-11-01,Project Falcon,Non-Billable,71.6
EMP00278,Analyst,Permanent,2025-11-01,Project Aurora,Billable,44.6
EMP00102,Analyst,Contractor,2025-11-01,Project Vega,Non-Billable,115.1
EMP00046,Analyst,Fixed-term,2025-11-01,Project Orion,Non-Billable,19.7
EMP00011,Executive,Permanent,2025-11-01,Project Falcon,Non-Billable,87.5
EMP00065,Director,Fixed-term,2025-11-01,Project Aurora,Non-Billable,156.0
EMP00291,Analyst,Fixed-term,2025-11-01,Project Horizon,Non-Billable,79.9
EMP00185,Junior,Part-time,2025-11-01,Project Horizon,Billable,49.0
EMP00125,Senior Analyst,Fixed-term,2025-11-01,Project Titan,Billable,37.2
EMP00148,Junior,Permanent,2025-11-01,Project Nova,Billable,83.6
EMP00077,Senior Analyst,Fixed-term,2025-11-01,Project Horizon,Non-Billable,166.0
EMP00292,Senior Manager,Fixed-term,2025-11-01,Project Titan,Non-Billable,73.7
EMP00315,Director,Permanent,2025-11-01,Project Horizon,Billable,46.5
EMP00246,Manager,Part-time,2025-11-01,Project Zenith,Non-Billable,32.1
EMP00012,Analyst,Fixed-term,2025-11-01,Project Nimbus,Billable,39.2
EMP00278,Analyst,Permanent,2025-11-01,Project Aurora,Annual Leave,9.4
EMP00338,Intern,Contractor,2025-11-01,Project Nova,Billable,53.4
EMP00291,Analyst,Fixed-term,2025-11-01,Project Horizon,Annual Leave,15.7
EMP00099,Analyst,Permanent,2025-11-01,Project Titan,Billable,49.3
EMP00216,Junior,Fixed-term,2025-11-01,Project Horizon,Non-Billable,170.5
EMP00114,Junior,Part-time,2025-11-01,Project Vega,Annual Leave,15.6
EMP00199,Junior,Fixed-term,2025-11-01,Project Titan,Billable,77.5
EMP00043,Intern,Contractor,2025-11-01,Project Falcon,Billable,74.1
EMP00188,Analyst,Fixed-term,2025-11-01,Project Orion,Billable,19.6
EMP00165,Executive,Permanent,2025-11-01,Project Orion,Billable,19.0
EMP00143,Analyst,Permanent,2025-11-01,Project Orion,Non-Billable,16.7
EMP00276,Senior Analyst,Fixed-term,2025-11-01,Project Zenith,Non-Billable,119.9
EMP00299,Senior Analyst,Fixed-term,2025-11-01,Project Nova,Non-Billable,97.5
EMP00096,Senior Analyst,Contractor,2025-11-01,Project Zenith,Billable,60.9
EMP00287,Senior Analyst,Contractor,2025-11-01,Project Aurora,Non-Billable,96.6
EMP00215,Junior,Contractor,2025-11-01,Project Zenith,Billable,60.8
EMP00195,Junior,Permanent,2025-11-01,Project Titan,Billable,37.0
EMP00120,Senior Analyst,Permanent,2025-11-01,Project Titan,Non-Billable,110.0
EMP00256,Manager,Part-time,2025-11-01,,Maternity Leave,14.3
EMP00036,Senior Manager,Permanent,2025-11-01,Project Nimbus,Non-Billable,57.7
EMP00132,Junior,Fixed-term,2025-11-01,Project Nimbus,Non-Billable,174.8
EMP00251,Director,Fixed-term,2025-11-01,Project Falcon,Billable,90.2
EMP00294,Senior Manager,Permanent,2025-11-01,Project Nova,Billable,88.2
EMP00110,Junior,Part-time,2025-11-01,Project Horizon,Non-Billable,56.2
EMP00223,Senior Manager,Permanent,2025-11-01,Project Titan,Non-Billable,49.4
EMP00250,Senior Manager,Fixed-term,2025-11-01,Project Zenith,Non-Billable,78.7
EMP00260,Analyst,Contractor,2025-11-01,Project Nimbus,Non-Billable,110.7
EMP00023,Junior,Permanent,2025-11-01,Project Aurora,Non-Billable,94.7
EMP00293,Manager,Fixed-term,2025-11-01,Project Aurora,Non-Billable,85.4
EMP00218,Analyst,Fixed-term,2025-11-01,Project Nimbus,Non-Billable,103.1
EMP00239,Analyst,Freelancer,2025-11-01,Project Vega,Billable,95.1
EMP00005,Intern,Permanent,2025-11-01,Project Zenith,Billable,44.2
EMP00081,Manager,Fixed-term,2025-11-01,Project Aurora,Non-Billable,79.6
EMP00019,Senior Analyst,Permanent,2025-11-01,Project Zenith,Annual Leave,23.1
EMP00062,Senior Analyst,Permanent,2025-11-01,Project Nova,Non-Billable,119.2
EMP00327,Intern,Fixed-term,2025-11-01,Project Aurora,Billable,109.1
EMP00070,Junior,Permanent,2025-11-01,Project Nimbus,Non-Billable,88.0
EMP00240,Senior Analyst,Permanent,2025-11-01,Project Titan,Billable,115.4
EMP00119,Senior Analyst,Part-time,2025-11-01,Project Horizon,Billable,21.8
EMP00099,Analyst,Permanent,2025-11-01,Project Titan,Non-Billable,130.1
EMP00196,Analyst,Part-time,2025-11-01,Project Orion,Billable,10.5
EMP00088,Analyst,Contractor,2025-11-01,Project Nova,Non-Billable,152.4
EMP00211,Manager,Fixed-term,2025-11-01,Project Orion,Non-Billable,26.5
EMP00089,Intern,Freelancer,2025-11-01,Project Orion,Non-Billable,40.0
EMP00166,Senior Analyst,Contractor,2025-11-01,Project Orion,Non-Billable,22.6
EMP00061,Analyst,Permanent,2025-11-01,Project Horizon,Non-Billable,74.6
EMP00197,Junior,Permanent,2025-11-01,Project Falcon,Non-Billable,98.9
EMP00121,Senior Analyst,Contractor,2025-12-01,Project Nimbus,Annual Leave,12.8
EMP00255,Analyst,Freelancer,2025-12-01,Project Nova,Billable,36.8
EMP00016,Junior,Permanent,2025-12-01,Project Horizon,Non-Billable,86.5
EMP00323,Analyst,Permanent,2025-12-01,Project Titan,Annual Leave,8.9
EMP00319,Analyst,Permanent,2025-12-01,Project Titan,Non-Billable,150.6
EMP00006,Analyst,Contractor,2025-12-01,Project Zenith,Non-Billable,78.3
EMP00316,Analyst,Permanent,2025-12-01,,Maternity Leave,18.8
EMP00296,Manager,Freelancer,2025-12-01,Project Nimbus,Billable,88.2
EMP00056,Analyst,Permanent,2025-12-01,Project Aurora,Billable,51.7
EMP00099,Analyst,Permanent,2025-12-01,Project Titan,Non-Billable,113.3
EMP00244,Senior Analyst,Permanent,2025-12-01,Project Nimbus,Billable,94.9
EMP00301,Analyst,Freelancer,2025-12-01,Project Vega,Non-Billable,48.7
EMP00124,Analyst,Permanent,2025-12-01,Project Atlas,Annual Leave,37.3
EMP00246,Manager,Part-time,2025-12-01,Project Zenith,Annual Leave,10.4
EMP00020,Senior Manager,Permanent,2025-12-01,Project Horizon,Annual Leave,24.3
EMP00049,Senior Manager,Fixed-term,2025-12-01,Project Vega,Billable,108.9
EMP00315,Director,Permanent,2025-12-01,Project Horizon,Annual Leave,18.5
EMP00155,Junior,Permanent,2025-12-01,Project Vega,Non-Billable,69.2
EMP00034,Senior Manager,Permanent,2025-12-01,Project Atlas,Non-Billable,140.0
EMP00227,Junior,Fixed-term,2025-12-01,Project Atlas,Billable,73.9
EMP00063,Junior,Permanent,2025-12-01,Project Falcon,Non-Billable,81.1
EMP00206,Senior Analyst,Part-time,2025-12-01,Project Nimbus,Billable,30.8
EMP00272,Senior Analyst,Contractor,2025-12-01,project zenith,Non-Billable,66.0
EMP00260,Analyst,Contractor,2025-12-01,Project Nimbus,Annual Leave,29.6
EMP00261,Analyst,Part-time,2025-12-01,Project Titan,Non-Billable,52.3
EMP00295,Junior,Part-time,2025-12-01,Project Zenith,Non-Billable,73.2
EMP00299,Senior Analyst,Fixed-term,2025-12-01,Project Nova,Non-Billable,95.1
EMP00230,Analyst,Part-time,2025-12-01,Project Titan,Annual Leave,27.2
EMP00042,Junior,Permanent,2025-12-01,Project Zenith,Annual Leave,27.4
EMP00011,Executive,Permanent,2025-12-01,Project Falcon,Non-Billable,79.4
EMP00260,Analyst,Contractor,2025-12-01,Project Nimbus,Billable,35.3
EMP00122,Intern,Part-time,2025-12-01,Project Horizon,Annual Leave,23.8
EMP00332,Senior Analyst,Permanent,2025-12-01,Project Falcon,Non-Billable,78.9
EMP00200,Senior Manager,Fixed-term,2025-12-01,Project Vega,Billable,66.2
EMP00129,Analyst,Permanent,2025-12-01,Project Atlas,Billable,39.6
EMP00096,Senior Analyst,Contractor,2025-12-01,Project Zenith,Non-Billable,69.3
EMP00030,Manager,Permanent,2025-12-01,Project Aurora,Annual Leave,10.1
EMP00215,Junior,Contractor,2025-12-01,Project Zenith,Non-Billable,62.2
EMP00307,Analyst,Part-time,2025-12-01,Project Horizon,Annual Leave,39.6
EMP00125,Senior Analyst,Fixed-term,2025-12-01,Project Titan,Non-Billable,80.2
EMP00064,Senior Analyst,Permanent,2025-12-01,Project Nimbus,Non-Billable,28.0
EMP00142,Analyst,Permanent,2025-12-01,Project Falcon,Billable,79.4
EMP00238,Intern,Permanent,2025-12-01,Project Nova,Annual Leave,16.2
EMP00054,Senior Analyst,Fixed-term,2025-12-01,Project Titan,Billable,56.2
EMP00216,Junior,Fixed-term,2025-12-01,Project Horizon,Annual Leave,18.4
EMP00113,Analyst,Permanent,2025-12-01,Project Atlas,Annual Leave,15.8
EMP00275,Junior,Part-time,2025-12-01,Project Atlas,Annual Leave,36.6
EMP00177,Analyst,Contractor,2025-12-01,Project Falcon,Non-Billable,62.0
EMP00307,Analyst,Part-time,2025-12-01,Project Horizon,Non-Billable,36.8
EMP00013,Analyst,Part-time,2025-12-01,Project Atlas,Annual Leave,20.3
EMP00234,Analyst,Permanent,2025-12-01,Project Vega,Billable,40.5
EMP00095,Junior,Fixed-term,2025-12-01,Project Vega,Annual Leave,22.5
EMP00033,Director,Fixed-term,2025-12-01,Project Horizon,Billable,38.5
EMP00241,Analyst,Permanent,2025-12-01,Project Titan,Billable,64.7
EMP00153,Analyst,Part-time,2025-12-01,Project Zenith,Non-Billable,56.2
EMP00195,Junior,Permanent,2025-12-01,Project Titan,Annual Leave,29.6
EMP00283,Director,Fixed-term,2025-12-01,Project Aurora,Non-Billable,72.1
EMP00336,Manager,Freelancer,2025-12-01,Project Titan,Billable,25.2
EMP00281,Analyst,Permanent,2025-12-01,,Maternity Leave,12.1
EMP00025,Senior Analyst,Contractor,2025-12-01,Project Titan,Annual Leave,28.8
EMP00148,Junior,Permanent,2025-12-01,Project Nova,Non-Billable,77.4
EMP00055,Senior Manager,Fixed-term,2025-12-01,Project Atlas,Non-Billable,64.1
EMP00181,Intern,Permanent,2025-12-01,Project Zenith,Annual Leave,35.0
EMP00179,Analyst,Part-time,2025-12-01,Project Nimbus,Non-Billable,36.4
EMP00066,Senior Analyst,Permanent,2025-12-01,Project Falcon,Billable,41.4
EMP00055,Senior Manager,Fixed-term,2025-12-01,Project Atlas,Billable,69.6
EMP00096,Senior Analyst,Contractor,2025-12-01,Project Zenith,Billable,66.8
EMP00115,Junior,Permanent,2025-12-01,Project Vega,Annual Leave,33.5
EMP00047,Senior Analyst,Part-time,2025-12-01,Project Zenith,Annual Leave,21.7
EMP00126,Senior Manager,Part-time,2025-12-01,Project Vega,Non-Billable,28.1
EMP00184,Junior,Permanent,2025-12-01,Project Falcon,Billable,80.5
EMP00048,Intern,Permanent,2025-12-01,Project Atlas,Non-Billable,43.9
EMP00193,Intern,Freelancer,2025-12-01,Project Nimbus,Billable,68.7
EMP00328,Analyst,Permanent,2025-12-01,Project Falcon,Non-Billable,75.8
EMP00245,Senior Analyst,Fixed-term,2025-12-01,Project Falcon,Billable,124.4
EMP00331,Senior Analyst,Permanent,2025-12-01,Project Aurora,Non-Billable,97.4
EMP00049,Senior Manager,Fixed-term,2025-12-01,Project Vega,Non-Billable,57.5
EMP00009,Manager,Freelancer,2025-12-01,Project Nova,Non-Billable,29.3
EMP00241,Analyst,Permanent,2025-12-01,Project Titan,Annual Leave,26.1
EMP00287,Senior Analyst,Contractor,2025-12-01,Project Aurora,Annual Leave,17.7
EMP00065,Director,Fixed-term,2025-12-01,Project Aurora,Non-Billable,162.7
EMP00055,Senior Manager,Fixed-term,2025-12-01,Project Atlas,Annual Leave,29.3
EMP00324,Junior,Permanent,2025-12-01,project falcon,Annual Leave,38.3
EMP00133,Analyst,Freelancer,2025-12-01,Project Zenith,Annual Leave,9.4
EMP00177,Analyst,Contractor,2025-12-01,Project Falcon,Annual Leave,29.4
EMP00252,Intern,Part-time,2025-12-01,Project Titan,Non-Billable,78.0
EMP00148,Junior,Permanent,2025-12-01,Project Nova,Annual Leave,34.2
EMP00066,Senior Analyst,Permanent,2025-12-01,Project Falcon,Non-Billable,124.7
EMP00035,Manager,Permanent,2025-12-01,Project Aurora,Annual Leave,31.3
EMP00098,Intern,Fixed-term,2025-12-01,Project Atlas,Annual Leave,15.2
EMP00243,Senior Analyst,Contractor,2025-12-01,Project Aurora,Billable,29.7
EMP00278,Analyst,Permanent,2025-12-01,Project Aurora,Annual Leave,37.9
EMP00006,Analyst,Contractor,2025-12-01,Project Zenith,Annual Leave,24.9
EMP00153,Analyst,Part-time,2025-12-01,Project Zenith,Annual Leave,21.9
EMP00125,Senior Analyst,Fixed-term,2025-12-01,Project Titan,Annual Leave,39.3
EMP00208,Analyst,Permanent,2025-12-01,Project Nimbus,Non-Billable,79.4
EMP00127,Analyst,Freelancer,2025-12-01,Project Nova,Annual Leave,23.6
EMP00222,Senior Analyst,Permanent,2025-12-01,Project Vega,Annual Leave,24.5
EMP00114,Junior,Part-time,2025-12-01,Project Vega,Non-Billable,69.9
EMP00151,Analyst,Fixed-term,2025-12-01,Project Vega,Billable,64.5
EMP00199,Junior,Fixed-term,2025-12-01,Project Titan,Non-Billable,61.8
EMP00111,Senior Analyst,Fixed-term,2025-12-01,Project Nova,Annual Leave,26.4
EMP00261,Analyst,Part-time,2025-12-01,Project Titan,Billable,21.7
EMP00304,Senior Manager,Permanent,2025-12-01,Project Horizon,Annual Leave,19.2
EMP00026,Analyst,Permanent,2025-12-01,Project Nimbus,Billable,34.1
EMP00244,Senior Analyst,Permanent,2025-12-01,Project Nimbus,Non-Billable,40.3
EMP00163,Senior Analyst,Part-time,2025-12-01,Project Aurora,Annual Leave,15.1
EMP00001,Junior,Part-time,2025-12-01,Project Atlas,Annual Leave,12.2
EMP00049,Senior Manager,Fixed-term,2025-12-01,Project Vega,Annual Leave,12.4
EMP00275,Junior,Part-time,2025-12-01,Project Atlas,Non-Billable,36.6
EMP00169,Analyst,Fixed-term,2025-12-01,Project Falcon,Billable,90.6
EMP00152,Executive,Part-time,2025-12-01,Project Titan,Billable,51.4
EMP00195,Junior,Permanent,2025-12-01,Project Titan,Billable,38.5
EMP00315,Director,Permanent,2025-12-01,Project Horizon,Billable,65.5
EMP00082,Analyst,Permanent,2025-12-01,Project Nimbus,Annual Leave,24.8
EMP00283,Director,Fixed-term,2025-12-01,project aurora,Annual Leave,31.7
EMP00171,Analyst,Permanent,2025-12-01,Project Zenith,Billable,72.4
EMP00047,Senior Analyst,Part-time,2025-12-01,Project Zenith,Billable,20.4
EMP00208,Analyst,Permanent,2025-12-01,Project Nimbus,Billable,71.3
EMP00079,Manager,Permanent,2025-12-01,Project Horizon,Billable,99.8
EMP00213,Senior Analyst,Permanent,2025-12-01,,Paternity Leave,19.4
EMP00103,Director,Fixed-term,2025-12-01,Project Nova,Billable,106.6
EMP00073,Intern,Part-time,2025-12-01,Project Horizon,Non-Billable,39.0
EMP00206,Senior Analyst,Part-time,2025-12-01,Project Nimbus,Non-Billable,32.7
EMP00324,Junior,Permanent,2025-12-01,Project Falcon,Non-Billable,82.7
EMP00331,Senior Analyst,Permanent,2025-12-01,Project Aurora,Billable,34.8
EMP00103,Director,Fixed-term,2025-12-01,Project Nova,Annual Leave,24.3
EMP00169,Analyst,Fixed-term,2025-12-01,Project Falcon,Non-Billable,69.8
EMP00335,Senior Analyst,Permanent,2025-12-01,Project Falcon,Annual Leave,9.4
EMP00293,Manager,Fixed-term,2025-12-01,Project Aurora,Annual Leave,32.0
EMP00322,Senior Analyst,Part-time,2025-12-01,Project Vega,Annual Leave,11.3
EMP00142,Analyst,Permanent,2025-12-01,Project Falcon,Non-Billable,62.2
EMP00197,Junior,Permanent,2025-12-01,Project Falcon,Annual Leave,9.0
EMP00104,Junior,Permanent,2025-12-01,Project Falcon,Annual Leave,28.8
EMP00025,Senior Analyst,Contractor,2025-12-01,Project Titan,Billable,51.5
EMP00207,Analyst,Part-time,2025-12-01,Project Nova,Annual Leave,16.5
EMP00193,Intern,Freelancer,2025-12-01,Project Nimbus,Annual Leave,23.2
EMP00117,Intern,Fixed-term,2025-12-01,Project Horizon,Billable,64.5
EMP00120,Senior Analyst,Permanent,2025-12-01,Project Titan,Non-Billable,89.1
EMP00041,Intern,Permanent,2025-12-01,Project Vega,Non-Billable,152.7
EMP00159,Junior,Permanent,2025-12-01,Project Vega,Billable,33.5
EMP00283,Director,Fixed-term,2025-12-01,Project Aurora,Billable,65.8
EMP00229,Intern,Contractor,2025-12-01,Project Aurora,Annual Leave,9.0
EMP00107,Senior Analyst,Contractor,2025-12-01,Project Zenith,Annual Leave,21.1
EMP00278,Analyst,Permanent,2025-12-01,Project Aurora,Non-Billable,95.1
EMP00298,Junior,Freelancer,2025-12-01,Project Atlas,Non-Billable,61.2
EMP00058,Manager,Freelancer,2025-12-01,Project Zenith,Non-Billable,58.4
EMP00284,Analyst,Permanent,2025-12-01,Project Falcon,Annual Leave,24.5
EMP00314,Senior Analyst,Permanent,2025-12-01,Project Atlas,Non-Billable,117.8
EMP00027,Senior Analyst,Permanent,2025-12-01,Project Titan,Non-Billable,76.2
EMP00116,Manager,Fixed-term,2025-12-01,Project Zenith,Annual Leave,38.8
EMP00173,Manager,Freelancer,2025-12-01,Project Aurora,Non-Billable,107.3
EMP00288,Junior,Permanent,2025-12-01,,Billable,34.1
EMP00111,Senior Analyst,Fixed-term,2025-12-01,Project Nova,Non-Billable,157.9
EMP00173,Manager,Freelancer,2025-12-01,Project Aurora,Annual Leave,23.2
EMP00001,Junior,Part-time,2025-12-01,Project Atlas,Non-Billable,38.7
EMP00293,Manager,Fixed-term,2025-12-01,Project Aurora,Billable,67.5
EMP00194,Analyst,Freelancer,2025-12-01,Project Vega,Billable,48.5
EMP00149,Senior Analyst,Permanent,2025-12-01,Project Falcon,Annual Leave,15.7
EMP00084,Senior Manager,Contractor,2025-12-01,Project Falcon,Annual Leave,19.3
EMP00225,Senior Analyst,Permanent,2025-12-01,Project Vega,Non-Billable,75.2
EMP00112,Intern,Permanent,2025-12-01,Project Titan,Non-Billable,99.2
EMP00205,Manager,Permanent,2025-12-01,Project Atlas,Annual Leave,25.2
EMP00243,Senior Analyst,Contractor,2025-12-01,Project Aurora,Annual Leave,10.1
EMP00327,Intern,Fixed-term,2025-12-01,Project Aurora,Annual Leave,34.2
EMP00110,Junior,Part-time,2025-12-01,Project Horizon,Billable,24.1
EMP00040,Senior Analyst,Permanent,2025-12-01,Project Zenith,Billable,41.5
EMP00250,Senior Manager,Fixed-term,2025-12-01,Project Zenith,Non-Billable,81.1
EMP00273,Junior,Fixed-term,2025-12-01,Project Falcon,Billable,115.1
EMP00154,Junior,Part-time,2025-12-01,Project Nimbus,Annual Leave,28.7
EMP00185,Junior,Part-time,2025-12-01,Project Horizon,Annual Leave,34.7
EMP00118,Senior Analyst,Fixed-term,2025-12-01,Project Atlas,Billable,28.5
EMP00203,Analyst,Contractor,2025-12-01,Project Atlas,Non-Billable,121.4
EMP00063,Junior,Permanent,2025-12-01,,Paternity Leave,36.2
EMP00306,Junior,Permanent,2025-12-01,Project Vega,Annual Leave,29.1
EMP00019,Senior Analyst,Permanent,2025-12-01,Project Zenith,Non-Billable,66.7
EMP00198,Senior Manager,Freelancer,2025-12-01,Project Atlas,Non-Billable,113.2
EMP00113,Analyst,Permanent,2025-12-01,Project Atlas,Non-Billable,160.6
EMP00320,Junior,Part-time,2025-12-01,Project Aurora,Billable,25.9
EMP00141,Junior,Fixed-term,2025-12-01,,Maternity Leave,17.1
EMP00172,Senior Analyst,Part-time,2025-12-01,Project Zenith,Non-Billable,69.2
EMP00269,Intern,Fixed-term,2025-12-01,Project Nimbus,Billable,54.6
EMP00326,Manager,Permanent,2025-12-01,Project Falcon,Annual Leave,32.5
EMP00120,Senior Analyst,Permanent,2025-12-01,Project Titan,Annual Leave,12.2
EMP00329,Analyst,Permanent,2025-12-01,Project Falcon,Annual Leave,22.6
EMP00124,Analyst,Permanent,2025-12-01,Project Atlas,Billable,72.4
EMP00199,Junior,Fixed-term,2025-12-01,Project Titan,Billable,71.9
EMP00138,Senior Analyst,Part-time,2025-12-01,Project Vega,Billable,28.4
EMP00061,Analyst,Permanent,2025-12-01,Project Horizon,Annual Leave,36.3
EMP00267,Intern,Freelancer,2025-12-01,Project Atlas,Billable,47.0
EMP00193,Intern,Freelancer,2025-12-01,Project Nimbus,Non-Billable,42.9
EMP00212,Junior,Fixed-term,2025-12-01,Project Vega,Non-Billable,93.1
EMP00293,Manager,Fixed-term,2025-12-01,Project Aurora,Non-Billable,84.1
EMP00311,Analyst,Permanent,2025-12-01,Project Nimbus,Non-Billable,150.7
EMP00263,Analyst,Part-time,2025-12-01,Project Zenith,Billable,18.5
EMP00202,Junior,Permanent,2025-12-01,Project Atlas,Billable,68.1
EMP00326,Manager,Permanent,2025-12-01,Project Falcon,Billable,63.0
EMP00300,Analyst,Fixed-term,2025-12-01,Project Nimbus,Billable,66.4
EMP00169,Analyst,Fixed-term,2025-12-01,Project Falcon,Annual Leave,16.9
EMP00302,Junior,Fixed-term,2025-12-01,Project Zenith,Annual Leave,18.9
EMP00112,Intern,Permanent,2025-12-01,Project Titan,Billable,39.1
EMP00185,Junior,Part-time,2025-12-01,Project Horizon,Billable,30.5
EMP00287,Senior Analyst,Contractor,2025-12-01,Project Aurora,Billable,42.5
EMP00034,Senior Manager,Permanent,2025-12-01,Project Atlas,Annual Leave,22.6
EMP00032,Manager,Contractor,2025-12-01,Project Atlas,Annual Leave,21.6
EMP00058,Manager,Freelancer,2025-12-01,Project Zenith,Billable,61.9
EMP00246,Manager,Part-time,2025-12-01,Project Zenith,Non-Billable,25.2
EMP00090,Director,Permanent,2025-12-01,Project Nova,Annual Leave,37.4
EMP00305,Junior,Permanent,2025-12-01,Project Nova,Annual Leave,29.5
EMP00228,Manager,Part-time,2025-12-01,Project Nimbus,Billable,47.5
EMP00115,Junior,Permanent,2025-12-01,Project Vega,Billable,35.5
EMP00184,Junior,Permanent,2025-12-01,Project Falcon,Non-Billable,69.8
EMP00291,Analyst,Fixed-term,2025-12-01,Project Horizon,Billable,72.9
EMP00256,Manager,Part-time,2025-12-01,Project Atlas,Annual Leave,23.2
EMP00294,Senior Manager,Permanent,2025-12-01,Project Nova,Non-Billable,50.6
EMP00249,Junior,Permanent,2025-12-01,Project Horizon,Non-Billable,120.1
EMP00140,Intern,Permanent,2025-12-01,Project Aurora,Annual Leave,28.6
EMP00007,Junior,Permanent,2025-12-01,Project Vega,Non-Billable,165.4
EMP00217,Analyst,Permanent,2025-12-01,Project Falcon,Non-Billable,137.0
EMP00294,Senior Manager,Permanent,2025-12-01,Project Nova,Annual Leave,16.9
EMP00122,Intern,Part-time,2025-12-01,Project Horizon,Non-Billable,71.4
EMP00151,Analyst,Fixed-term,2025-12-01,Project Vega,Annual Leave,32.8
EMP00274,Junior,Freelancer,2025-12-01,Project Titan,Annual Leave,29.9
EMP00064,Senior Analyst,Permanent,2025-12-01,Project Nimbus,Annual Leave,38.1
EMP00060,Senior Analyst,Part-time,2025-12-01,Project Horizon,Non-Billable,47.3
EMP00263,Analyst,Part-time,2025-12-01,Project Zenith,Annual Leave,39.0
EMP00175,Manager,Permanent,2025-12-01,Project Atlas,Non-Billable,74.6
EMP00204,Junior,Permanent,2025-12-01,Project Zenith,Non-Billable,78.5
EMP00024,Intern,Freelancer,2025-12-01,Project Zenith,Non-Billable,32.1
EMP00140,Intern,Permanent,2025-12-01,Project Aurora,Billable,78.5
EMP00231,Intern,Fixed-term,2025-12-01,Project Atlas,Non-Billable,96.0
EMP00223,Senior Manager,Permanent,2025-12-01,Project Titan ,Billable,122.3
EMP00273,Junior,Fixed-term,2025-12-01,Project Falcon,Non-Billable,48.0
EMP00057,Intern,Part-time,2025-12-01,Project Nova,Annual Leave,20.7
EMP00258,Senior Manager,Permanent,2025-12-01,Project Vega,Annual Leave,13.3
EMP00216,Junior,Fixed-term,2025-12-01,Project Horizon,Non-Billable,160.9
EMP00218,Analyst,Fixed-term,2025-12-01,Project Nimbus,Non-Billable,91.5
EMP00237,Senior Manager,Fixed-term,2025-12-01,Project Falcon,Non-Billable,102.1
EMP00008,Director,Permanent,2025-12-01,Project Nimbus,Annual Leave,21.0
EMP00129,Analyst,Permanent,2025-12-01,Project Atlas,Non-Billable,105.8
EMP00164,Junior,Contractor,2025-12-01,Project Nova,Annual Leave,28.5
EMP00282,Analyst,Fixed-term,2025-12-01,Project Aurora,Annual Leave,22.8
EMP00028,Analyst,Permanent,2025-12-01,Project Vega,Non-Billable,162.9
EMP00336,Manager,Freelancer,2025-12-01,,Paternity Leave,26.6
EMP00068,Junior,Freelancer,2025-12-01,Project Vega,Non-Billable,87.1
EMP00102,Analyst,Contractor,2025-12-01,Project Vega,Billable,32.1
EMP00106,Intern,Contractor,2025-12-01,Project Nova,Non-Billable,72.4
EMP00265,Intern,Permanent,2025-12-01,Project Zenith,Non-Billable,99.5
EMP00100,Junior,Freelancer,2025-12-01,Project Titan,Annual Leave,12.3
EMP00170,Analyst,Fixed-term,2025-12-01,Project Horizon,Non-Billable,148.1
EMP00292,Senior Manager,Fixed-term,2025-12-01,Project Titan,Non-Billable,82.7
EMP00048,Intern,Permanent,2025-12-01,Project Atlas,Billable,87.4
EMP00229,Intern,Contractor,2025-12-01,Project Aurora,Non-Billable,148.1
EMP00155,Junior,Permanent,2025-12-01,Project Vega,Annual Leave,30.4
EMP00152,Executive,Part-time,2025-12-01,Project Titan,Annual Leave,19.6
EMP00130,Junior,Permanent,2025-12-01,Project Nova,Annual Leave,34.1
EMP00061,Analyst,Permanent,2025-12-01,Project Horizon,Billable,59.2
EMP00033,Director,Fixed-term,2025-12-01,Project Horizon,Non-Billable,95.6
EMP00316,Analyst,Permanent,2025-12-01,Project Titan,Non-Billable,143.7
EMP00300,Analyst,Fixed-term,2025-12-01,Project Nimbus,Non-Billable,69.1
EMP00256,Manager,Part-time,2025-12-01,Project Atlas,Non-Billable,72.8
EMP00202,Junior,Permanent,2025-12-01,Project Atlas,Non-Billable,104.6
EMP00213,Senior Analyst,Permanent,2025-12-01,Project Horizon,Billable,75.0
EMP00314,Senior Analyst,Permanent,2025-12-01,Project Atlas,Annual Leave,15.1
EMP00114,Junior,Part-time,2025-12-01,Project Vega,Annual Leave,29.2
EMP00168,Junior,Permanent,2025-12-01,Project Atlas,Non-Billable,148.5
EMP00268,Senior Analyst,Permanent,2025-12-01,Project Horizon,Billable,39.1
EMP00213,Senior Analyst,Permanent,2025-12-01,Project Horizon,Non-Billable,79.8
EMP00267,Intern,Freelancer,2025-12-01,Project Atlas,Annual Leave,25.4
EMP00082,Analyst,Permanent,2025-12-01,Project Nimbus,Non-Billable,136.5
EMP00032,Manager,Contractor,2025-12-01,Project Atlas,Non-Billable,128.0
EMP00068,Junior,Freelancer,2025-12-01,Project Vega,Billable,34.5
EMP00070,Junior,Permanent,2025-12-01,Project Nimbus,Billable,62.8
EMP00226,Senior Analyst,Part-time,2025-12-01,Project Vega,Annual Leave,16.1
EMP00043,Intern,Contractor,2025-12-01,Project Falcon,Annual Leave,21.0
EMP00138,Senior Analyst,Part-time,2025-12-01,Project Vega,Annual Leave,39.5
EMP00321,Manager,Part-time,2025-12-01,Project Zenith,Billable,30.7
EMP00304,Senior Manager,Permanent,2025-12-01,Project Horizon,Non-Billable,91.3
EMP00023,Junior,Permanent,2025-12-01,Project Aurora,Billable,65.5
EMP00248,Analyst,Contractor,2025-12-01,Project Nova,Annual Leave,20.3
EMP00083,Intern,Permanent,2025-12-01,Project Nimbus,Annual Leave,23.5
EMP00287,Senior Analyst,Contractor,2025-12-01,Project Aurora,Non-Billable,89.6
EMP00327,Intern,Fixed-term,2025-12-01,Project Aurora,Non-Billable,41.4
EMP00115,Junior,Permanent,2025-12-01,Project Vega,Non-Billable,102.0
EMP00051,Senior Analyst,Contractor,2025-12-01,Project Zenith,Non-Billable,24.3
EMP00112,Intern,Permanent,2025-12-01,Project Titan,Annual Leave,14.5
EMP00278,Analyst,Permanent,2025-12-01,Project Aurora,Annual Leave,37.9
EMP00154,Junior,Part-time,2025-12-01,Project Nimbus,Non-Billable,42.3
EMP00052,Analyst,Freelancer,2025-12-01,Project Falcon,Non-Billable,37.5
EMP00014,Senior Manager,Contractor,2025-12-01,Project Horizon,Non-Billable,65.2
EMP00099,Analyst,Permanent,2025-12-01,Project Titan,Annual Leave,18.2
EMP00108,Junior,Permanent,2025-12-01,Project Titan,Billable,41.9
EMP00238,Intern,Permanent,2025-12-01,Project Nova,Billable,75.7
EMP00026,Analyst,Permanent,2025-12-01,Project Nimbus,Non-Billable,106.1
EMP00106,Intern,Contractor,2025-12-01,Project Nova,Annual Leave,13.9
EMP00110,Junior,Part-time,2025-12-01,Project Horizon,Non-Billable,51.2
EMP00004,Manager,Permanent,2025-12-01,Project Nimbus,Billable,30.6
EMP00020,Senior Manager,Permanent,2025-12-01,Project Horizon,Billable,72.1
EMP00040,Senior Analyst,Permanent,2025-12-01,Project Zenith,Annual Leave,19.7
EMP00261,Analyst,Part-time,2025-12-01,Project Titan,Annual Leave,17.1
EMP00120,Senior Analyst,Permanent,2025-12-01,Project Titan,Billable,59.8
EMP00288,Junior,Permanent,2025-12-01,Project Zenith,Non-Billable,92.2
EMP00101,Manager,Permanent,2025-12-01,Project Zenith,Annual Leave,36.4
EMP00286,Analyst,Fixed-term,2025-12-01,Project Nimbus,Non-Billable,67.2
EMP00132,Junior,Fixed-term,2025-12-01,Project Nimbus,Non-Billable,133.8
EMP00310,Senior Analyst,Fixed-term,2025-12-01,Project Atlas,Non-Billable,149.3
EMP00334,Senior Analyst,Permanent,2025-12-01,Project Horizon,Annual Leave,12.0
EMP00224,Senior Manager,Fixed-term,2025-12-01,Project Falcon,Annual Leave,12.6
EMP00099,Analyst,Permanent,2025-12-01,Project Titan,Billable,34.9
EMP00271,Senior Analyst,Permanent,2025-12-01,Project Aurora,Annual Leave,14.0
EMP00298,Junior,Freelancer,2025-12-01,Project Atlas,Billable,43.9
EMP00296,Manager,Freelancer,2025-12-01,Project Nimbus,Non-Billable,23.1
EMP00199,Junior,Fixed-term,2025-12-01,Project Titan,Annual Leave,26.6
EMP00161,Intern,Contractor,2025-12-01,Project Nova,Billable,47.0
EMP00078,Analyst,Contractor,2025-12-01,Project Aurora,Non-Billable,79.2
EMP00142,Analyst,Permanent,2025-12-01,Project Falcon,Annual Leave,28.3
EMP00127,Analyst,Freelancer,2025-12-01,Project Nova,Non-Billable,54.8
EMP00012,Analyst,Fixed-term,2025-12-01,Project Nimbus,Annual Leave,11.9
EMP00119,Senior Analyst,Part-time,2025-12-01,,Maternity Leave,19.8
EMP00126,Senior Manager,Part-time,2025-12-01,Project Vega,Annual Leave,27.6
EMP00006,Analyst,Contractor,2025-12-01,Project Zenith,Billable,47.2
EMP00203,Analyst,Contractor,2025-12-01,Project Atlas,Annual Leave,33.6
EMP00005,Intern,Permanent,2025-12-01,Project Zenith,Non-Billable,111.2
EMP00014,Senior Manager,Contractor,2025-12-01,Project Horizon,Billable,58.0
EMP00182,Analyst,Permanent,2025-12-01,Project Nimbus,Non-Billable,78.0
EMP00178,Intern,Permanent,2025-12-01,Project Nova,Annual Leave,38.5
EMP00197,Junior,Permanent,2025-12-01,Project Falcon,Billable,86.8
EMP00258,Senior Manager,Permanent,2025-12-01,Project Vega,Billable,83.1
EMP00104,Junior,Permanent,2025-12-01,Project Falcon,Non-Billable,74.9
EMP00108,Junior,Permanent,2025-12-01,Project Titan,Non-Billable,100.7
EMP00011,Executive,Permanent,2025-12-01,Project Falcon,Billable,60.7
EMP00041,Intern,Permanent,2025-12-01,Project Vega,Annual Leave,18.9
EMP00146,Analyst,Permanent,2025-12-01,Project Aurora,Annual Leave,20.4
EMP00020,Senior Manager,Permanent,2025-12-01,Project Horizon,Non-Billable,85.2
EMP00178,Intern,Permanent,2025-12-01,Project Nova,Non-Billable,119.2
EMP00019,Senior Analyst,Permanent,2025-12-01,Project Zenith,Billable,82.8
EMP00043,Intern,Contractor,2025-12-01,Project Falcon,Non-Billable,69.0
EMP00040,Senior Analyst,Permanent,2025-12-01,Project Zenith,Non-Billable,101.2
EMP00077,Senior Analyst,Fixed-term,2025-12-01,Project Horizon,Annual Leave,39.4
EMP00047,Senior Analyst,Part-time,2025-12-01,Project Zenith,Non-Billable,56.1
EMP00028,Analyst,Permanent,2025-12-01,Project Vega,Annual Leave,16.8
EMP00118,Senior Analyst,Fixed-term,2025-12-01,Project Atlas,Annual Leave,29.9
EMP00074,Junior,Permanent,2025-12-01,Project Horizon,Billable,71.9
EMP00132,Junior,Fixed-term,2025-12-01,Project Nimbus,Annual Leave,27.6
EMP00235,Analyst,Fixed-term,2025-12-01,Project Falcon,Non-Billable,92.3
EMP00225,Senior Analyst,Permanent,2025-12-01,Project Vega,Billable,51.8
EMP00272,Senior Analyst,Contractor,2025-12-01,Project Zenith,Billable,59.1
EMP00200,Senior Manager,Fixed-term,2025-12-01,Project Vega,Annual Leave,8.1
EMP00290,Analyst,Permanent,2025-12-01,Project Nimbus,Annual Leave,39.2
EMP00073,Intern,Part-time,2025-12-01,Project Horizon,Annual Leave,30.3
EMP00240,Senior Analyst,Permanent,2025-12-01,Project Titan,Non-Billable,45.6
EMP00108,Junior,Permanent,2025-12-01,Project Titan,Annual Leave,25.1
EMP00147,Senior Analyst,Fixed-term,2025-12-01,Project Horizon,Non-Billable,77.3
EMP00295,Junior,Part-time,2025-12-01,Project Zenith,Annual Leave,23.4
EMP00281,Analyst,Permanent,2025-12-01,Project Falcon,Non-Billable,91.9
EMP00338,Intern,Contractor,2025-12-01,Project Nova,Non-Billable,76.0
EMP00275,Junior,Part-time,2025-12-01,Project Atlas,Billable,20.8
EMP00194,Analyst,Freelancer,2025-12-01,Project Vega,Non-Billable,52.5
EMP00021,Senior Analyst,Fixed-term,2025-12-01,Project Horizon,Non-Billable,43.7
EMP00335,Senior Analyst,Permanent,2025-12-01,Project Falcon,Non-Billable,83.4
EMP00010,Intern,Permanent,2025-12-01,Project Atlas,Annual Leave,17.4
EMP00024,Intern,Freelancer,2025-12-01,Project Zenith,Billable,78.7
EMP00312,Analyst,Fixed-term,2025-12-01,Project Atlas,Billable,109.2
EMP00255,Analyst,Freelancer,2025-12-01,Project Nova,Non-Billable,78.9
EMP00154,Junior,Part-time,2025-12-01,Project Nimbus,Billable,25.8
EMP00119,Senior Analyst,Part-time,2025-12-01,Project Horizon,Billable,21.2
EMP00284,Analyst,Permanent,2025-12-01,Project Falcon,Billable,112.0
EMP00018,Manager,Fixed-term,2025-12-01,Project Horizon,Non-Billable,100.9
EMP00337,Senior Manager,Permanent,2025-12-01,Project Falcon,Non-Billable,170.1
EMP00042,Junior,Permanent,2025-12-01,Project Zenith,Non-Billable,23.9
EMP00215,Junior,Contractor,2025-12-01,Project Zenith,Billable,57.7
EMP00260,Analyst,Contractor,2025-12-01,Project Nimbus,Non-Billable,80.3
EMP00121,Senior Analyst,Contractor,2025-12-01,Project Nimbus,Non-Billable,135.0
EMP00339,Manager,Contractor,2025-12-01,Project Nova,Annual Leave,36.0
EMP00168,Junior,Permanent,2025-12-01,Project Atlas,Annual Leave,39.3
EMP00330,Senior Analyst,Part-time,2025-12-01,Project Nimbus,Annual Leave,37.9
EMP00015,Manager,Freelancer,2025-12-01,Project Aurora,Non-Billable,68.6
EMP00102,Analyst,Contractor,2025-12-01,Project Vega,Non-Billable,96.0
EMP00285,Analyst,Fixed-term,2025-12-01,Project Aurora,Annual Leave,38.2
EMP00066,Senior Analyst,Permanent,2025-12-01,Project Falcon,Annual Leave,14.5
EMP00117,Intern,Fixed-term,2025-12-01,Project Horizon,Non-Billable,96.2
EMP00070,Junior,Permanent,2025-12-01,Project Nimbus,Annual Leave,28.2
EMP00282,Analyst,Fixed-term,2025-12-01,Project Aurora,Non-Billable,87.8
EMP00235,Analyst,Fixed-term,2025-12-01,Project Falcon,Annual Leave,38.3
EMP00117,Intern,Fixed-term,2025-12-01,Project Horizon,Annual Leave,14.5
EMP00226,Senior Analyst,Part-time,2025-12-01,Project Vega,Non-Billable,57.3
EMP00017,Analyst,Permanent,2025-12-01,Project Atlas,Non-Billable,152.7
EMP00273,Junior,Fixed-term,2025-12-01,Project Falcon,Annual Leave,11.9
EMP00107,Senior Analyst,Contractor,2025-12-01,Project Zenith,Billable,68.9
EMP00286,Analyst,Fixed-term,2025-12-01,Project Nimbus,Annual Leave,27.0
EMP00095,Junior,Fixed-term,2025-12-01,Project Vega,Billable,59.2
EMP00056,Analyst,Permanent,2025-12-01,Project Aurora,Non-Billable,72.4
EMP00207,Analyst,Part-time,2025-12-01,Project Nova,Billable,28.1
EMP00045,Analyst,Fixed-term,2025-12-01,Project Atlas,Billable,58.3
EMP00009,Manager,Freelancer,2025-12-01,Project Nova,Annual Leave,38.8
EMP00284,Analyst,Permanent,2025-12-01,Project Falcon,Non-Billable,42.1
EMP00252,Intern,Part-time,2025-12-01,Project Titan,Annual Leave,14.5
EMP00328,Analyst,Permanent,2025-12-01,Project Falcon,Billable,86.9
EMP00036,Senior Manager,Permanent,2025-12-01,Project Nimbus,Annual Leave,34.1
EMP00201,Analyst,Permanent,2025-12-01,Project Falcon,Annual Leave,11.5
EMP00269,Intern,Fixed-term,2025-12-01,Project Nimbus,Annual Leave,22.6
EMP00005,Intern,Permanent,2025-12-01,Project Zenith,Annual Leave,24.8
EMP00301,Analyst,Freelancer,2025-12-01,Project Vega,Billable,43.7
EMP00234,Analyst,Permanent,2025-12-01,Project Vega,Annual Leave,12.2
EMP00328,Analyst,Permanent,2025-12-01,Project Falcon,Annual Leave,12.3
EMP00249,Junior,Permanent,2025-12-01,Project Horizon,Billable,40.8
EMP00045,Analyst,Fixed-term,2025-12-01,Project Atlas,Non-Billable,87.3
EMP00227,Junior,Fixed-term,2025-12-01,Project Atlas,Annual Leave,16.1
EMP00320,Junior,Part-time,2025-12-01,Project Aurora,Annual Leave,31.1
EMP00182,Analyst,Permanent,2025-12-01,Project Nimbus,Billable,68.2
EMP00333,Analyst,Permanent,2025-12-01,Project Zenith,Non-Billable,137.0
EMP00278,Analyst,Permanent,2025-12-01,Project Aurora,Billable,33.6
EMP00171,Analyst,Permanent,2025-12-01,,Maternity Leave,24.1
EMP00205,Manager,Permanent,2025-12-01,Project Atlas,Non-Billable,132.6
EMP00098,Intern,Fixed-term,2025-12-01,Project Atlas,Billable,111.8
EMP00170,Analyst,Fixed-term,2025-12-01,Project Horizon,Annual Leave,18.8
EMP00312,Analyst,Fixed-term,2025-12-01,Project Atlas,Non-Billable,38.2
EMP00030,Manager,Permanent,2025-12-01,Project Aurora,Non-Billable,99.7
EMP00035,Manager,Permanent,2025-12-01,Project Aurora,Billable,71.4
EMP00147,Senior Analyst,Fixed-term,2025-12-01,Project Horizon,Billable,60.3
EMP00192,Junior,Fixed-term,2025-12-01,Project Aurora,Non-Billable,121.7
EMP00102,Analyst,Contractor,2025-12-01,Project Vega,Annual Leave,10.6
EMP00339,Manager,Contractor,2025-12-01,Project Nova,Non-Billable,113.6
EMP00332,Senior Analyst,Permanent,2025-12-01,Project Falcon,Billable,60.1
EMP00125,Senior Analyst,Fixed-term,2025-12-01,Project Titan,Billable,29.0
EMP00181,Intern,Permanent,2025-12-01,Project Zenith,Billable,63.6
EMP00270,Senior Analyst,Contractor,2025-12-01,Project Nimbus,Annual Leave,37.9
EMP00181,Intern,Permanent,2025-12-01,Project Zenith,Non-Billable,74.9
EMP00184,Junior,Permanent,2025-12-01,Project Falcon,Annual Leave,24.4
EMP00318,Junior,Contractor,2025-12-01,Project Nimbus,Non-Billable,116.3
EMP00153,Analyst,Part-time,2025-12-01,Project Zenith,Billable,17.0
EMP00326,Manager,Permanent,2025-12-01,Project Falcon,Non-Billable,84.9
EMP00127,Analyst,Freelancer,2025-12-01,Project Nova,Billable,46.8
EMP00061,Analyst,Permanent,2025-12-01,Project Horizon,Non-Billable,73.5
EMP00086,Senior Analyst,Part-time,2025-12-01,Project Falcon,Non-Billable,38.0
EMP00319,Analyst,Permanent,2025-12-01,Project Titan,Annual Leave,14.2
EMP00161,Intern,Contractor,2025-12-01,Project Nova,Annual Leave,25.3
EMP00053,Senior Analyst,Permanent,2025-12-01,Project Nimbus,Annual Leave,22.6
EMP00016,Junior,Permanent,2025-12-01,Project Horizon,Annual Leave,9.9
EMP00051,Senior Analyst,Contractor,2025-12-01,Project Zenith,Annual Leave,12.2
EMP00243,Senior Analyst,Contractor,2025-12-01,Project Aurora,Non-Billable,97.7
EMP00318,Junior,Contractor,2025-12-01,Project Nimbus,Annual Leave,34.7
EMP00013,Analyst,Part-time,2025-12-01,Project Atlas,Non-Billable,34.1
EMP00289,Junior,Fixed-term,2025-12-01,Project Nova,Annual Leave,37.0
EMP00237,Senior Manager,Fixed-term,2025-12-01,Project Falcon,Billable,37.1
EMP00029,Manager,Permanent,2025-12-01,Project Nimbus,Non-Billable,93.3
EMP00008,Director,Permanent,2025-12-01,Project Nimbus,Non-Billable,74.3
EMP00030,Manager,Permanent,2025-12-01,Project Aurora,Billable,71.5
EMP00302,Junior,Fixed-term,2025-12-01,Project Zenith,Non-Billable,142.8
EMP00085,Junior,Permanent,2025-12-01,Project Horizon,Annual Leave,15.2
EMP00212,Junior,Fixed-term,2025-12-01,Project Vega,Billable,55.5
EMP00035,Manager,Permanent,2025-12-01,Project Aurora,Non-Billable,76.4
EMP00182,Analyst,Permanent,2025-12-01,Project Nimbus,Annual Leave,14.1
EMP00090,Director,Permanent,2025-12-01,Project Nova,Non-Billable,70.2
EMP00208,Analyst,Permanent,2025-12-01,Project Nimbus,Annual Leave,21.8
EMP00160,Junior,Contractor,2025-12-01,Project Atlas,Annual Leave,12.0
EMP00026,Analyst,Permanent,2025-12-01,Project Nimbus,Annual Leave,29.7
EMP00126,Senior Manager,Part-time,2025-12-01,Project Vega,Billable,38.3
EMP00265,Intern,Permanent,2025-12-01,Project Zenith,Billable,38.5
EMP00085,Junior,Permanent,2025-12-01,Project Horizon,Non-Billable,101.4
EMP00230,Analyst,Part-time,2025-12-01,Project Titan,Non-Billable,62.2
EMP00116,Manager,Fixed-term,2025-12-01,Project Zenith,Non-Billable,60.2
EMP00270,Senior Analyst,Contractor,2025-12-01,Project Nimbus,Billable,60.2
EMP00052,Analyst,Freelancer,2025-12-01,Project Falcon,Annual Leave,33.8
EMP00298,Junior,Freelancer,2025-12-01,Project Atlas,Annual Leave,27.1
EMP00204,Junior,Permanent,2025-12-01,Project Zenith,Billable,84.2
EMP00002,Senior Analyst,Permanent,2025-12-01,Project Nimbus,Billable,87.4
EMP00259,Manager,Freelancer,2025-12-01,Project Horizon,Billable,39.0
EMP00285,Analyst,Fixed-term,2025-12-01,Project Aurora,Non-Billable,135.8
EMP00059,Manager,Fixed-term,2025-12-01,Project Titan,Billable,37.6
EMP00299,Senior Analyst,Fixed-term,2025-12-01,Project Nova,Billable,46.9
EMP00090,Director,Permanent,2025-12-01,Project Nova,Billable,60.7
EMP00059,Manager,Fixed-term,2025-12-01,Project Titan,Non-Billable,93.4
EMP00310,Senior Analyst,Fixed-term,2025-12-01,Project Atlas,Annual Leave,28.9
EMP00005,Intern,Permanent,2025-12-01,Project Zenith,Billable,37.5
EMP00130,Junior,Permanent,2025-12-01,Project Nova,Billable,34.0
EMP00321,Manager,Part-time,2025-12-01,Project Zenith,Annual Leave,11.2
EMP00058,Manager,Freelancer,2025-12-01,Project Zenith,Annual Leave,12.8
EMP00251,Director,Fixed-term,2025-12-01,Project Falcon,Annual Leave,10.9
EMP00329,Analyst,Permanent,2025-12-01,Project Falcon,Billable,55.8
EMP00103,Director,Fixed-term,2025-12-01,Project Nova,Non-Billable,44.6
EMP00050,Manager,Freelancer,2025-12-01,Project Vega,Annual Leave,36.8
EMP00031,Manager,Contractor,2025-12-01,Project Nimbus,Non-Billable,61.5
EMP00333,Analyst,Permanent,2025-12-01,Project Zenith,Annual Leave,27.1
EMP00063,Junior,Permanent,2025-12-01,Project Falcon,Billable,72.3
EMP00274,Junior,Freelancer,2025-12-01,Project Titan,Billable,37.3
EMP00212,Junior,Fixed-term,2025-12-01,Project Vega,Annual Leave,24.9
EMP00201,Analyst,Permanent,2025-12-01,Project Falcon,Non-Billable,117.6
EMP00312,Analyst,Fixed-term,2025-12-01,Project Atlas,Annual Leave,21.7
EMP00307,Analyst,Part-time,2025-12-01,Project Horizon,Billable,15.6
EMP00268,Senior Analyst,Permanent,2025-12-01,Project Horizon,Non-Billable,102.6
EMP00305,Junior,Permanent,2025-12-01,Project Nova,Non-Billable,131.9
EMP00013,Analyst,Part-time,2025-12-01,Project Atlas,Billable,37.3
EMP00286,Analyst,Fixed-term,2025-12-01,Project Nimbus,Billable,69.1
EMP00072,Senior Analyst,Permanent,2025-12-01,Project Titan,Annual Leave,35.6
EMP00078,Analyst,Contractor,2025-12-01,Project Aurora,Annual Leave,18.5
EMP00314,Senior Analyst,Permanent,2025-12-01,Project Atlas,Billable,43.4
EMP00086,Senior Analyst,Part-time,2025-12-01,Project Falcon,Annual Leave,37.4
EMP00276,Senior Analyst,Fixed-term,2025-12-01,Project Zenith,Billable,31.0
EMP00086,Senior Analyst,Part-time,2025-12-01,Project Falcon,Billable,12.5
EMP00201,Analyst,Permanent,2025-12-01,Project Falcon,Billable,39.3
EMP00016,Junior,Permanent,2025-12-01,Project Horizon,Billable,76.8
EMP00140,Intern,Permanent,2025-12-01,Project Aurora,Non-Billable,61.0
EMP00161,Intern,Contractor,2025-12-01,Project Nova,Non-Billable,74.5
EMP00033,Director,Fixed-term,2025-12-01,Project Horizon,Annual Leave,27.2
EMP00171,Analyst,Permanent,2025-12-01,Project Zenith,Non-Billable,69.2
EMP00263,Analyst,Part-time,2025-12-01,Project Zenith,Non-Billable,34.9
EMP00288,Junior,Permanent,2025-12-01,Project Zenith,Annual Leave,33.2
EMP00240,Senior Analyst,Permanent,2025-12-01,Project Titan,Billable,99.7
EMP00323,Analyst,Permanent,2025-12-01,Project Titan,Non-Billable,74.9
EMP00239,Analyst,Freelancer,2025-12-01,Project Vega,Billable,79.1
EMP00160,Junior,Contractor,2025-12-01,Project Atlas,Non-Billable,17.4
EMP00311,Analyst,Permanent,2025-12-01,Project Nimbus,Annual Leave,15.3
EMP00056,Analyst,Permanent,2025-12-01,Project Aurora,Annual Leave,38.7
EMP00228,Manager,Part-time,2025-12-01,Project Nimbus,Annual Leave,31.3
EMP00270,Senior Analyst,Contractor,2025-12-01,Project Nimbus,Non-Billable,60.3
EMP00087,Analyst,Contractor,2025-12-01,Project Atlas,Non-Billable,71.2
EMP00335,Senior Analyst,Permanent,2025-12-01,Project Falcon,Billable,70.8
EMP00080,Analyst,Part-time,2025-12-01,Project Nova,Billable,43.0
EMP00012,Analyst,Fixed-term,2025-12-01,Project Nimbus,Non-Billable,125.0
EMP00239,Analyst,Freelancer,2025-12-01,Project Vega,Annual Leave,35.5
EMP00239,Analyst,Freelancer,2025-12-01,Project Vega,Non-Billable,19.3
EMP00139,Intern,Permanent,2025-12-01,Project Titan,Non-Billable,142.6
EMP00116,Manager,Fixed-term,2025-12-01,Project Zenith,Billable,79.2
EMP00241,Analyst,Permanent,2025-12-01,Project Titan,Non-Billable,69.5
EMP00231,Intern,Fixed-term,2025-12-01,Project Atlas,Annual Leave,32.5
EMP00083,Intern,Permanent,2025-12-01,Project Nimbus,Non-Billable,76.2
EMP00327,Intern,Fixed-term,2025-12-01,Project Aurora,Billable,86.5
EMP00079,Manager,Permanent,2025-12-01,Project Horizon,Annual Leave,9.0
EMP00014,Senior Manager,Contractor,2025-12-01,Project Horizon,Annual Leave,21.7
EMP00052,Analyst,Freelancer,2025-12-01,Project Falcon,Billable,45.8
EMP00087,Analyst,Contractor,2025-12-01,Project Atlas,Billable,52.2
EMP00200,Senior Manager,Fixed-term,2025-12-01,Project Vega,Non-Billable,105.0
EMP00262,Analyst,Permanent,2025-12-01,Project Vega,Non-Billable,150.5
EMP00259,Manager,Freelancer,2025-12-01,Project Horizon,Non-Billable,66.4
EMP00149,Senior Analyst,Permanent,2025-12-01,Project Falcon,Non-Billable,170.5
EMP00130,Junior,Permanent,2025-12-01,Project Nova,Non-Billable,93.0
EMP00043,Intern,Contractor,2025-12-01,Project Falcon,Billable,59.6
EMP00024,Intern,Freelancer,2025-12-01,Project Zenith,Annual Leave,27.2
EMP00251,Director,Fixed-term,2025-12-01,Project Falcon,Non-Billable,75.8
EMP00054,Senior Analyst,Fixed-term,2025-12-01,Project Titan,Annual Leave,33.7
EMP00135,Senior Analyst,Fixed-term,2025-12-01,Project Horizon,Billable,87.2
EMP00336,Manager,Freelancer,2025-12-01,Project Titan,Non-Billable,74.1
EMP00001,Junior,Part-time,2025-12-01,Project Atlas,Billable,36.6
EMP00217,Analyst,Permanent,2025-12-01,Project Falcon,Annual Leave,38.9
EMP00235,Analyst,Fixed-term,2025-12-01,Project Falcon,Billable,34.3
EMP00045,Analyst,Fixed-term,2025-12-01,Project Atlas,Annual Leave,34.9
EMP00128,Manager,Fixed-term,2025-12-01,Project Vega,Annual Leave,23.7
EMP00269,Intern,Fixed-term,2025-12-01,Project Nimbus,Non-Billable,81.9
EMP00079,Manager,Permanent,2025-12-01,Project Horizon,Non-Billable,64.7
EMP00009,Manager,Freelancer,2025-12-01,Project Nova,Billable,58.3
EMP00167,Junior,Permanent,2025-12-01,Project Nimbus,Non-Billable,143.7
EMP00023,Junior,Permanent,2025-12-01,Project Aurora,Annual Leave,30.1
EMP00119,Senior Analyst,Part-time,2025-12-01,Project Horizon,Non-Billable,56.9
EMP00299,Senior Analyst,Fixed-term,2025-12-01,Project Nova,Annual Leave,23.7
EMP00204,Junior,Permanent,2025-12-01,Project Zenith,Annual Leave,13.4
EMP00133,Analyst,Freelancer,2025-12-01,Project Zenith,Non-Billable,97.2
EMP00258,Senior Manager,Permanent,2025-12-01,Project Vega,Non-Billable,71.9
EMP00091,Senior Analyst,Permanent,2025-12-01,Project Nova,Billable,33.2
EMP00265,Intern,Permanent,2025-12-01,Project Zenith,Annual Leave,25.8
EMP00276,Senior Analyst,Fixed-term,2025-12-01,Project Zenith,Non-Billable,97.1
EMP00276,Senior Analyst,Fixed-term,2025-12-01,Project Zenith,Annual Leave,35.8
EMP00081,Manager,Fixed-term,2025-12-01,Project Aurora,Non-Billable,77.0
EMP00248,Analyst,Contractor,2025-12-01,Project Nova,Non-Billable,73.1
EMP00159,Junior,Permanent,2025-12-01,Project Vega,Non-Billable,100.3
EMP00274,Junior,Freelancer,2025-12-01,Project Titan,Non-Billable,58.4
EMP00323,Analyst,Permanent,2025-12-01,Project Titan,Billable,76.9
EMP00027,Senior Analyst,Permanent,2025-12-01,Project Titan,Annual Leave,16.7
EMP00251,Director,Fixed-term,2025-12-01,Project Falcon,Billable,88.4
EMP00080,Analyst,Part-time,2025-12-01,Project Nova,Annual Leave,21.7
EMP00177,Analyst,Contractor,2025-12-01,Project Falcon,Billable,63.7
EMP00147,Senior Analyst,Fixed-term,2025-12-01,Project Horizon,Annual Leave,36.3
EMP00267,Intern,Freelancer,2025-12-01,Project Atlas,Non-Billable,54.6
EMP00292,Senior Manager,Fixed-term,2025-12-01,Project Titan,Billable,71.6
EMP00094,Senior Analyst,Contractor,2025-12-01,Project Vega,Annual Leave,25.2
EMP00255,Analyst,Freelancer,2025-12-01,,Maternity Leave,13.0
EMP00309,Manager,Permanent,2025-12-01,Project Nova,Annual Leave,23.7
EMP00224,Senior Manager,Fixed-term,2025-12-01,Project Falcon,Non-Billable,149.8
EMP00036,Senior Manager,Permanent,2025-12-01,Project Nimbus,Non-Billable,66.6
EMP00075,Analyst,Permanent,2025-12-01,Project Atlas,Non-Billable,137.4
EMP00077,Senior Analyst,Fixed-term,2025-12-01,Project Horizon,Non-Billable,120.7
EMP00155,Junior,Permanent,2025-12-01,Project Vega,Billable,65.2
EMP00124,Analyst,Permanent,2025-12-01,Project Atlas,Non-Billable,54.7
EMP00015,Manager,Freelancer,2025-12-01,Project Aurora,Annual Leave,26.8
EMP00330,Senior Analyst,Part-time,2025-12-01,Project Nimbus,Non-Billable,41.7
EMP00118,Senior Analyst,Fixed-term,2025-12-01,Project Atlas,Non-Billable,105.9
EMP00084,Senior Manager,Contractor,2025-12-01,Project Falcon,Non-Billable,145.7
EMP00338,Intern,Contractor,2025-12-01,Project Nova,Billable,64.4
EMP00094,Senior Analyst,Contractor,2025-12-01,Project Vega,Billable,57.6
EMP00081,Manager,Fixed-term,2025-12-01,Project Aurora,Billable,77.4
EMP00110,Junior,Part-time,2025-12-01,Project Horizon,Annual Leave,24.4
EMP00007,Junior,Permanent,2025-12-01,Project Vega,Annual Leave,24.6
EMP00095,Junior,Fixed-term,2025-12-01,Project Vega,Non-Billable,88.5
EMP00175,Manager,Permanent,2025-12-01,Project Atlas,Billable,79.3
EMP00067,Manager,Part-time,2025-12-01,Project Vega,Non-Billable,91.7
EMP00223,Senior Manager,Permanent,2025-12-01,Project Titan,Annual Leave,13.5
EMP00309,Manager,Permanent,2025-12-01,Project Nova,Non-Billable,124.7
EMP00074,Junior,Permanent,2025-12-01,Project Horizon,Annual Leave,9.0
EMP00135,Senior Analyst,Fixed-term,2025-12-01,Project Horizon,Annual Leave,23.4
EMP00249,Junior,Permanent,2025-12-01,Project Horizon,Annual Leave,10.1
EMP00008,Director,Permanent,2025-12-01,Project Nimbus,Billable,63.3
EMP00139,Intern,Permanent,2025-12-01,Project Titan,Annual Leave,19.1
EMP00223,Senior Manager,Permanent,2025-12-01,Project Titan,Non-Billable,22.3
EMP00083,Intern,Permanent,2025-12-01,Project Nimbus,Billable,69.2
EMP00072,Senior Analyst,Permanent,2025-12-01,Project Titan,Non-Billable,143.3
EMP00081,Manager,Fixed-term,2025-12-01,Project Aurora,Annual Leave,19.4
EMP00088,Analyst,Contractor,2025-12-01,Project Nova,Non-Billable,106.9
EMP00065,Director,Fixed-term,2025-12-01,Project Aurora,Annual Leave,16.2
EMP00218,Analyst,Fixed-term,2025-12-01,Project Nimbus,Billable,55.0
EMP00159,Junior,Permanent,2025-12-01,Project Vega,Annual Leave,33.0
EMP00242,Intern,Permanent,2025-12-01,Project Nova,Annual Leave,26.7
EMP00074,Junior,Permanent,2025-12-01,Project Horizon,Non-Billable,84.0
EMP00002,Senior Analyst,Permanent,2025-12-01,Project Nimbus,Non-Billable,56.8
EMP00226,Senior Analyst,Part-time,2025-12-01,Project Vega,Billable,20.2
EMP00029,Manager,Permanent,2025-12-01,Project Nimbus,Annual Leave,39.2
EMP00004,Manager,Permanent,2025-12-01,Project Nimbus,Non-Billable,123.2
EMP00148,Junior,Permanent,2025-12-01,Project Nova,Billable,63.3
EMP00053,Senior Analyst,Permanent,2025-12-01,Project Nimbus,Non-Billable,75.4
EMP00015,Manager,Freelancer,2025-12-01,Project Aurora,Billable,38.0
EMP00242,Intern,Permanent,2025-12-01,Project Nova,Billable,68.6
EMP00071,Analyst,Fixed-term,2025-12-01,Project Nimbus,Non-Billable,158.4
EMP00242,Intern,Permanent,2025-12-01,Project Nova,Non-Billable,65.8
EMP00100,Junior,Freelancer,2025-12-01,Project Titan,Non-Billable,124.2
EMP00315,Director,Permanent,2025-12-01,Project Horizon,Non-Billable,93.0
EMP00004,Manager,Permanent,2025-12-01,Project Nimbus,Annual Leave,25.6
EMP00129,Analyst,Permanent,2025-12-01,Project Atlas,Annual Leave,12.1
EMP00101,Manager,Permanent,2025-12-01,Project Zenith,Non-Billable,128.0
EMP00060,Senior Analyst,Part-time,2025-12-01,Project Horizon,Billable,12.6
EMP00228,Manager,Part-time,2025-12-01,Project Nimbus,Non-Billable,13.6
EMP00025,Senior Analyst,Contractor,2025-12-01,Project Titan,Non-Billable,69.5
EMP00141,Junior,Fixed-term,2025-12-01,Project Aurora,Non-Billable,76.7
EMP00167,Junior,Permanent,2025-12-01,Project Nimbus,Annual Leave,26.8
EMP00096,Senior Analyst,Contractor,2025-12-01,Project Zenith,Annual Leave,14.4
EMP00104,Junior,Permanent,2025-12-01,Project Falcon,Billable,63.9
EMP00245,Senior Analyst,Fixed-term,2025-12-01,Project Falcon,Annual Leave,23.5
EMP00225,Senior Analyst,Permanent,2025-12-01,Project Vega,Annual Leave,32.3
EMP00332,Senior Analyst,Permanent,2025-12-01,Project Falcon,Annual Leave,23.4
EMP00062,Senior Analyst,Permanent,2025-12-01,Project Nova,Annual Leave,13.4
EMP00218,Analyst,Fixed-term,2025-12-01,Project Nimbus,Annual Leave,22.2
EMP00290,Analyst,Permanent,2025-12-01,Project Nimbus,Non-Billable,123.3
EMP00185,Junior,Part-time,2025-12-01,Project Horizon,Non-Billable,33.0
EMP00031,Manager,Contractor,2025-12-01,Project Nimbus,Billable,72.0
EMP00238,Intern,Permanent,2025-12-01,Project Nova,Non-Billable,77.3
EMP00091,Senior Analyst,Permanent,2025-12-01,Project Nova,Non-Billable,111.5
EMP00337,Senior Manager,Permanent,2025-12-01,Project Falcon,Annual Leave,14.9
EMP00027,Senior Analyst,Permanent,2025-12-01,Project Titan,Billable,73.1
EMP00021,Senior Analyst,Fixed-term,2025-12-01,Project Horizon,Annual Leave,38.2
EMP00152,Executive,Part-time,2025-12-01,Project Titan,Non-Billable,13.0
EMP00019,Senior Analyst,Permanent,2025-12-01,Project Zenith,Annual Leave,11.6
EMP00338,Intern,Contractor,2025-12-01,Project Nova,Annual Leave,10.5
EMP00164,Junior,Contractor,2025-12-01,Project Nova,Non-Billable,116.4
EMP00094,Senior Analyst,Contractor,2025-12-01,Project Vega,Non-Billable,62.5
EMP00231,Intern,Fixed-term,2025-12-01,Project Atlas,Billable,32.1
EMP00259,Manager,Freelancer,2025-12-01,Project Horizon,Annual Leave,27.1
EMP00059,Manager,Fixed-term,2025-12-01,Project Titan,Annual Leave,33.7
EMP00281,Analyst,Permanent,2025-12-01,Project Falcon,Billable,74.0
EMP00206,Senior Analyst,Part-time,2025-12-01,Project Nimbus,Annual Leave,32.7
EMP00012,Analyst,Fixed-term,2025-12-01,Project Nimbus,Billable,37.2
EMP00010,Intern,Permanent,2025-12-01,Project Atlas,Non-Billable,64.1
EMP00070,Junior,Permanent,2025-12-01,Project Nimbus,Non-Billable,80.7
EMP00091,Senior Analyst,Permanent,2025-12-01,Project Nova,Annual Leave,22.1
EMP00291,Analyst,Fixed-term,2025-12-01,Project Horizon,Annual Leave,23.1
EMP00294,Senior Manager,Permanent,2025-12-01,Project Nova,Billable,96.9
EMP00106,Intern,Contractor,2025-12-01,Project Nova,Billable,64.3
EMP00051,Senior Analyst,Contractor,2025-12-01,Project Zenith,Billable,126.9
EMP00194,Analyst,Freelancer,2025-12-01,Project Vega,Annual Leave,25.9
EMP00179,Analyst,Part-time,2025-12-01,Project Nimbus,Annual Leave,27.0
EMP00068,Junior,Freelancer,2025-12-01,Project Vega,Annual Leave,8.2
EMP00128,Manager,Fixed-term,2025-12-01,Project Vega,Non-Billable,79.7
EMP00010,Intern,Permanent,2025-12-01,Project Atlas,Billable,79.2
EMP00107,Senior Analyst,Contractor,2025-12-01,Project Zenith,Non-Billable,58.9
EMP00138,Senior Analyst,Part-time,2025-12-01,Project Vega,Non-Billable,30.6
EMP00060,Senior Analyst,Part-time,2025-12-01,Project Horizon,Annual Leave,28.8
EMP00197,Junior,Permanent,2025-12-01,Project Falcon,Non-Billable,83.4
EMP00331,Senior Analyst,Permanent,2025-12-01,Project Aurora,Annual Leave,31.1
EMP00301,Analyst,Freelancer,2025-12-01,Project Vega,Annual Leave,36.8
EMP00240,Senior Analyst,Permanent,2025-12-01,Project Titan,Annual Leave,12.9
EMP00321,Manager,Part-time,2025-12-01,Project Zenith,Non-Billable,53.9
EMP00011,Executive,Permanent,2025-12-01,Project Falcon,Annual Leave,11.2
EMP00175,Manager,Permanent,2025-12-01,Project Atlas,Annual Leave,8.7
EMP00163,Senior Analyst,Part-time,2025-12-01,Project Aurora,Non-Billable,75.9
EMP00156,Analyst,Freelancer,2025-12-01,Project Atlas,Annual Leave,9.4
EMP00245,Senior Analyst,Fixed-term,2025-12-01,Project Falcon,Non-Billable,29.6
EMP00322,Senior Analyst,Part-time,2025-12-01,Project Vega,Billable,35.4
EMP00135,Senior Analyst,Fixed-term,2025-12-01,Project Horizon,Non-Billable,60.2
EMP00031,Manager,Contractor,2025-12-01,Project Nimbus,Annual Leave,15.7
EMP00289,Junior,Fixed-term,2025-12-01,Project Nova,Non-Billable,114.4
EMP00195,Junior,Permanent,2025-12-01,Project Titan,Non-Billable,102.6
EMP00272,Senior Analyst,Contractor,2025-12-01,Project Zenith,Annual Leave,22.3
EMP00215,Junior,Contractor,2025-12-01,Project Zenith,Annual Leave,22.0
EMP00018,Manager,Fixed-term,2025-12-01,Project Horizon,Billable,57.8
EMP00237,Senior Manager,Fixed-term,2025-12-01,Project Falcon,Annual Leave,36.8
EMP00172,Senior Analyst,Part-time,2025-12-01,Project Zenith,Annual Leave,28.5
EMP00282,Analyst,Fixed-term,2025-12-01,Project Aurora,Billable,65.5
EMP00306,Junior,Permanent,2025-12-01,Project Vega,Non-Billable,138.6
EMP00244,Senior Analyst,Permanent,2025-12-01,Project Nimbus,Annual Leave,25.2
EMP00234,Analyst,Permanent,2025-12-01,Project Vega,Non-Billable,111.4
EMP00292,Senior Manager,Fixed-term,2025-12-01,Project Titan,Annual Leave,18.7
EMP00062,Senior Analyst,Permanent,2025-12-01,Project Nova,Non-Billable,106.7
EMP00222,Senior Analyst,Permanent,2025-12-01,Project Vega,Non-Billable,137.6
EMP00250,Senior Manager,Fixed-term,2025-12-01,Project Zenith,Annual Leave,11.7
EMP00067,Manager,Part-time,2025-12-01,Project Vega,Annual Leave,8.9
EMP00021,Senior Analyst,Fixed-term,2025-12-01,Project Horizon,Billable,86.6
EMP00207,Analyst,Part-time,2025-12-01,Project Nova,Non-Billable,43.2
EMP00087,Analyst,Contractor,2025-12-01,Project Atlas,Annual Leave,29.7
EMP00128,Manager,Fixed-term,2025-12-01,Project Vega,Billable,62.9
EMP00023,Junior,Permanent,2025-12-01,Project Aurora,Non-Billable,78.2
EMP00080,Analyst,Part-time,2025-12-01,Project Nova,Non-Billable,28.7
EMP00246,Manager,Part-time,2025-12-01,Project Zenith,Billable,55.4
EMP00227,Junior,Fixed-term,2025-12-01,Project Atlas,Non-Billable,85.7
EMP00133,Analyst,Freelancer,2025-12-01,Project Zenith,Billable,37.0
EMP00036,Senior Manager,Permanent,2025-12-01,Project Nimbus,Billable,83.9
EMP00156,Analyst,Freelancer,2025-12-01,Project Atlas,Non-Billable,75.2
EMP00250,Senior Manager,Fixed-term,2025-12-01,Project Zenith,Billable,58.4
EMP00268,Senior Analyst,Permanent,2025-12-01,Project Horizon,Annual Leave,31.9
EMP00296,Manager,Freelancer,2025-12-01,Project Nimbus,Annual Leave,28.8
EMP00320,Junior,Part-time,2025-12-01,Project Aurora,Non-Billable,42.9
EMP00146,Analyst,Permanent,2025-12-01,Project Aurora,Non-Billable,40.6
EMP00088,Analyst,Contractor,2025-12-01,Project Nova,Annual Leave,37.8
EMP00141,Junior,Fixed-term,2025-12-01,Project Aurora,Billable,73.3
EMP00078,Analyst,Contractor,2025-12-01,Project Aurora,Billable,55.9
EMP00151,Analyst,Fixed-term,2025-12-01,Project Vega,Non-Billable,59.9
EMP00048,Intern,Permanent,2025-12-01,,Maternity Leave,35.6
EMP00198,Senior Manager,Freelancer,2025-12-01,Project Atlas,Annual Leave,16.5
EMP00017,Analyst,Permanent,2025-12-01,Project Atlas,Annual Leave,18.4
EMP00073,Intern,Part-time,2025-12-01,Project Horizon,Billable,25.6
EMP00071,Analyst,Fixed-term,2025-12-01,Project Nimbus,Annual Leave,10.7
EMP00262,Analyst,Permanent,2025-12-01,Project Vega,Annual Leave,20.3
EMP00062,Senior Analyst,Permanent,2025-12-01,Project Nova,Billable,47.4
EMP00057,Intern,Part-time,2025-12-01,Project Nova,Non-Billable,75.4
EMP00098,Intern,Fixed-term,2025-12-01,Project Atlas,Non-Billable,30.3
EMP00018,Manager,Fixed-term,2025-12-01,Project Horizon,Annual Leave,12.0
EMP00050,Manager,Freelancer,2025-12-01,Project Vega,Non-Billable,91.7
EMP00202,Junior,Permanent,2025-12-01,Project Atlas,Annual Leave,13.2
EMP00160,Junior,Contractor,2025-12-01,PROJECT ATLAS,Billable,99.8
EMP00042,Junior,Permanent,2025-12-01,Project Zenith,Billable,126.2
EMP00179,Analyst,Part-time,2025-12-01,Project Nimbus,Billable,29.2
EMP00271,Senior Analyst,Permanent,2025-12-01,Project Aurora,Non-Billable,161.1
EMP00291,Analyst,Fixed-term,2025-12-01,Project Horizon,Non-Billable,93.3
EMP00330,Senior Analyst,Part-time,2025-12-01,Project Nimbus,Billable,18.8
EMP00156,Analyst,Freelancer,2025-12-01,Project Atlas,Billable,57.4
EMP00075,Analyst,Permanent,2025-12-01,Project Atlas,Annual Leave,29.0
EMP00324,Junior,Permanent,2025-12-01,Project Falcon,Billable,29.1
EMP00029,Manager,Permanent,2025-12-01,Project Nimbus,Billable,34.4
EMP00053,Senior Analyst,Permanent,2025-12-01,Project Nimbus,Billable,71.0
EMP00064,Senior Analyst,Permanent,2025-12-01,Project Nimbus,Billable,101.9
EMP00146,Analyst,Permanent,2025-12-01,Project Aurora,Billable,97.1
EMP00300,Analyst,Fixed-term,2025-12-01,Project Nimbus,Annual Leave,38.9
EMP00192,Junior,Fixed-term,2025-12-01,Project Aurora,Annual Leave,39.1
EMP00002,Senior Analyst,Permanent,2025-12-01,Project Nimbus,Annual Leave,39.7
EMP00054,Senior Analyst,Fixed-term,2025-12-01,Project Titan,Non-Billable,78.7
EMP00085,Junior,Permanent,2025-12-01,Project Horizon,Billable,67.0
EMP00322,Senior Analyst,Part-time,2025-12-01,Project Vega,Non-Billable,55.5
EMP00248,Analyst,Contractor,2025-12-01,Project Nova,Billable,62.5
EMP00334,Senior Analyst,Permanent,2025-12-01,Project Horizon,Non-Billable,157.8
EMP00329,Analyst,Permanent,2025-12-01,Project Falcon,Non-Billable,87.6
EMP00304,Senior Manager,Permanent,2025-12-01,Project Horizon,Billable,54.4